sequence_id,view_id,amass_npz,subject_range,subject_lateral,radar_height,native_frames,mocap_rate_hz,duration_s,estimated_windows
view0__BMLmovi__Subject_11_F_MoSh__Subject_11_F_10,view0,/bigdata/users/quansj/datasets/Doppler/wilddoppler/legacy/datasets/AMASS_SMPLX_2022/BMLmovi/Subject_11_F_MoSh/Subject_11_F_10_stageii.npz,4.0,0.0,1.0,473,120.0,3.933333333333333,6
view0__BMLmovi__Subject_11_F_MoSh__Subject_11_F_11,view0,/bigdata/users/quansj/datasets/Doppler/wilddoppler/legacy/datasets/AMASS_SMPLX_2022/BMLmovi/Subject_11_F_MoSh/Subject_11_F_11_stageii.npz,4.0,0.0,1.0,553,120.0,4.6,8
view0__BMLmovi__Subject_11_F_MoSh__Subject_11_F_12,view0,/bigdata/users/quansj/datasets/Doppler/wilddoppler/legacy/datasets/AMASS_SMPLX_2022/BMLmovi/Subject_11_F_MoSh/Subject_11_F_12_stageii.npz,4.0,0.0,1.0,381,120.0,3.1666666666666665,5
view0__BMLmovi__Subject_11_F_MoSh__Subject_11_F_13,view0,/bigdata/users/quansj/datasets/Doppler/wilddoppler/legacy/datasets/AMASS_SMPLX_2022/BMLmovi/Subject_11_F_MoSh/Subject_11_F_13_stageii.npz,4.0,0.0,1.0,1729,120.0,14.4,27
view0__BMLmovi__Subject_11_F_MoSh__Subject_11_F_14,view0,/bigdata/users/quansj/datasets/Doppler/wilddoppler/legacy/datasets/AMASS_SMPLX_2022/BMLmovi/Subject_11_F_MoSh/Subject_11_F_14_stageii.npz,4.0,0.0,1.0,489,120.0,4.066666666666666,7
view0__BMLmovi__Subject_11_F_MoSh__Subject_11_F_15,view0,/bigdata/users/quansj/datasets/Doppler/wilddoppler/legacy/datasets/AMASS_SMPLX_2022/BMLmovi/Subject_11_F_MoSh/Subject_11_F_15_stageii.npz,4.0,0.0,1.0,261,120.0,2.1666666666666665,3
view0__BMLmovi__Subject_11_F_MoSh__Subject_11_F_16,view0,/bigdata/users/quansj/datasets/Doppler/wilddoppler/legacy/datasets/AMASS_SMPLX_2022/BMLmovi/Subject_11_F_MoSh/Subject_11_F_16_stageii.npz,4.0,0.0,1.0,1761,120.0,14.666666666666666,28
view0__BMLmovi__Subject_11_F_MoSh__Subject_11_F_18,view0,/bigdata/users/quansj/datasets/Doppler/wilddoppler/legacy/datasets/AMASS_SMPLX_2022/BMLmovi/Subject_11_F_MoSh/Subject_11_F_18_stageii.npz,4.0,0.0,1.0,433,120.0,3.6,6
view0__BMLmovi__Subject_11_F_MoSh__Subject_11_F_19,view0,/bigdata/users/quansj/datasets/Doppler/wilddoppler/legacy/datasets/AMASS_SMPLX_2022/BMLmovi/Subject_11_F_MoSh/Subject_11_F_19_stageii.npz,4.0,0.0,1.0,1681,120.0,14.0,27
view0__BMLmovi__Subject_11_F_MoSh__Subject_11_F_1,view0,/bigdata/users/quansj/datasets/Doppler/wilddoppler/legacy/datasets/AMASS_SMPLX_2022/BMLmovi/Subject_11_F_MoSh/Subject_11_F_1_stageii.npz,4.0,0.0,1.0,613,120.0,5.1,9
view0__BMLmovi__Subject_11_F_MoSh__Subject_11_F_20,view0,/bigdata/users/quansj/datasets/Doppler/wilddoppler/legacy/datasets/AMASS_SMPLX_2022/BMLmovi/Subject_11_F_MoSh/Subject_11_F_20_stageii.npz,4.0,0.0,1.0,1001,120.0,8.333333333333334,15
view0__BMLmovi__Subject_11_F_MoSh__Subject_11_F_21,view0,/bigdata/users/quansj/datasets/Doppler/wilddoppler/legacy/datasets/AMASS_SMPLX_2022/BMLmovi/Subject_11_F_MoSh/Subject_11_F_21_stageii.npz,4.0,0.0,1.0,2117,120.0,17.633333333333333,34
view0__BMLmovi__Subject_11_F_MoSh__Subject_11_F_2,view0,/bigdata/users/quansj/datasets/Doppler/wilddoppler/legacy/datasets/AMASS_SMPLX_2022/BMLmovi/Subject_11_F_MoSh/Subject_11_F_2_stageii.npz,4.0,0.0,1.0,337,120.0,2.8,4
view0__BMLmovi__Subject_11_F_MoSh__Subject_11_F_4,view0,/bigdata/users/quansj/datasets/Doppler/wilddoppler/legacy/datasets/AMASS_SMPLX_2022/BMLmovi/Subject_11_F_MoSh/Subject_11_F_4_stageii.npz,4.0,0.0,1.0,513,120.0,4.266666666666667,7
view0__BMLmovi__Subject_11_F_MoSh__Subject_11_F_5,view0,/bigdata/users/quansj/datasets/Doppler/wilddoppler/legacy/datasets/AMASS_SMPLX_2022/BMLmovi/Subject_11_F_MoSh/Subject_11_F_5_stageii.npz,4.0,0.0,1.0,553,120.0,4.6,8
view0__BMLmovi__Subject_11_F_MoSh__Subject_11_F_6,view0,/bigdata/users/quansj/datasets/Doppler/wilddoppler/legacy/datasets/AMASS_SMPLX_2022/BMLmovi/Subject_11_F_MoSh/Subject_11_F_6_stageii.npz,4.0,0.0,1.0,473,120.0,3.933333333333333,6
view0__BMLmovi__Subject_11_F_MoSh__Subject_11_F_7,view0,/bigdata/users/quansj/datasets/Doppler/wilddoppler/legacy/datasets/AMASS_SMPLX_2022/BMLmovi/Subject_11_F_MoSh/Subject_11_F_7_stageii.npz,4.0,0.0,1.0,289,120.0,2.4,3
view0__BMLmovi__Subject_11_F_MoSh__Subject_11_F_8,view0,/bigdata/users/quansj/datasets/Doppler/wilddoppler/legacy/datasets/AMASS_SMPLX_2022/BMLmovi/Subject_11_F_MoSh/Subject_11_F_8_stageii.npz,4.0,0.0,1.0,497,120.0,4.133333333333334,7
view0__BMLmovi__Subject_11_F_MoSh__Subject_11_F_9,view0,/bigdata/users/quansj/datasets/Doppler/wilddoppler/legacy/datasets/AMASS_SMPLX_2022/BMLmovi/Subject_11_F_MoSh/Subject_11_F_9_stageii.npz,4.0,0.0,1.0,737,120.0,6.133333333333334,11
view0__BMLmovi__Subject_12_F_MoSh__Subject_12_F_11,view0,/bigdata/users/quansj/datasets/Doppler/wilddoppler/legacy/datasets/AMASS_SMPLX_2022/BMLmovi/Subject_12_F_MoSh/Subject_12_F_11_stageii.npz,4.0,0.0,1.0,1369,120.0,11.4,21
view0__BMLmovi__Subject_12_F_MoSh__Subject_12_F_12,view0,/bigdata/users/quansj/datasets/Doppler/wilddoppler/legacy/datasets/AMASS_SMPLX_2022/BMLmovi/Subject_12_F_MoSh/Subject_12_F_12_stageii.npz,4.0,0.0,1.0,369,120.0,3.066666666666667,5
view0__BMLmovi__Subject_12_F_MoSh__Subject_12_F_13,view0,/bigdata/users/quansj/datasets/Doppler/wilddoppler/legacy/datasets/AMASS_SMPLX_2022/BMLmovi/Subject_12_F_MoSh/Subject_12_F_13_stageii.npz,4.0,0.0,1.0,321,120.0,2.6666666666666665,4
view0__BMLmovi__Subject_12_F_MoSh__Subject_12_F_14,view0,/bigdata/users/quansj/datasets/Doppler/wilddoppler/legacy/datasets/AMASS_SMPLX_2022/BMLmovi/Subject_12_F_MoSh/Subject_12_F_14_stageii.npz,4.0,0.0,1.0,425,120.0,3.533333333333333,6
view0__BMLmovi__Subject_12_F_MoSh__Subject_12_F_15,view0,/bigdata/users/quansj/datasets/Doppler/wilddoppler/legacy/datasets/AMASS_SMPLX_2022/BMLmovi/Subject_12_F_MoSh/Subject_12_F_15_stageii.npz,4.0,0.0,1.0,817,120.0,6.8,12
view0__BMLmovi__Subject_12_F_MoSh__Subject_12_F_16,view0,/bigdata/users/quansj/datasets/Doppler/wilddoppler/legacy/datasets/AMASS_SMPLX_2022/BMLmovi/Subject_12_F_MoSh/Subject_12_F_16_stageii.npz,4.0,0.0,1.0,417,120.0,3.466666666666667,5
view0__BMLmovi__Subject_12_F_MoSh__Subject_12_F_17,view0,/bigdata/users/quansj/datasets/Doppler/wilddoppler/legacy/datasets/AMASS_SMPLX_2022/BMLmovi/Subject_12_F_MoSh/Subject_12_F_17_stageii.npz,4.0,0.0,1.0,361,120.0,3.0,5
view0__BMLmovi__Subject_12_F_MoSh__Subject_12_F_18,view0,/bigdata/users/quansj/datasets/Doppler/wilddoppler/legacy/datasets/AMASS_SMPLX_2022/BMLmovi/Subject_12_F_MoSh/Subject_12_F_18_stageii.npz,4.0,0.0,1.0,529,120.0,4.4,7
view0__BMLmovi__Subject_12_F_MoSh__Subject_12_F_19,view0,/bigdata/users/quansj/datasets/Doppler/wilddoppler/legacy/datasets/AMASS_SMPLX_2022/BMLmovi/Subject_12_F_MoSh/Subject_12_F_19_stageii.npz,4.0,0.0,1.0,709,120.0,5.9,10
view0__BMLmovi__Subject_12_F_MoSh__Subject_12_F_1,view0,/bigdata/users/quansj/datasets/Doppler/wilddoppler/legacy/datasets/AMASS_SMPLX_2022/BMLmovi/Subject_12_F_MoSh/Subject_12_F_1_stageii.npz,4.0,0.0,1.0,1317,120.0,10.966666666666667,20
view0__BMLmovi__Subject_12_F_MoSh__Subject_12_F_20,view0,/bigdata/users/quansj/datasets/Doppler/wilddoppler/legacy/datasets/AMASS_SMPLX_2022/BMLmovi/Subject_12_F_MoSh/Subject_12_F_20_stageii.npz,4.0,0.0,1.0,217,120.0,1.8,2
view0__BMLmovi__Subject_12_F_MoSh__Subject_12_F_21,view0,/bigdata/users/quansj/datasets/Doppler/wilddoppler/legacy/datasets/AMASS_SMPLX_2022/BMLmovi/Subject_12_F_MoSh/Subject_12_F_21_stageii.npz,4.0,0.0,1.0,621,120.0,5.166666666666667,9
view0__BMLmovi__Subject_12_F_MoSh__Subject_12_F_2,view0,/bigdata/users/quansj/datasets/Doppler/wilddoppler/legacy/datasets/AMASS_SMPLX_2022/BMLmovi/Subject_12_F_MoSh/Subject_12_F_2_stageii.npz,4.0,0.0,1.0,2001,120.0,16.666666666666668,32
view0__BMLmovi__Subject_12_F_MoSh__Subject_12_F_3,view0,/bigdata/users/quansj/datasets/Doppler/wilddoppler/legacy/datasets/AMASS_SMPLX_2022/BMLmovi/Subject_12_F_MoSh/Subject_12_F_3_stageii.npz,4.0,0.0,1.0,1305,120.0,10.866666666666667,20
view0__BMLmovi__Subject_12_F_MoSh__Subject_12_F_4,view0,/bigdata/users/quansj/datasets/Doppler/wilddoppler/legacy/datasets/AMASS_SMPLX_2022/BMLmovi/Subject_12_F_MoSh/Subject_12_F_4_stageii.npz,4.0,0.0,1.0,437,120.0,3.6333333333333333,6
view0__BMLmovi__Subject_12_F_MoSh__Subject_12_F_5,view0,/bigdata/users/quansj/datasets/Doppler/wilddoppler/legacy/datasets/AMASS_SMPLX_2022/BMLmovi/Subject_12_F_MoSh/Subject_12_F_5_stageii.npz,4.0,0.0,1.0,457,120.0,3.8,6
view0__BMLmovi__Subject_12_F_MoSh__Subject_12_F_6,view0,/bigdata/users/quansj/datasets/Doppler/wilddoppler/legacy/datasets/AMASS_SMPLX_2022/BMLmovi/Subject_12_F_MoSh/Subject_12_F_6_stageii.npz,4.0,0.0,1.0,541,120.0,4.5,8
view0__BMLmovi__Subject_12_F_MoSh__Subject_12_F_7,view0,/bigdata/users/quansj/datasets/Doppler/wilddoppler/legacy/datasets/AMASS_SMPLX_2022/BMLmovi/Subject_12_F_MoSh/Subject_12_F_7_stageii.npz,4.0,0.0,1.0,1957,120.0,16.3,31
view0__BMLmovi__Subject_12_F_MoSh__Subject_12_F_8,view0,/bigdata/users/quansj/datasets/Doppler/wilddoppler/legacy/datasets/AMASS_SMPLX_2022/BMLmovi/Subject_12_F_MoSh/Subject_12_F_8_stageii.npz,4.0,0.0,1.0,381,120.0,3.1666666666666665,5
view0__BMLmovi__Subject_12_F_MoSh__Subject_12_F_9,view0,/bigdata/users/quansj/datasets/Doppler/wilddoppler/legacy/datasets/AMASS_SMPLX_2022/BMLmovi/Subject_12_F_MoSh/Subject_12_F_9_stageii.npz,4.0,0.0,1.0,561,120.0,4.666666666666667,8
view0__BMLmovi__Subject_13_F_MoSh__Subject_13_F_10,view0,/bigdata/users/quansj/datasets/Doppler/wilddoppler/legacy/datasets/AMASS_SMPLX_2022/BMLmovi/Subject_13_F_MoSh/Subject_13_F_10_stageii.npz,4.0,0.0,1.0,521,120.0,4.333333333333333,7
view0__BMLmovi__Subject_13_F_MoSh__Subject_13_F_11,view0,/bigdata/users/quansj/datasets/Doppler/wilddoppler/legacy/datasets/AMASS_SMPLX_2022/BMLmovi/Subject_13_F_MoSh/Subject_13_F_11_stageii.npz,4.0,0.0,1.0,653,120.0,5.433333333333334,9
view0__BMLmovi__Subject_13_F_MoSh__Subject_13_F_12,view0,/bigdata/users/quansj/datasets/Doppler/wilddoppler/legacy/datasets/AMASS_SMPLX_2022/BMLmovi/Subject_13_F_MoSh/Subject_13_F_12_stageii.npz,4.0,0.0,1.0,1509,120.0,12.566666666666666,24
view0__BMLmovi__Subject_13_F_MoSh__Subject_13_F_13,view0,/bigdata/users/quansj/datasets/Doppler/wilddoppler/legacy/datasets/AMASS_SMPLX_2022/BMLmovi/Subject_13_F_MoSh/Subject_13_F_13_stageii.npz,4.0,0.0,1.0,645,120.0,5.366666666666666,9
view0__BMLmovi__Subject_13_F_MoSh__Subject_13_F_14,view0,/bigdata/users/quansj/datasets/Doppler/wilddoppler/legacy/datasets/AMASS_SMPLX_2022/BMLmovi/Subject_13_F_MoSh/Subject_13_F_14_stageii.npz,4.0,0.0,1.0,445,120.0,3.7,6
view0__BMLmovi__Subject_13_F_MoSh__Subject_13_F_15,view0,/bigdata/users/quansj/datasets/Doppler/wilddoppler/legacy/datasets/AMASS_SMPLX_2022/BMLmovi/Subject_13_F_MoSh/Subject_13_F_15_stageii.npz,4.0,0.0,1.0,433,120.0,3.6,6
view0__BMLmovi__Subject_13_F_MoSh__Subject_13_F_16,view0,/bigdata/users/quansj/datasets/Doppler/wilddoppler/legacy/datasets/AMASS_SMPLX_2022/BMLmovi/Subject_13_F_MoSh/Subject_13_F_16_stageii.npz,4.0,0.0,1.0,673,120.0,5.6,10
view0__BMLmovi__Subject_13_F_MoSh__Subject_13_F_17,view0,/bigdata/users/quansj/datasets/Doppler/wilddoppler/legacy/datasets/AMASS_SMPLX_2022/BMLmovi/Subject_13_F_MoSh/Subject_13_F_17_stageii.npz,4.0,0.0,1.0,529,120.0,4.4,7
view0__BMLmovi__Subject_13_F_MoSh__Subject_13_F_18,view0,/bigdata/users/quansj/datasets/Doppler/wilddoppler/legacy/datasets/AMASS_SMPLX_2022/BMLmovi/Subject_13_F_MoSh/Subject_13_F_18_stageii.npz,4.0,0.0,1.0,525,120.0,4.366666666666666,7
view0__BMLmovi__Subject_13_F_MoSh__Subject_13_F_19,view0,/bigdata/users/quansj/datasets/Doppler/wilddoppler/legacy/datasets/AMASS_SMPLX_2022/BMLmovi/Subject_13_F_MoSh/Subject_13_F_19_stageii.npz,4.0,0.0,1.0,565,120.0,4.7,8
view0__BMLmovi__Subject_13_F_MoSh__Subject_13_F_1,view0,/bigdata/users/quansj/datasets/Doppler/wilddoppler/legacy/datasets/AMASS_SMPLX_2022/BMLmovi/Subject_13_F_MoSh/Subject_13_F_1_stageii.npz,4.0,0.0,1.0,809,120.0,6.733333333333333,12
view0__BMLmovi__Subject_13_F_MoSh__Subject_13_F_20,view0,/bigdata/users/quansj/datasets/Doppler/wilddoppler/legacy/datasets/AMASS_SMPLX_2022/BMLmovi/Subject_13_F_MoSh/Subject_13_F_20_stageii.npz,4.0,0.0,1.0,489,120.0,4.066666666666666,7
view0__BMLmovi__Subject_13_F_MoSh__Subject_13_F_21,view0,/bigdata/users/quansj/datasets/Doppler/wilddoppler/legacy/datasets/AMASS_SMPLX_2022/BMLmovi/Subject_13_F_MoSh/Subject_13_F_21_stageii.npz,4.0,0.0,1.0,797,120.0,6.633333333333334,12
view0__BMLmovi__Subject_13_F_MoSh__Subject_13_F_2,view0,/bigdata/users/quansj/datasets/Doppler/wilddoppler/legacy/datasets/AMASS_SMPLX_2022/BMLmovi/Subject_13_F_MoSh/Subject_13_F_2_stageii.npz,4.0,0.0,1.0,1397,120.0,11.633333333333333,22
view0__BMLmovi__Subject_13_F_MoSh__Subject_13_F_3,view0,/bigdata/users/quansj/datasets/Doppler/wilddoppler/legacy/datasets/AMASS_SMPLX_2022/BMLmovi/Subject_13_F_MoSh/Subject_13_F_3_stageii.npz,4.0,0.0,1.0,1097,120.0,9.133333333333333,17
view0__BMLmovi__Subject_13_F_MoSh__Subject_13_F_4,view0,/bigdata/users/quansj/datasets/Doppler/wilddoppler/legacy/datasets/AMASS_SMPLX_2022/BMLmovi/Subject_13_F_MoSh/Subject_13_F_4_stageii.npz,4.0,0.0,1.0,825,120.0,6.866666666666666,12
view0__BMLmovi__Subject_13_F_MoSh__Subject_13_F_5,view0,/bigdata/users/quansj/datasets/Doppler/wilddoppler/legacy/datasets/AMASS_SMPLX_2022/BMLmovi/Subject_13_F_MoSh/Subject_13_F_5_stageii.npz,4.0,0.0,1.0,965,120.0,8.033333333333333,15
view0__BMLmovi__Subject_13_F_MoSh__Subject_13_F_6,view0,/bigdata/users/quansj/datasets/Doppler/wilddoppler/legacy/datasets/AMASS_SMPLX_2022/BMLmovi/Subject_13_F_MoSh/Subject_13_F_6_stageii.npz,4.0,0.0,1.0,553,120.0,4.6,8
view0__BMLmovi__Subject_13_F_MoSh__Subject_13_F_7,view0,/bigdata/users/quansj/datasets/Doppler/wilddoppler/legacy/datasets/AMASS_SMPLX_2022/BMLmovi/Subject_13_F_MoSh/Subject_13_F_7_stageii.npz,4.0,0.0,1.0,693,120.0,5.766666666666667,10
view0__BMLmovi__Subject_13_F_MoSh__Subject_13_F_8,view0,/bigdata/users/quansj/datasets/Doppler/wilddoppler/legacy/datasets/AMASS_SMPLX_2022/BMLmovi/Subject_13_F_MoSh/Subject_13_F_8_stageii.npz,4.0,0.0,1.0,737,120.0,6.133333333333334,11
view0__BMLmovi__Subject_13_F_MoSh__Subject_13_F_9,view0,/bigdata/users/quansj/datasets/Doppler/wilddoppler/legacy/datasets/AMASS_SMPLX_2022/BMLmovi/Subject_13_F_MoSh/Subject_13_F_9_stageii.npz,4.0,0.0,1.0,913,120.0,7.6,14
view0__BMLmovi__Subject_14_F_MoSh__Subject_14_F_10,view0,/bigdata/users/quansj/datasets/Doppler/wilddoppler/legacy/datasets/AMASS_SMPLX_2022/BMLmovi/Subject_14_F_MoSh/Subject_14_F_10_stageii.npz,4.0,0.0,1.0,1193,120.0,9.933333333333334,18
view0__BMLmovi__Subject_14_F_MoSh__Subject_14_F_11,view0,/bigdata/users/quansj/datasets/Doppler/wilddoppler/legacy/datasets/AMASS_SMPLX_2022/BMLmovi/Subject_14_F_MoSh/Subject_14_F_11_stageii.npz,4.0,0.0,1.0,1053,120.0,8.766666666666667,16
view0__BMLmovi__Subject_14_F_MoSh__Subject_14_F_12,view0,/bigdata/users/quansj/datasets/Doppler/wilddoppler/legacy/datasets/AMASS_SMPLX_2022/BMLmovi/Subject_14_F_MoSh/Subject_14_F_12_stageii.npz,4.0,0.0,1.0,1501,120.0,12.5,24
view0__BMLmovi__Subject_14_F_MoSh__Subject_14_F_13,view0,/bigdata/users/quansj/datasets/Doppler/wilddoppler/legacy/datasets/AMASS_SMPLX_2022/BMLmovi/Subject_14_F_MoSh/Subject_14_F_13_stageii.npz,4.0,0.0,1.0,469,120.0,3.9,6
view0__BMLmovi__Subject_14_F_MoSh__Subject_14_F_14,view0,/bigdata/users/quansj/datasets/Doppler/wilddoppler/legacy/datasets/AMASS_SMPLX_2022/BMLmovi/Subject_14_F_MoSh/Subject_14_F_14_stageii.npz,4.0,0.0,1.0,537,120.0,4.466666666666667,7
view0__BMLmovi__Subject_14_F_MoSh__Subject_14_F_15,view0,/bigdata/users/quansj/datasets/Doppler/wilddoppler/legacy/datasets/AMASS_SMPLX_2022/BMLmovi/Subject_14_F_MoSh/Subject_14_F_15_stageii.npz,4.0,0.0,1.0,469,120.0,3.9,6
view0__BMLmovi__Subject_14_F_MoSh__Subject_14_F_16,view0,/bigdata/users/quansj/datasets/Doppler/wilddoppler/legacy/datasets/AMASS_SMPLX_2022/BMLmovi/Subject_14_F_MoSh/Subject_14_F_16_stageii.npz,4.0,0.0,1.0,397,120.0,3.3,5
view0__BMLmovi__Subject_14_F_MoSh__Subject_14_F_17,view0,/bigdata/users/quansj/datasets/Doppler/wilddoppler/legacy/datasets/AMASS_SMPLX_2022/BMLmovi/Subject_14_F_MoSh/Subject_14_F_17_stageii.npz,4.0,0.0,1.0,421,120.0,3.5,6
view0__BMLmovi__Subject_14_F_MoSh__Subject_14_F_18,view0,/bigdata/users/quansj/datasets/Doppler/wilddoppler/legacy/datasets/AMASS_SMPLX_2022/BMLmovi/Subject_14_F_MoSh/Subject_14_F_18_stageii.npz,4.0,0.0,1.0,389,120.0,3.2333333333333334,5
view0__BMLmovi__Subject_14_F_MoSh__Subject_14_F_19,view0,/bigdata/users/quansj/datasets/Doppler/wilddoppler/legacy/datasets/AMASS_SMPLX_2022/BMLmovi/Subject_14_F_MoSh/Subject_14_F_19_stageii.npz,4.0,0.0,1.0,529,120.0,4.4,7
view0__BMLmovi__Subject_14_F_MoSh__Subject_14_F_1,view0,/bigdata/users/quansj/datasets/Doppler/wilddoppler/legacy/datasets/AMASS_SMPLX_2022/BMLmovi/Subject_14_F_MoSh/Subject_14_F_1_stageii.npz,4.0,0.0,1.0,393,120.0,3.2666666666666666,5
view0__BMLmovi__Subject_14_F_MoSh__Subject_14_F_20,view0,/bigdata/users/quansj/datasets/Doppler/wilddoppler/legacy/datasets/AMASS_SMPLX_2022/BMLmovi/Subject_14_F_MoSh/Subject_14_F_20_stageii.npz,4.0,0.0,1.0,613,120.0,5.1,9
view0__BMLmovi__Subject_14_F_MoSh__Subject_14_F_21,view0,/bigdata/users/quansj/datasets/Doppler/wilddoppler/legacy/datasets/AMASS_SMPLX_2022/BMLmovi/Subject_14_F_MoSh/Subject_14_F_21_stageii.npz,4.0,0.0,1.0,1201,120.0,10.0,19
view0__BMLmovi__Subject_14_F_MoSh__Subject_14_F_2,view0,/bigdata/users/quansj/datasets/Doppler/wilddoppler/legacy/datasets/AMASS_SMPLX_2022/BMLmovi/Subject_14_F_MoSh/Subject_14_F_2_stageii.npz,4.0,0.0,1.0,373,120.0,3.1,5
view0__BMLmovi__Subject_14_F_MoSh__Subject_14_F_3,view0,/bigdata/users/quansj/datasets/Doppler/wilddoppler/legacy/datasets/AMASS_SMPLX_2022/BMLmovi/Subject_14_F_MoSh/Subject_14_F_3_stageii.npz,4.0,0.0,1.0,389,120.0,3.2333333333333334,5
view0__BMLmovi__Subject_14_F_MoSh__Subject_14_F_4,view0,/bigdata/users/quansj/datasets/Doppler/wilddoppler/legacy/datasets/AMASS_SMPLX_2022/BMLmovi/Subject_14_F_MoSh/Subject_14_F_4_stageii.npz,4.0,0.0,1.0,453,120.0,3.7666666666666666,6
view0__BMLmovi__Subject_14_F_MoSh__Subject_14_F_5,view0,/bigdata/users/quansj/datasets/Doppler/wilddoppler/legacy/datasets/AMASS_SMPLX_2022/BMLmovi/Subject_14_F_MoSh/Subject_14_F_5_stageii.npz,4.0,0.0,1.0,885,120.0,7.366666666666666,13
view0__BMLmovi__Subject_14_F_MoSh__Subject_14_F_6,view0,/bigdata/users/quansj/datasets/Doppler/wilddoppler/legacy/datasets/AMASS_SMPLX_2022/BMLmovi/Subject_14_F_MoSh/Subject_14_F_6_stageii.npz,4.0,0.0,1.0,349,120.0,2.9,4
view0__BMLmovi__Subject_14_F_MoSh__Subject_14_F_7,view0,/bigdata/users/quansj/datasets/Doppler/wilddoppler/legacy/datasets/AMASS_SMPLX_2022/BMLmovi/Subject_14_F_MoSh/Subject_14_F_7_stageii.npz,4.0,0.0,1.0,393,120.0,3.2666666666666666,5
view0__BMLmovi__Subject_14_F_MoSh__Subject_14_F_8,view0,/bigdata/users/quansj/datasets/Doppler/wilddoppler/legacy/datasets/AMASS_SMPLX_2022/BMLmovi/Subject_14_F_MoSh/Subject_14_F_8_stageii.npz,4.0,0.0,1.0,245,120.0,2.033333333333333,3
view0__BMLmovi__Subject_14_F_MoSh__Subject_14_F_9,view0,/bigdata/users/quansj/datasets/Doppler/wilddoppler/legacy/datasets/AMASS_SMPLX_2022/BMLmovi/Subject_14_F_MoSh/Subject_14_F_9_stageii.npz,4.0,0.0,1.0,733,120.0,6.1,11
view0__BMLmovi__Subject_15_F_MoSh__Subject_15_F_10,view0,/bigdata/users/quansj/datasets/Doppler/wilddoppler/legacy/datasets/AMASS_SMPLX_2022/BMLmovi/Subject_15_F_MoSh/Subject_15_F_10_stageii.npz,4.0,0.0,1.0,501,120.0,4.166666666666667,7
view0__BMLmovi__Subject_15_F_MoSh__Subject_15_F_11,view0,/bigdata/users/quansj/datasets/Doppler/wilddoppler/legacy/datasets/AMASS_SMPLX_2022/BMLmovi/Subject_15_F_MoSh/Subject_15_F_11_stageii.npz,4.0,0.0,1.0,921,120.0,7.666666666666667,14
view0__BMLmovi__Subject_15_F_MoSh__Subject_15_F_12,view0,/bigdata/users/quansj/datasets/Doppler/wilddoppler/legacy/datasets/AMASS_SMPLX_2022/BMLmovi/Subject_15_F_MoSh/Subject_15_F_12_stageii.npz,4.0,0.0,1.0,869,120.0,7.233333333333333,13
view0__BMLmovi__Subject_15_F_MoSh__Subject_15_F_13,view0,/bigdata/users/quansj/datasets/Doppler/wilddoppler/legacy/datasets/AMASS_SMPLX_2022/BMLmovi/Subject_15_F_MoSh/Subject_15_F_13_stageii.npz,4.0,0.0,1.0,429,120.0,3.566666666666667,6
view0__BMLmovi__Subject_15_F_MoSh__Subject_15_F_14,view0,/bigdata/users/quansj/datasets/Doppler/wilddoppler/legacy/datasets/AMASS_SMPLX_2022/BMLmovi/Subject_15_F_MoSh/Subject_15_F_14_stageii.npz,4.0,0.0,1.0,961,120.0,8.0,15
view0__BMLmovi__Subject_15_F_MoSh__Subject_15_F_15,view0,/bigdata/users/quansj/datasets/Doppler/wilddoppler/legacy/datasets/AMASS_SMPLX_2022/BMLmovi/Subject_15_F_MoSh/Subject_15_F_15_stageii.npz,4.0,0.0,1.0,881,120.0,7.333333333333333,13
view0__BMLmovi__Subject_15_F_MoSh__Subject_15_F_16,view0,/bigdata/users/quansj/datasets/Doppler/wilddoppler/legacy/datasets/AMASS_SMPLX_2022/BMLmovi/Subject_15_F_MoSh/Subject_15_F_16_stageii.npz,4.0,0.0,1.0,1085,120.0,9.033333333333333,17
view0__BMLmovi__Subject_15_F_MoSh__Subject_15_F_17,view0,/bigdata/users/quansj/datasets/Doppler/wilddoppler/legacy/datasets/AMASS_SMPLX_2022/BMLmovi/Subject_15_F_MoSh/Subject_15_F_17_stageii.npz,4.0,0.0,1.0,549,120.0,4.566666666666666,8
view0__BMLmovi__Subject_15_F_MoSh__Subject_15_F_18,view0,/bigdata/users/quansj/datasets/Doppler/wilddoppler/legacy/datasets/AMASS_SMPLX_2022/BMLmovi/Subject_15_F_MoSh/Subject_15_F_18_stageii.npz,4.0,0.0,1.0,353,120.0,2.933333333333333,4
view0__BMLmovi__Subject_15_F_MoSh__Subject_15_F_19,view0,/bigdata/users/quansj/datasets/Doppler/wilddoppler/legacy/datasets/AMASS_SMPLX_2022/BMLmovi/Subject_15_F_MoSh/Subject_15_F_19_stageii.npz,4.0,0.0,1.0,521,120.0,4.333333333333333,7
view0__BMLmovi__Subject_15_F_MoSh__Subject_15_F_1,view0,/bigdata/users/quansj/datasets/Doppler/wilddoppler/legacy/datasets/AMASS_SMPLX_2022/BMLmovi/Subject_15_F_MoSh/Subject_15_F_1_stageii.npz,4.0,0.0,1.0,881,120.0,7.333333333333333,13
view0__BMLmovi__Subject_15_F_MoSh__Subject_15_F_20,view0,/bigdata/users/quansj/datasets/Doppler/wilddoppler/legacy/datasets/AMASS_SMPLX_2022/BMLmovi/Subject_15_F_MoSh/Subject_15_F_20_stageii.npz,4.0,0.0,1.0,469,120.0,3.9,6
view0__BMLmovi__Subject_15_F_MoSh__Subject_15_F_21,view0,/bigdata/users/quansj/datasets/Doppler/wilddoppler/legacy/datasets/AMASS_SMPLX_2022/BMLmovi/Subject_15_F_MoSh/Subject_15_F_21_stageii.npz,4.0,0.0,1.0,353,120.0,2.933333333333333,4
view0__BMLmovi__Subject_15_F_MoSh__Subject_15_F_2,view0,/bigdata/users/quansj/datasets/Doppler/wilddoppler/legacy/datasets/AMASS_SMPLX_2022/BMLmovi/Subject_15_F_MoSh/Subject_15_F_2_stageii.npz,4.0,0.0,1.0,1137,120.0,9.466666666666667,17
view0__BMLmovi__Subject_15_F_MoSh__Subject_15_F_3,view0,/bigdata/users/quansj/datasets/Doppler/wilddoppler/legacy/datasets/AMASS_SMPLX_2022/BMLmovi/Subject_15_F_MoSh/Subject_15_F_3_stageii.npz,4.0,0.0,1.0,597,120.0,4.966666666666667,8
view0__BMLmovi__Subject_15_F_MoSh__Subject_15_F_4,view0,/bigdata/users/quansj/datasets/Doppler/wilddoppler/legacy/datasets/AMASS_SMPLX_2022/BMLmovi/Subject_15_F_MoSh/Subject_15_F_4_stageii.npz,4.0,0.0,1.0,585,120.0,4.866666666666666,8
view0__BMLmovi__Subject_15_F_MoSh__Subject_15_F_5,view0,/bigdata/users/quansj/datasets/Doppler/wilddoppler/legacy/datasets/AMASS_SMPLX_2022/BMLmovi/Subject_15_F_MoSh/Subject_15_F_5_stageii.npz,4.0,0.0,1.0,421,120.0,3.5,6
view0__BMLmovi__Subject_15_F_MoSh__Subject_15_F_6,view0,/bigdata/users/quansj/datasets/Doppler/wilddoppler/legacy/datasets/AMASS_SMPLX_2022/BMLmovi/Subject_15_F_MoSh/Subject_15_F_6_stageii.npz,4.0,0.0,1.0,613,120.0,5.1,9
view0__BMLmovi__Subject_15_F_MoSh__Subject_15_F_7,view0,/bigdata/users/quansj/datasets/Doppler/wilddoppler/legacy/datasets/AMASS_SMPLX_2022/BMLmovi/Subject_15_F_MoSh/Subject_15_F_7_stageii.npz,4.0,0.0,1.0,513,120.0,4.266666666666667,7
view0__BMLmovi__Subject_15_F_MoSh__Subject_15_F_8,view0,/bigdata/users/quansj/datasets/Doppler/wilddoppler/legacy/datasets/AMASS_SMPLX_2022/BMLmovi/Subject_15_F_MoSh/Subject_15_F_8_stageii.npz,4.0,0.0,1.0,1465,120.0,12.2,23
view0__BMLmovi__Subject_15_F_MoSh__Subject_15_F_9,view0,/bigdata/users/quansj/datasets/Doppler/wilddoppler/legacy/datasets/AMASS_SMPLX_2022/BMLmovi/Subject_15_F_MoSh/Subject_15_F_9_stageii.npz,4.0,0.0,1.0,417,120.0,3.466666666666667,5
view0__BMLmovi__Subject_16_F_MoSh__Subject_16_F_10,view0,/bigdata/users/quansj/datasets/Doppler/wilddoppler/legacy/datasets/AMASS_SMPLX_2022/BMLmovi/Subject_16_F_MoSh/Subject_16_F_10_stageii.npz,4.0,0.0,1.0,345,120.0,2.8666666666666667,4
view0__BMLmovi__Subject_16_F_MoSh__Subject_16_F_11,view0,/bigdata/users/quansj/datasets/Doppler/wilddoppler/legacy/datasets/AMASS_SMPLX_2022/BMLmovi/Subject_16_F_MoSh/Subject_16_F_11_stageii.npz,4.0,0.0,1.0,413,120.0,3.433333333333333,5
view0__BMLmovi__Subject_16_F_MoSh__Subject_16_F_12,view0,/bigdata/users/quansj/datasets/Doppler/wilddoppler/legacy/datasets/AMASS_SMPLX_2022/BMLmovi/Subject_16_F_MoSh/Subject_16_F_12_stageii.npz,4.0,0.0,1.0,809,120.0,6.733333333333333,12
view0__BMLmovi__Subject_16_F_MoSh__Subject_16_F_13,view0,/bigdata/users/quansj/datasets/Doppler/wilddoppler/legacy/datasets/AMASS_SMPLX_2022/BMLmovi/Subject_16_F_MoSh/Subject_16_F_13_stageii.npz,4.0,0.0,1.0,637,120.0,5.3,9
view0__BMLmovi__Subject_16_F_MoSh__Subject_16_F_14,view0,/bigdata/users/quansj/datasets/Doppler/wilddoppler/legacy/datasets/AMASS_SMPLX_2022/BMLmovi/Subject_16_F_MoSh/Subject_16_F_14_stageii.npz,4.0,0.0,1.0,905,120.0,7.533333333333333,14
view0__BMLmovi__Subject_16_F_MoSh__Subject_16_F_15,view0,/bigdata/users/quansj/datasets/Doppler/wilddoppler/legacy/datasets/AMASS_SMPLX_2022/BMLmovi/Subject_16_F_MoSh/Subject_16_F_15_stageii.npz,4.0,0.0,1.0,369,120.0,3.066666666666667,5
view0__BMLmovi__Subject_16_F_MoSh__Subject_16_F_16,view0,/bigdata/users/quansj/datasets/Doppler/wilddoppler/legacy/datasets/AMASS_SMPLX_2022/BMLmovi/Subject_16_F_MoSh/Subject_16_F_16_stageii.npz,4.0,0.0,1.0,549,120.0,4.566666666666666,8
view0__BMLmovi__Subject_16_F_MoSh__Subject_16_F_17,view0,/bigdata/users/quansj/datasets/Doppler/wilddoppler/legacy/datasets/AMASS_SMPLX_2022/BMLmovi/Subject_16_F_MoSh/Subject_16_F_17_stageii.npz,4.0,0.0,1.0,417,120.0,3.466666666666667,5
view0__BMLmovi__Subject_16_F_MoSh__Subject_16_F_18,view0,/bigdata/users/quansj/datasets/Doppler/wilddoppler/legacy/datasets/AMASS_SMPLX_2022/BMLmovi/Subject_16_F_MoSh/Subject_16_F_18_stageii.npz,4.0,0.0,1.0,893,120.0,7.433333333333334,13
view0__BMLmovi__Subject_16_F_MoSh__Subject_16_F_19,view0,/bigdata/users/quansj/datasets/Doppler/wilddoppler/legacy/datasets/AMASS_SMPLX_2022/BMLmovi/Subject_16_F_MoSh/Subject_16_F_19_stageii.npz,4.0,0.0,1.0,429,120.0,3.566666666666667,6
view0__BMLmovi__Subject_16_F_MoSh__Subject_16_F_1,view0,/bigdata/users/quansj/datasets/Doppler/wilddoppler/legacy/datasets/AMASS_SMPLX_2022/BMLmovi/Subject_16_F_MoSh/Subject_16_F_1_stageii.npz,4.0,0.0,1.0,1097,120.0,9.133333333333333,17
view0__BMLmovi__Subject_16_F_MoSh__Subject_16_F_20,view0,/bigdata/users/quansj/datasets/Doppler/wilddoppler/legacy/datasets/AMASS_SMPLX_2022/BMLmovi/Subject_16_F_MoSh/Subject_16_F_20_stageii.npz,4.0,0.0,1.0,357,120.0,2.966666666666667,4
view0__BMLmovi__Subject_16_F_MoSh__Subject_16_F_21,view0,/bigdata/users/quansj/datasets/Doppler/wilddoppler/legacy/datasets/AMASS_SMPLX_2022/BMLmovi/Subject_16_F_MoSh/Subject_16_F_21_stageii.npz,4.0,0.0,1.0,1629,120.0,13.566666666666666,26
view0__BMLmovi__Subject_16_F_MoSh__Subject_16_F_2,view0,/bigdata/users/quansj/datasets/Doppler/wilddoppler/legacy/datasets/AMASS_SMPLX_2022/BMLmovi/Subject_16_F_MoSh/Subject_16_F_2_stageii.npz,4.0,0.0,1.0,425,120.0,3.533333333333333,6
view0__BMLmovi__Subject_16_F_MoSh__Subject_16_F_3,view0,/bigdata/users/quansj/datasets/Doppler/wilddoppler/legacy/datasets/AMASS_SMPLX_2022/BMLmovi/Subject_16_F_MoSh/Subject_16_F_3_stageii.npz,4.0,0.0,1.0,325,120.0,2.7,4
view0__BMLmovi__Subject_16_F_MoSh__Subject_16_F_4,view0,/bigdata/users/quansj/datasets/Doppler/wilddoppler/legacy/datasets/AMASS_SMPLX_2022/BMLmovi/Subject_16_F_MoSh/Subject_16_F_4_stageii.npz,4.0,0.0,1.0,417,120.0,3.466666666666667,5
view0__BMLmovi__Subject_16_F_MoSh__Subject_16_F_5,view0,/bigdata/users/quansj/datasets/Doppler/wilddoppler/legacy/datasets/AMASS_SMPLX_2022/BMLmovi/Subject_16_F_MoSh/Subject_16_F_5_stageii.npz,4.0,0.0,1.0,369,120.0,3.066666666666667,5
view0__BMLmovi__Subject_16_F_MoSh__Subject_16_F_6,view0,/bigdata/users/quansj/datasets/Doppler/wilddoppler/legacy/datasets/AMASS_SMPLX_2022/BMLmovi/Subject_16_F_MoSh/Subject_16_F_6_stageii.npz,4.0,0.0,1.0,429,120.0,3.566666666666667,6
view0__BMLmovi__Subject_16_F_MoSh__Subject_16_F_7,view0,/bigdata/users/quansj/datasets/Doppler/wilddoppler/legacy/datasets/AMASS_SMPLX_2022/BMLmovi/Subject_16_F_MoSh/Subject_16_F_7_stageii.npz,4.0,0.0,1.0,441,120.0,3.6666666666666665,6
view0__BMLmovi__Subject_16_F_MoSh__Subject_16_F_8,view0,/bigdata/users/quansj/datasets/Doppler/wilddoppler/legacy/datasets/AMASS_SMPLX_2022/BMLmovi/Subject_16_F_MoSh/Subject_16_F_8_stageii.npz,4.0,0.0,1.0,321,120.0,2.6666666666666665,4
view0__BMLmovi__Subject_16_F_MoSh__Subject_16_F_9,view0,/bigdata/users/quansj/datasets/Doppler/wilddoppler/legacy/datasets/AMASS_SMPLX_2022/BMLmovi/Subject_16_F_MoSh/Subject_16_F_9_stageii.npz,4.0,0.0,1.0,425,120.0,3.533333333333333,6
view0__BMLmovi__Subject_17_F_MoSh__Subject_17_F_10,view0,/bigdata/users/quansj/datasets/Doppler/wilddoppler/legacy/datasets/AMASS_SMPLX_2022/BMLmovi/Subject_17_F_MoSh/Subject_17_F_10_stageii.npz,4.0,0.0,1.0,277,120.0,2.3,3
view0__BMLmovi__Subject_17_F_MoSh__Subject_17_F_11,view0,/bigdata/users/quansj/datasets/Doppler/wilddoppler/legacy/datasets/AMASS_SMPLX_2022/BMLmovi/Subject_17_F_MoSh/Subject_17_F_11_stageii.npz,4.0,0.0,1.0,777,120.0,6.466666666666667,11
view0__BMLmovi__Subject_17_F_MoSh__Subject_17_F_12,view0,/bigdata/users/quansj/datasets/Doppler/wilddoppler/legacy/datasets/AMASS_SMPLX_2022/BMLmovi/Subject_17_F_MoSh/Subject_17_F_12_stageii.npz,4.0,0.0,1.0,513,120.0,4.266666666666667,7
view0__BMLmovi__Subject_17_F_MoSh__Subject_17_F_13,view0,/bigdata/users/quansj/datasets/Doppler/wilddoppler/legacy/datasets/AMASS_SMPLX_2022/BMLmovi/Subject_17_F_MoSh/Subject_17_F_13_stageii.npz,4.0,0.0,1.0,201,120.0,1.6666666666666667,2
view0__BMLmovi__Subject_17_F_MoSh__Subject_17_F_14,view0,/bigdata/users/quansj/datasets/Doppler/wilddoppler/legacy/datasets/AMASS_SMPLX_2022/BMLmovi/Subject_17_F_MoSh/Subject_17_F_14_stageii.npz,4.0,0.0,1.0,821,120.0,6.833333333333333,12
view0__BMLmovi__Subject_17_F_MoSh__Subject_17_F_15,view0,/bigdata/users/quansj/datasets/Doppler/wilddoppler/legacy/datasets/AMASS_SMPLX_2022/BMLmovi/Subject_17_F_MoSh/Subject_17_F_15_stageii.npz,4.0,0.0,1.0,993,120.0,8.266666666666667,15
view0__BMLmovi__Subject_17_F_MoSh__Subject_17_F_16,view0,/bigdata/users/quansj/datasets/Doppler/wilddoppler/legacy/datasets/AMASS_SMPLX_2022/BMLmovi/Subject_17_F_MoSh/Subject_17_F_16_stageii.npz,4.0,0.0,1.0,465,120.0,3.8666666666666667,6
view0__BMLmovi__Subject_17_F_MoSh__Subject_17_F_17,view0,/bigdata/users/quansj/datasets/Doppler/wilddoppler/legacy/datasets/AMASS_SMPLX_2022/BMLmovi/Subject_17_F_MoSh/Subject_17_F_17_stageii.npz,4.0,0.0,1.0,313,120.0,2.6,4
view0__BMLmovi__Subject_17_F_MoSh__Subject_17_F_18,view0,/bigdata/users/quansj/datasets/Doppler/wilddoppler/legacy/datasets/AMASS_SMPLX_2022/BMLmovi/Subject_17_F_MoSh/Subject_17_F_18_stageii.npz,4.0,0.0,1.0,201,120.0,1.6666666666666667,2
view0__BMLmovi__Subject_17_F_MoSh__Subject_17_F_19,view0,/bigdata/users/quansj/datasets/Doppler/wilddoppler/legacy/datasets/AMASS_SMPLX_2022/BMLmovi/Subject_17_F_MoSh/Subject_17_F_19_stageii.npz,4.0,0.0,1.0,573,120.0,4.766666666666667,8
view0__BMLmovi__Subject_17_F_MoSh__Subject_17_F_1,view0,/bigdata/users/quansj/datasets/Doppler/wilddoppler/legacy/datasets/AMASS_SMPLX_2022/BMLmovi/Subject_17_F_MoSh/Subject_17_F_1_stageii.npz,4.0,0.0,1.0,289,120.0,2.4,3
view0__BMLmovi__Subject_17_F_MoSh__Subject_17_F_20,view0,/bigdata/users/quansj/datasets/Doppler/wilddoppler/legacy/datasets/AMASS_SMPLX_2022/BMLmovi/Subject_17_F_MoSh/Subject_17_F_20_stageii.npz,4.0,0.0,1.0,409,120.0,3.4,5
view0__BMLmovi__Subject_17_F_MoSh__Subject_17_F_21,view0,/bigdata/users/quansj/datasets/Doppler/wilddoppler/legacy/datasets/AMASS_SMPLX_2022/BMLmovi/Subject_17_F_MoSh/Subject_17_F_21_stageii.npz,4.0,0.0,1.0,357,120.0,2.966666666666667,4
view0__BMLmovi__Subject_17_F_MoSh__Subject_17_F_2,view0,/bigdata/users/quansj/datasets/Doppler/wilddoppler/legacy/datasets/AMASS_SMPLX_2022/BMLmovi/Subject_17_F_MoSh/Subject_17_F_2_stageii.npz,4.0,0.0,1.0,385,120.0,3.2,5
view0__BMLmovi__Subject_17_F_MoSh__Subject_17_F_3,view0,/bigdata/users/quansj/datasets/Doppler/wilddoppler/legacy/datasets/AMASS_SMPLX_2022/BMLmovi/Subject_17_F_MoSh/Subject_17_F_3_stageii.npz,4.0,0.0,1.0,353,120.0,2.933333333333333,4
view0__BMLmovi__Subject_17_F_MoSh__Subject_17_F_4,view0,/bigdata/users/quansj/datasets/Doppler/wilddoppler/legacy/datasets/AMASS_SMPLX_2022/BMLmovi/Subject_17_F_MoSh/Subject_17_F_4_stageii.npz,4.0,0.0,1.0,697,120.0,5.8,10
view0__BMLmovi__Subject_17_F_MoSh__Subject_17_F_5,view0,/bigdata/users/quansj/datasets/Doppler/wilddoppler/legacy/datasets/AMASS_SMPLX_2022/BMLmovi/Subject_17_F_MoSh/Subject_17_F_5_stageii.npz,4.0,0.0,1.0,1333,120.0,11.1,21
view0__BMLmovi__Subject_17_F_MoSh__Subject_17_F_6,view0,/bigdata/users/quansj/datasets/Doppler/wilddoppler/legacy/datasets/AMASS_SMPLX_2022/BMLmovi/Subject_17_F_MoSh/Subject_17_F_6_stageii.npz,4.0,0.0,1.0,413,120.0,3.433333333333333,5
view0__BMLmovi__Subject_17_F_MoSh__Subject_17_F_7,view0,/bigdata/users/quansj/datasets/Doppler/wilddoppler/legacy/datasets/AMASS_SMPLX_2022/BMLmovi/Subject_17_F_MoSh/Subject_17_F_7_stageii.npz,4.0,0.0,1.0,349,120.0,2.9,4
view0__BMLmovi__Subject_17_F_MoSh__Subject_17_F_8,view0,/bigdata/users/quansj/datasets/Doppler/wilddoppler/legacy/datasets/AMASS_SMPLX_2022/BMLmovi/Subject_17_F_MoSh/Subject_17_F_8_stageii.npz,4.0,0.0,1.0,217,120.0,1.8,2
view0__BMLmovi__Subject_17_F_MoSh__Subject_17_F_9,view0,/bigdata/users/quansj/datasets/Doppler/wilddoppler/legacy/datasets/AMASS_SMPLX_2022/BMLmovi/Subject_17_F_MoSh/Subject_17_F_9_stageii.npz,4.0,0.0,1.0,881,120.0,7.333333333333333,13
view0__BMLmovi__Subject_18_F_MoSh__Subject_18_F_10,view0,/bigdata/users/quansj/datasets/Doppler/wilddoppler/legacy/datasets/AMASS_SMPLX_2022/BMLmovi/Subject_18_F_MoSh/Subject_18_F_10_stageii.npz,4.0,0.0,1.0,421,120.0,3.5,6
view0__BMLmovi__Subject_18_F_MoSh__Subject_18_F_11,view0,/bigdata/users/quansj/datasets/Doppler/wilddoppler/legacy/datasets/AMASS_SMPLX_2022/BMLmovi/Subject_18_F_MoSh/Subject_18_F_11_stageii.npz,4.0,0.0,1.0,989,120.0,8.233333333333333,15
view0__BMLmovi__Subject_18_F_MoSh__Subject_18_F_12,view0,/bigdata/users/quansj/datasets/Doppler/wilddoppler/legacy/datasets/AMASS_SMPLX_2022/BMLmovi/Subject_18_F_MoSh/Subject_18_F_12_stageii.npz,4.0,0.0,1.0,733,120.0,6.1,11
view0__BMLmovi__Subject_18_F_MoSh__Subject_18_F_13,view0,/bigdata/users/quansj/datasets/Doppler/wilddoppler/legacy/datasets/AMASS_SMPLX_2022/BMLmovi/Subject_18_F_MoSh/Subject_18_F_13_stageii.npz,4.0,0.0,1.0,837,120.0,6.966666666666667,12
view0__BMLmovi__Subject_18_F_MoSh__Subject_18_F_14,view0,/bigdata/users/quansj/datasets/Doppler/wilddoppler/legacy/datasets/AMASS_SMPLX_2022/BMLmovi/Subject_18_F_MoSh/Subject_18_F_14_stageii.npz,4.0,0.0,1.0,385,120.0,3.2,5
view0__BMLmovi__Subject_18_F_MoSh__Subject_18_F_15,view0,/bigdata/users/quansj/datasets/Doppler/wilddoppler/legacy/datasets/AMASS_SMPLX_2022/BMLmovi/Subject_18_F_MoSh/Subject_18_F_15_stageii.npz,4.0,0.0,1.0,1113,120.0,9.266666666666667,17
view0__BMLmovi__Subject_18_F_MoSh__Subject_18_F_16,view0,/bigdata/users/quansj/datasets/Doppler/wilddoppler/legacy/datasets/AMASS_SMPLX_2022/BMLmovi/Subject_18_F_MoSh/Subject_18_F_16_stageii.npz,4.0,0.0,1.0,557,120.0,4.633333333333334,8
view0__BMLmovi__Subject_18_F_MoSh__Subject_18_F_17,view0,/bigdata/users/quansj/datasets/Doppler/wilddoppler/legacy/datasets/AMASS_SMPLX_2022/BMLmovi/Subject_18_F_MoSh/Subject_18_F_17_stageii.npz,4.0,0.0,1.0,417,120.0,3.466666666666667,5
view0__BMLmovi__Subject_18_F_MoSh__Subject_18_F_18,view0,/bigdata/users/quansj/datasets/Doppler/wilddoppler/legacy/datasets/AMASS_SMPLX_2022/BMLmovi/Subject_18_F_MoSh/Subject_18_F_18_stageii.npz,4.0,0.0,1.0,409,120.0,3.4,5
view0__BMLmovi__Subject_18_F_MoSh__Subject_18_F_19,view0,/bigdata/users/quansj/datasets/Doppler/wilddoppler/legacy/datasets/AMASS_SMPLX_2022/BMLmovi/Subject_18_F_MoSh/Subject_18_F_19_stageii.npz,4.0,0.0,1.0,1469,120.0,12.233333333333333,23
view0__BMLmovi__Subject_18_F_MoSh__Subject_18_F_1,view0,/bigdata/users/quansj/datasets/Doppler/wilddoppler/legacy/datasets/AMASS_SMPLX_2022/BMLmovi/Subject_18_F_MoSh/Subject_18_F_1_stageii.npz,4.0,0.0,1.0,665,120.0,5.533333333333333,10
view0__BMLmovi__Subject_18_F_MoSh__Subject_18_F_20,view0,/bigdata/users/quansj/datasets/Doppler/wilddoppler/legacy/datasets/AMASS_SMPLX_2022/BMLmovi/Subject_18_F_MoSh/Subject_18_F_20_stageii.npz,4.0,0.0,1.0,841,120.0,7.0,13
view0__BMLmovi__Subject_18_F_MoSh__Subject_18_F_21,view0,/bigdata/users/quansj/datasets/Doppler/wilddoppler/legacy/datasets/AMASS_SMPLX_2022/BMLmovi/Subject_18_F_MoSh/Subject_18_F_21_stageii.npz,4.0,0.0,1.0,449,120.0,3.7333333333333334,6
view0__BMLmovi__Subject_18_F_MoSh__Subject_18_F_2,view0,/bigdata/users/quansj/datasets/Doppler/wilddoppler/legacy/datasets/AMASS_SMPLX_2022/BMLmovi/Subject_18_F_MoSh/Subject_18_F_2_stageii.npz,4.0,0.0,1.0,369,120.0,3.066666666666667,5
view0__BMLmovi__Subject_18_F_MoSh__Subject_18_F_3,view0,/bigdata/users/quansj/datasets/Doppler/wilddoppler/legacy/datasets/AMASS_SMPLX_2022/BMLmovi/Subject_18_F_MoSh/Subject_18_F_3_stageii.npz,4.0,0.0,1.0,377,120.0,3.1333333333333333,5
view0__BMLmovi__Subject_18_F_MoSh__Subject_18_F_4,view0,/bigdata/users/quansj/datasets/Doppler/wilddoppler/legacy/datasets/AMASS_SMPLX_2022/BMLmovi/Subject_18_F_MoSh/Subject_18_F_4_stageii.npz,4.0,0.0,1.0,537,120.0,4.466666666666667,7
view0__BMLmovi__Subject_18_F_MoSh__Subject_18_F_5,view0,/bigdata/users/quansj/datasets/Doppler/wilddoppler/legacy/datasets/AMASS_SMPLX_2022/BMLmovi/Subject_18_F_MoSh/Subject_18_F_5_stageii.npz,4.0,0.0,1.0,409,120.0,3.4,5
view0__BMLmovi__Subject_18_F_MoSh__Subject_18_F_6,view0,/bigdata/users/quansj/datasets/Doppler/wilddoppler/legacy/datasets/AMASS_SMPLX_2022/BMLmovi/Subject_18_F_MoSh/Subject_18_F_6_stageii.npz,4.0,0.0,1.0,1201,120.0,10.0,19
view0__BMLmovi__Subject_18_F_MoSh__Subject_18_F_7,view0,/bigdata/users/quansj/datasets/Doppler/wilddoppler/legacy/datasets/AMASS_SMPLX_2022/BMLmovi/Subject_18_F_MoSh/Subject_18_F_7_stageii.npz,4.0,0.0,1.0,1133,120.0,9.433333333333334,17
view0__BMLmovi__Subject_18_F_MoSh__Subject_18_F_8,view0,/bigdata/users/quansj/datasets/Doppler/wilddoppler/legacy/datasets/AMASS_SMPLX_2022/BMLmovi/Subject_18_F_MoSh/Subject_18_F_8_stageii.npz,4.0,0.0,1.0,737,120.0,6.133333333333334,11
view0__BMLmovi__Subject_18_F_MoSh__Subject_18_F_9,view0,/bigdata/users/quansj/datasets/Doppler/wilddoppler/legacy/datasets/AMASS_SMPLX_2022/BMLmovi/Subject_18_F_MoSh/Subject_18_F_9_stageii.npz,4.0,0.0,1.0,305,120.0,2.533333333333333,4
view0__BMLmovi__Subject_19_F_MoSh__Subject_19_F_10,view0,/bigdata/users/quansj/datasets/Doppler/wilddoppler/legacy/datasets/AMASS_SMPLX_2022/BMLmovi/Subject_19_F_MoSh/Subject_19_F_10_stageii.npz,4.0,0.0,1.0,401,120.0,3.3333333333333335,5
view0__BMLmovi__Subject_19_F_MoSh__Subject_19_F_11,view0,/bigdata/users/quansj/datasets/Doppler/wilddoppler/legacy/datasets/AMASS_SMPLX_2022/BMLmovi/Subject_19_F_MoSh/Subject_19_F_11_stageii.npz,4.0,0.0,1.0,369,120.0,3.066666666666667,5
view0__BMLmovi__Subject_19_F_MoSh__Subject_19_F_12,view0,/bigdata/users/quansj/datasets/Doppler/wilddoppler/legacy/datasets/AMASS_SMPLX_2022/BMLmovi/Subject_19_F_MoSh/Subject_19_F_12_stageii.npz,4.0,0.0,1.0,409,120.0,3.4,5
view0__BMLmovi__Subject_19_F_MoSh__Subject_19_F_13,view0,/bigdata/users/quansj/datasets/Doppler/wilddoppler/legacy/datasets/AMASS_SMPLX_2022/BMLmovi/Subject_19_F_MoSh/Subject_19_F_13_stageii.npz,4.0,0.0,1.0,917,120.0,7.633333333333334,14
view0__BMLmovi__Subject_19_F_MoSh__Subject_19_F_14,view0,/bigdata/users/quansj/datasets/Doppler/wilddoppler/legacy/datasets/AMASS_SMPLX_2022/BMLmovi/Subject_19_F_MoSh/Subject_19_F_14_stageii.npz,4.0,0.0,1.0,421,120.0,3.5,6
view0__BMLmovi__Subject_19_F_MoSh__Subject_19_F_15,view0,/bigdata/users/quansj/datasets/Doppler/wilddoppler/legacy/datasets/AMASS_SMPLX_2022/BMLmovi/Subject_19_F_MoSh/Subject_19_F_15_stageii.npz,4.0,0.0,1.0,637,120.0,5.3,9
view0__BMLmovi__Subject_19_F_MoSh__Subject_19_F_16,view0,/bigdata/users/quansj/datasets/Doppler/wilddoppler/legacy/datasets/AMASS_SMPLX_2022/BMLmovi/Subject_19_F_MoSh/Subject_19_F_16_stageii.npz,4.0,0.0,1.0,421,120.0,3.5,6
view0__BMLmovi__Subject_19_F_MoSh__Subject_19_F_17,view0,/bigdata/users/quansj/datasets/Doppler/wilddoppler/legacy/datasets/AMASS_SMPLX_2022/BMLmovi/Subject_19_F_MoSh/Subject_19_F_17_stageii.npz,4.0,0.0,1.0,1081,120.0,9.0,17
view0__BMLmovi__Subject_19_F_MoSh__Subject_19_F_18,view0,/bigdata/users/quansj/datasets/Doppler/wilddoppler/legacy/datasets/AMASS_SMPLX_2022/BMLmovi/Subject_19_F_MoSh/Subject_19_F_18_stageii.npz,4.0,0.0,1.0,241,120.0,2.0,3
view0__BMLmovi__Subject_19_F_MoSh__Subject_19_F_19,view0,/bigdata/users/quansj/datasets/Doppler/wilddoppler/legacy/datasets/AMASS_SMPLX_2022/BMLmovi/Subject_19_F_MoSh/Subject_19_F_19_stageii.npz,4.0,0.0,1.0,1001,120.0,8.333333333333334,15
view0__BMLmovi__Subject_19_F_MoSh__Subject_19_F_1,view0,/bigdata/users/quansj/datasets/Doppler/wilddoppler/legacy/datasets/AMASS_SMPLX_2022/BMLmovi/Subject_19_F_MoSh/Subject_19_F_1_stageii.npz,4.0,0.0,1.0,421,120.0,3.5,6
view0__BMLmovi__Subject_19_F_MoSh__Subject_19_F_20,view0,/bigdata/users/quansj/datasets/Doppler/wilddoppler/legacy/datasets/AMASS_SMPLX_2022/BMLmovi/Subject_19_F_MoSh/Subject_19_F_20_stageii.npz,4.0,0.0,1.0,453,120.0,3.7666666666666666,6
view0__BMLmovi__Subject_19_F_MoSh__Subject_19_F_21,view0,/bigdata/users/quansj/datasets/Doppler/wilddoppler/legacy/datasets/AMASS_SMPLX_2022/BMLmovi/Subject_19_F_MoSh/Subject_19_F_21_stageii.npz,4.0,0.0,1.0,605,120.0,5.033333333333333,9
view0__BMLmovi__Subject_19_F_MoSh__Subject_19_F_2,view0,/bigdata/users/quansj/datasets/Doppler/wilddoppler/legacy/datasets/AMASS_SMPLX_2022/BMLmovi/Subject_19_F_MoSh/Subject_19_F_2_stageii.npz,4.0,0.0,1.0,453,120.0,3.7666666666666666,6
view0__BMLmovi__Subject_19_F_MoSh__Subject_19_F_3,view0,/bigdata/users/quansj/datasets/Doppler/wilddoppler/legacy/datasets/AMASS_SMPLX_2022/BMLmovi/Subject_19_F_MoSh/Subject_19_F_3_stageii.npz,4.0,0.0,1.0,917,120.0,7.633333333333334,14
view0__BMLmovi__Subject_19_F_MoSh__Subject_19_F_4,view0,/bigdata/users/quansj/datasets/Doppler/wilddoppler/legacy/datasets/AMASS_SMPLX_2022/BMLmovi/Subject_19_F_MoSh/Subject_19_F_4_stageii.npz,4.0,0.0,1.0,477,120.0,3.966666666666667,6
view0__BMLmovi__Subject_19_F_MoSh__Subject_19_F_5,view0,/bigdata/users/quansj/datasets/Doppler/wilddoppler/legacy/datasets/AMASS_SMPLX_2022/BMLmovi/Subject_19_F_MoSh/Subject_19_F_5_stageii.npz,4.0,0.0,1.0,657,120.0,5.466666666666667,9
view0__BMLmovi__Subject_19_F_MoSh__Subject_19_F_6,view0,/bigdata/users/quansj/datasets/Doppler/wilddoppler/legacy/datasets/AMASS_SMPLX_2022/BMLmovi/Subject_19_F_MoSh/Subject_19_F_6_stageii.npz,4.0,0.0,1.0,609,120.0,5.066666666666666,9
view0__BMLmovi__Subject_19_F_MoSh__Subject_19_F_7,view0,/bigdata/users/quansj/datasets/Doppler/wilddoppler/legacy/datasets/AMASS_SMPLX_2022/BMLmovi/Subject_19_F_MoSh/Subject_19_F_7_stageii.npz,4.0,0.0,1.0,461,120.0,3.8333333333333335,6
view0__BMLmovi__Subject_19_F_MoSh__Subject_19_F_8,view0,/bigdata/users/quansj/datasets/Doppler/wilddoppler/legacy/datasets/AMASS_SMPLX_2022/BMLmovi/Subject_19_F_MoSh/Subject_19_F_8_stageii.npz,4.0,0.0,1.0,1201,120.0,10.0,19
view0__BMLmovi__Subject_19_F_MoSh__Subject_19_F_9,view0,/bigdata/users/quansj/datasets/Doppler/wilddoppler/legacy/datasets/AMASS_SMPLX_2022/BMLmovi/Subject_19_F_MoSh/Subject_19_F_9_stageii.npz,4.0,0.0,1.0,949,120.0,7.9,14
view0__BMLmovi__Subject_1_F_MoSh__Subject_1_F_10,view0,/bigdata/users/quansj/datasets/Doppler/wilddoppler/legacy/datasets/AMASS_SMPLX_2022/BMLmovi/Subject_1_F_MoSh/Subject_1_F_10_stageii.npz,4.0,0.0,1.0,705,120.0,5.866666666666666,10
view0__BMLmovi__Subject_1_F_MoSh__Subject_1_F_11,view0,/bigdata/users/quansj/datasets/Doppler/wilddoppler/legacy/datasets/AMASS_SMPLX_2022/BMLmovi/Subject_1_F_MoSh/Subject_1_F_11_stageii.npz,4.0,0.0,1.0,309,120.0,2.566666666666667,4
view0__BMLmovi__Subject_1_F_MoSh__Subject_1_F_12,view0,/bigdata/users/quansj/datasets/Doppler/wilddoppler/legacy/datasets/AMASS_SMPLX_2022/BMLmovi/Subject_1_F_MoSh/Subject_1_F_12_stageii.npz,4.0,0.0,1.0,537,120.0,4.466666666666667,7
view0__BMLmovi__Subject_1_F_MoSh__Subject_1_F_13,view0,/bigdata/users/quansj/datasets/Doppler/wilddoppler/legacy/datasets/AMASS_SMPLX_2022/BMLmovi/Subject_1_F_MoSh/Subject_1_F_13_stageii.npz,4.0,0.0,1.0,685,120.0,5.7,10
view0__BMLmovi__Subject_1_F_MoSh__Subject_1_F_14,view0,/bigdata/users/quansj/datasets/Doppler/wilddoppler/legacy/datasets/AMASS_SMPLX_2022/BMLmovi/Subject_1_F_MoSh/Subject_1_F_14_stageii.npz,4.0,0.0,1.0,457,120.0,3.8,6
view0__BMLmovi__Subject_1_F_MoSh__Subject_1_F_15,view0,/bigdata/users/quansj/datasets/Doppler/wilddoppler/legacy/datasets/AMASS_SMPLX_2022/BMLmovi/Subject_1_F_MoSh/Subject_1_F_15_stageii.npz,4.0,0.0,1.0,985,120.0,8.2,15
view0__BMLmovi__Subject_1_F_MoSh__Subject_1_F_16,view0,/bigdata/users/quansj/datasets/Doppler/wilddoppler/legacy/datasets/AMASS_SMPLX_2022/BMLmovi/Subject_1_F_MoSh/Subject_1_F_16_stageii.npz,4.0,0.0,1.0,445,120.0,3.7,6
view0__BMLmovi__Subject_1_F_MoSh__Subject_1_F_17,view0,/bigdata/users/quansj/datasets/Doppler/wilddoppler/legacy/datasets/AMASS_SMPLX_2022/BMLmovi/Subject_1_F_MoSh/Subject_1_F_17_stageii.npz,4.0,0.0,1.0,1109,120.0,9.233333333333333,17
view0__BMLmovi__Subject_1_F_MoSh__Subject_1_F_18,view0,/bigdata/users/quansj/datasets/Doppler/wilddoppler/legacy/datasets/AMASS_SMPLX_2022/BMLmovi/Subject_1_F_MoSh/Subject_1_F_18_stageii.npz,4.0,0.0,1.0,625,120.0,5.2,9
view0__BMLmovi__Subject_1_F_MoSh__Subject_1_F_19,view0,/bigdata/users/quansj/datasets/Doppler/wilddoppler/legacy/datasets/AMASS_SMPLX_2022/BMLmovi/Subject_1_F_MoSh/Subject_1_F_19_stageii.npz,4.0,0.0,1.0,821,120.0,6.833333333333333,12
view0__BMLmovi__Subject_1_F_MoSh__Subject_1_F_1,view0,/bigdata/users/quansj/datasets/Doppler/wilddoppler/legacy/datasets/AMASS_SMPLX_2022/BMLmovi/Subject_1_F_MoSh/Subject_1_F_1_stageii.npz,4.0,0.0,1.0,581,120.0,4.833333333333333,8
view0__BMLmovi__Subject_1_F_MoSh__Subject_1_F_20,view0,/bigdata/users/quansj/datasets/Doppler/wilddoppler/legacy/datasets/AMASS_SMPLX_2022/BMLmovi/Subject_1_F_MoSh/Subject_1_F_20_stageii.npz,4.0,0.0,1.0,473,120.0,3.933333333333333,6
view0__BMLmovi__Subject_1_F_MoSh__Subject_1_F_21,view0,/bigdata/users/quansj/datasets/Doppler/wilddoppler/legacy/datasets/AMASS_SMPLX_2022/BMLmovi/Subject_1_F_MoSh/Subject_1_F_21_stageii.npz,4.0,0.0,1.0,621,120.0,5.166666666666667,9
view0__BMLmovi__Subject_1_F_MoSh__Subject_1_F_2,view0,/bigdata/users/quansj/datasets/Doppler/wilddoppler/legacy/datasets/AMASS_SMPLX_2022/BMLmovi/Subject_1_F_MoSh/Subject_1_F_2_stageii.npz,4.0,0.0,1.0,445,120.0,3.7,6
view0__BMLmovi__Subject_1_F_MoSh__Subject_1_F_3,view0,/bigdata/users/quansj/datasets/Doppler/wilddoppler/legacy/datasets/AMASS_SMPLX_2022/BMLmovi/Subject_1_F_MoSh/Subject_1_F_3_stageii.npz,4.0,0.0,1.0,289,120.0,2.4,3
view0__BMLmovi__Subject_1_F_MoSh__Subject_1_F_4,view0,/bigdata/users/quansj/datasets/Doppler/wilddoppler/legacy/datasets/AMASS_SMPLX_2022/BMLmovi/Subject_1_F_MoSh/Subject_1_F_4_stageii.npz,4.0,0.0,1.0,341,120.0,2.8333333333333335,4
view0__BMLmovi__Subject_1_F_MoSh__Subject_1_F_5,view0,/bigdata/users/quansj/datasets/Doppler/wilddoppler/legacy/datasets/AMASS_SMPLX_2022/BMLmovi/Subject_1_F_MoSh/Subject_1_F_5_stageii.npz,4.0,0.0,1.0,417,120.0,3.466666666666667,5
view0__BMLmovi__Subject_1_F_MoSh__Subject_1_F_6,view0,/bigdata/users/quansj/datasets/Doppler/wilddoppler/legacy/datasets/AMASS_SMPLX_2022/BMLmovi/Subject_1_F_MoSh/Subject_1_F_6_stageii.npz,4.0,0.0,1.0,437,120.0,3.6333333333333333,6
view0__BMLmovi__Subject_1_F_MoSh__Subject_1_F_7,view0,/bigdata/users/quansj/datasets/Doppler/wilddoppler/legacy/datasets/AMASS_SMPLX_2022/BMLmovi/Subject_1_F_MoSh/Subject_1_F_7_stageii.npz,4.0,0.0,1.0,365,120.0,3.033333333333333,5
view0__BMLmovi__Subject_1_F_MoSh__Subject_1_F_8,view0,/bigdata/users/quansj/datasets/Doppler/wilddoppler/legacy/datasets/AMASS_SMPLX_2022/BMLmovi/Subject_1_F_MoSh/Subject_1_F_8_stageii.npz,4.0,0.0,1.0,425,120.0,3.533333333333333,6
view0__BMLmovi__Subject_1_F_MoSh__Subject_1_F_9,view0,/bigdata/users/quansj/datasets/Doppler/wilddoppler/legacy/datasets/AMASS_SMPLX_2022/BMLmovi/Subject_1_F_MoSh/Subject_1_F_9_stageii.npz,4.0,0.0,1.0,813,120.0,6.766666666666667,12
view0__BMLmovi__Subject_20_F_MoSh__Subject_20_F_10,view0,/bigdata/users/quansj/datasets/Doppler/wilddoppler/legacy/datasets/AMASS_SMPLX_2022/BMLmovi/Subject_20_F_MoSh/Subject_20_F_10_stageii.npz,4.0,0.0,1.0,289,120.0,2.4,3
view0__BMLmovi__Subject_20_F_MoSh__Subject_20_F_11,view0,/bigdata/users/quansj/datasets/Doppler/wilddoppler/legacy/datasets/AMASS_SMPLX_2022/BMLmovi/Subject_20_F_MoSh/Subject_20_F_11_stageii.npz,4.0,0.0,1.0,445,120.0,3.7,6
view0__BMLmovi__Subject_20_F_MoSh__Subject_20_F_12,view0,/bigdata/users/quansj/datasets/Doppler/wilddoppler/legacy/datasets/AMASS_SMPLX_2022/BMLmovi/Subject_20_F_MoSh/Subject_20_F_12_stageii.npz,4.0,0.0,1.0,373,120.0,3.1,5
view0__BMLmovi__Subject_20_F_MoSh__Subject_20_F_13,view0,/bigdata/users/quansj/datasets/Doppler/wilddoppler/legacy/datasets/AMASS_SMPLX_2022/BMLmovi/Subject_20_F_MoSh/Subject_20_F_13_stageii.npz,4.0,0.0,1.0,497,120.0,4.133333333333334,7
view0__BMLmovi__Subject_20_F_MoSh__Subject_20_F_14,view0,/bigdata/users/quansj/datasets/Doppler/wilddoppler/legacy/datasets/AMASS_SMPLX_2022/BMLmovi/Subject_20_F_MoSh/Subject_20_F_14_stageii.npz,4.0,0.0,1.0,485,120.0,4.033333333333333,7
view0__BMLmovi__Subject_20_F_MoSh__Subject_20_F_15,view0,/bigdata/users/quansj/datasets/Doppler/wilddoppler/legacy/datasets/AMASS_SMPLX_2022/BMLmovi/Subject_20_F_MoSh/Subject_20_F_15_stageii.npz,4.0,0.0,1.0,697,120.0,5.8,10
view0__BMLmovi__Subject_20_F_MoSh__Subject_20_F_16,view0,/bigdata/users/quansj/datasets/Doppler/wilddoppler/legacy/datasets/AMASS_SMPLX_2022/BMLmovi/Subject_20_F_MoSh/Subject_20_F_16_stageii.npz,4.0,0.0,1.0,817,120.0,6.8,12
view0__BMLmovi__Subject_20_F_MoSh__Subject_20_F_17,view0,/bigdata/users/quansj/datasets/Doppler/wilddoppler/legacy/datasets/AMASS_SMPLX_2022/BMLmovi/Subject_20_F_MoSh/Subject_20_F_17_stageii.npz,4.0,0.0,1.0,233,120.0,1.9333333333333333,2
view0__BMLmovi__Subject_20_F_MoSh__Subject_20_F_18,view0,/bigdata/users/quansj/datasets/Doppler/wilddoppler/legacy/datasets/AMASS_SMPLX_2022/BMLmovi/Subject_20_F_MoSh/Subject_20_F_18_stageii.npz,4.0,0.0,1.0,773,120.0,6.433333333333334,11
view0__BMLmovi__Subject_20_F_MoSh__Subject_20_F_19,view0,/bigdata/users/quansj/datasets/Doppler/wilddoppler/legacy/datasets/AMASS_SMPLX_2022/BMLmovi/Subject_20_F_MoSh/Subject_20_F_19_stageii.npz,4.0,0.0,1.0,1173,120.0,9.766666666666667,18
view0__BMLmovi__Subject_20_F_MoSh__Subject_20_F_1,view0,/bigdata/users/quansj/datasets/Doppler/wilddoppler/legacy/datasets/AMASS_SMPLX_2022/BMLmovi/Subject_20_F_MoSh/Subject_20_F_1_stageii.npz,4.0,0.0,1.0,589,120.0,4.9,8
view0__BMLmovi__Subject_20_F_MoSh__Subject_20_F_20,view0,/bigdata/users/quansj/datasets/Doppler/wilddoppler/legacy/datasets/AMASS_SMPLX_2022/BMLmovi/Subject_20_F_MoSh/Subject_20_F_20_stageii.npz,4.0,0.0,1.0,545,120.0,4.533333333333333,8
view0__BMLmovi__Subject_20_F_MoSh__Subject_20_F_21,view0,/bigdata/users/quansj/datasets/Doppler/wilddoppler/legacy/datasets/AMASS_SMPLX_2022/BMLmovi/Subject_20_F_MoSh/Subject_20_F_21_stageii.npz,4.0,0.0,1.0,433,120.0,3.6,6
view0__BMLmovi__Subject_20_F_MoSh__Subject_20_F_2,view0,/bigdata/users/quansj/datasets/Doppler/wilddoppler/legacy/datasets/AMASS_SMPLX_2022/BMLmovi/Subject_20_F_MoSh/Subject_20_F_2_stageii.npz,4.0,0.0,1.0,837,120.0,6.966666666666667,12
view0__BMLmovi__Subject_20_F_MoSh__Subject_20_F_3,view0,/bigdata/users/quansj/datasets/Doppler/wilddoppler/legacy/datasets/AMASS_SMPLX_2022/BMLmovi/Subject_20_F_MoSh/Subject_20_F_3_stageii.npz,4.0,0.0,1.0,1109,120.0,9.233333333333333,17
view0__BMLmovi__Subject_20_F_MoSh__Subject_20_F_4,view0,/bigdata/users/quansj/datasets/Doppler/wilddoppler/legacy/datasets/AMASS_SMPLX_2022/BMLmovi/Subject_20_F_MoSh/Subject_20_F_4_stageii.npz,4.0,0.0,1.0,961,120.0,8.0,15
view0__BMLmovi__Subject_20_F_MoSh__Subject_20_F_5,view0,/bigdata/users/quansj/datasets/Doppler/wilddoppler/legacy/datasets/AMASS_SMPLX_2022/BMLmovi/Subject_20_F_MoSh/Subject_20_F_5_stageii.npz,4.0,0.0,1.0,745,120.0,6.2,11
view0__BMLmovi__Subject_20_F_MoSh__Subject_20_F_6,view0,/bigdata/users/quansj/datasets/Doppler/wilddoppler/legacy/datasets/AMASS_SMPLX_2022/BMLmovi/Subject_20_F_MoSh/Subject_20_F_6_stageii.npz,4.0,0.0,1.0,1625,120.0,13.533333333333333,26
view0__BMLmovi__Subject_20_F_MoSh__Subject_20_F_7,view0,/bigdata/users/quansj/datasets/Doppler/wilddoppler/legacy/datasets/AMASS_SMPLX_2022/BMLmovi/Subject_20_F_MoSh/Subject_20_F_7_stageii.npz,4.0,0.0,1.0,349,120.0,2.9,4
view0__BMLmovi__Subject_20_F_MoSh__Subject_20_F_8,view0,/bigdata/users/quansj/datasets/Doppler/wilddoppler/legacy/datasets/AMASS_SMPLX_2022/BMLmovi/Subject_20_F_MoSh/Subject_20_F_8_stageii.npz,4.0,0.0,1.0,461,120.0,3.8333333333333335,6
view0__BMLmovi__Subject_20_F_MoSh__Subject_20_F_9,view0,/bigdata/users/quansj/datasets/Doppler/wilddoppler/legacy/datasets/AMASS_SMPLX_2022/BMLmovi/Subject_20_F_MoSh/Subject_20_F_9_stageii.npz,4.0,0.0,1.0,437,120.0,3.6333333333333333,6
view0__BMLmovi__Subject_21_F_MoSh__Subject_21_F_10,view0,/bigdata/users/quansj/datasets/Doppler/wilddoppler/legacy/datasets/AMASS_SMPLX_2022/BMLmovi/Subject_21_F_MoSh/Subject_21_F_10_stageii.npz,4.0,0.0,1.0,453,120.0,3.7666666666666666,6
view0__BMLmovi__Subject_21_F_MoSh__Subject_21_F_11,view0,/bigdata/users/quansj/datasets/Doppler/wilddoppler/legacy/datasets/AMASS_SMPLX_2022/BMLmovi/Subject_21_F_MoSh/Subject_21_F_11_stageii.npz,4.0,0.0,1.0,857,120.0,7.133333333333334,13
view0__BMLmovi__Subject_21_F_MoSh__Subject_21_F_12,view0,/bigdata/users/quansj/datasets/Doppler/wilddoppler/legacy/datasets/AMASS_SMPLX_2022/BMLmovi/Subject_21_F_MoSh/Subject_21_F_12_stageii.npz,4.0,0.0,1.0,373,120.0,3.1,5
view0__BMLmovi__Subject_21_F_MoSh__Subject_21_F_13,view0,/bigdata/users/quansj/datasets/Doppler/wilddoppler/legacy/datasets/AMASS_SMPLX_2022/BMLmovi/Subject_21_F_MoSh/Subject_21_F_13_stageii.npz,4.0,0.0,1.0,673,120.0,5.6,10
view0__BMLmovi__Subject_21_F_MoSh__Subject_21_F_14,view0,/bigdata/users/quansj/datasets/Doppler/wilddoppler/legacy/datasets/AMASS_SMPLX_2022/BMLmovi/Subject_21_F_MoSh/Subject_21_F_14_stageii.npz,4.0,0.0,1.0,1157,120.0,9.633333333333333,18
view0__BMLmovi__Subject_21_F_MoSh__Subject_21_F_15,view0,/bigdata/users/quansj/datasets/Doppler/wilddoppler/legacy/datasets/AMASS_SMPLX_2022/BMLmovi/Subject_21_F_MoSh/Subject_21_F_15_stageii.npz,4.0,0.0,1.0,505,120.0,4.2,7
view0__BMLmovi__Subject_21_F_MoSh__Subject_21_F_16,view0,/bigdata/users/quansj/datasets/Doppler/wilddoppler/legacy/datasets/AMASS_SMPLX_2022/BMLmovi/Subject_21_F_MoSh/Subject_21_F_16_stageii.npz,4.0,0.0,1.0,397,120.0,3.3,5
view0__BMLmovi__Subject_21_F_MoSh__Subject_21_F_17,view0,/bigdata/users/quansj/datasets/Doppler/wilddoppler/legacy/datasets/AMASS_SMPLX_2022/BMLmovi/Subject_21_F_MoSh/Subject_21_F_17_stageii.npz,4.0,0.0,1.0,1073,120.0,8.933333333333334,16
view0__BMLmovi__Subject_21_F_MoSh__Subject_21_F_18,view0,/bigdata/users/quansj/datasets/Doppler/wilddoppler/legacy/datasets/AMASS_SMPLX_2022/BMLmovi/Subject_21_F_MoSh/Subject_21_F_18_stageii.npz,4.0,0.0,1.0,497,120.0,4.133333333333334,7
view0__BMLmovi__Subject_21_F_MoSh__Subject_21_F_19,view0,/bigdata/users/quansj/datasets/Doppler/wilddoppler/legacy/datasets/AMASS_SMPLX_2022/BMLmovi/Subject_21_F_MoSh/Subject_21_F_19_stageii.npz,4.0,0.0,1.0,541,120.0,4.5,8
view0__BMLmovi__Subject_21_F_MoSh__Subject_21_F_1,view0,/bigdata/users/quansj/datasets/Doppler/wilddoppler/legacy/datasets/AMASS_SMPLX_2022/BMLmovi/Subject_21_F_MoSh/Subject_21_F_1_stageii.npz,4.0,0.0,1.0,881,120.0,7.333333333333333,13
view0__BMLmovi__Subject_21_F_MoSh__Subject_21_F_20,view0,/bigdata/users/quansj/datasets/Doppler/wilddoppler/legacy/datasets/AMASS_SMPLX_2022/BMLmovi/Subject_21_F_MoSh/Subject_21_F_20_stageii.npz,4.0,0.0,1.0,413,120.0,3.433333333333333,5
view0__BMLmovi__Subject_21_F_MoSh__Subject_21_F_21,view0,/bigdata/users/quansj/datasets/Doppler/wilddoppler/legacy/datasets/AMASS_SMPLX_2022/BMLmovi/Subject_21_F_MoSh/Subject_21_F_21_stageii.npz,4.0,0.0,1.0,341,120.0,2.8333333333333335,4
view0__BMLmovi__Subject_21_F_MoSh__Subject_21_F_2,view0,/bigdata/users/quansj/datasets/Doppler/wilddoppler/legacy/datasets/AMASS_SMPLX_2022/BMLmovi/Subject_21_F_MoSh/Subject_21_F_2_stageii.npz,4.0,0.0,1.0,381,120.0,3.1666666666666665,5
view0__BMLmovi__Subject_21_F_MoSh__Subject_21_F_3,view0,/bigdata/users/quansj/datasets/Doppler/wilddoppler/legacy/datasets/AMASS_SMPLX_2022/BMLmovi/Subject_21_F_MoSh/Subject_21_F_3_stageii.npz,4.0,0.0,1.0,949,120.0,7.9,14
view0__BMLmovi__Subject_21_F_MoSh__Subject_21_F_4,view0,/bigdata/users/quansj/datasets/Doppler/wilddoppler/legacy/datasets/AMASS_SMPLX_2022/BMLmovi/Subject_21_F_MoSh/Subject_21_F_4_stageii.npz,4.0,0.0,1.0,489,120.0,4.066666666666666,7
view0__BMLmovi__Subject_21_F_MoSh__Subject_21_F_5,view0,/bigdata/users/quansj/datasets/Doppler/wilddoppler/legacy/datasets/AMASS_SMPLX_2022/BMLmovi/Subject_21_F_MoSh/Subject_21_F_5_stageii.npz,4.0,0.0,1.0,369,120.0,3.066666666666667,5
view0__BMLmovi__Subject_21_F_MoSh__Subject_21_F_6,view0,/bigdata/users/quansj/datasets/Doppler/wilddoppler/legacy/datasets/AMASS_SMPLX_2022/BMLmovi/Subject_21_F_MoSh/Subject_21_F_6_stageii.npz,4.0,0.0,1.0,329,120.0,2.7333333333333334,4
view0__BMLmovi__Subject_21_F_MoSh__Subject_21_F_7,view0,/bigdata/users/quansj/datasets/Doppler/wilddoppler/legacy/datasets/AMASS_SMPLX_2022/BMLmovi/Subject_21_F_MoSh/Subject_21_F_7_stageii.npz,4.0,0.0,1.0,261,120.0,2.1666666666666665,3
view0__BMLmovi__Subject_21_F_MoSh__Subject_21_F_8,view0,/bigdata/users/quansj/datasets/Doppler/wilddoppler/legacy/datasets/AMASS_SMPLX_2022/BMLmovi/Subject_21_F_MoSh/Subject_21_F_8_stageii.npz,4.0,0.0,1.0,413,120.0,3.433333333333333,5
view0__BMLmovi__Subject_21_F_MoSh__Subject_21_F_9,view0,/bigdata/users/quansj/datasets/Doppler/wilddoppler/legacy/datasets/AMASS_SMPLX_2022/BMLmovi/Subject_21_F_MoSh/Subject_21_F_9_stageii.npz,4.0,0.0,1.0,877,120.0,7.3,13
view0__BMLmovi__Subject_22_F_MoSh__Subject_22_F_10,view0,/bigdata/users/quansj/datasets/Doppler/wilddoppler/legacy/datasets/AMASS_SMPLX_2022/BMLmovi/Subject_22_F_MoSh/Subject_22_F_10_stageii.npz,4.0,0.0,1.0,305,120.0,2.533333333333333,4
view0__BMLmovi__Subject_22_F_MoSh__Subject_22_F_11,view0,/bigdata/users/quansj/datasets/Doppler/wilddoppler/legacy/datasets/AMASS_SMPLX_2022/BMLmovi/Subject_22_F_MoSh/Subject_22_F_11_stageii.npz,4.0,0.0,1.0,421,120.0,3.5,6
view0__BMLmovi__Subject_22_F_MoSh__Subject_22_F_12,view0,/bigdata/users/quansj/datasets/Doppler/wilddoppler/legacy/datasets/AMASS_SMPLX_2022/BMLmovi/Subject_22_F_MoSh/Subject_22_F_12_stageii.npz,4.0,0.0,1.0,405,120.0,3.3666666666666667,5
view0__BMLmovi__Subject_22_F_MoSh__Subject_22_F_13,view0,/bigdata/users/quansj/datasets/Doppler/wilddoppler/legacy/datasets/AMASS_SMPLX_2022/BMLmovi/Subject_22_F_MoSh/Subject_22_F_13_stageii.npz,4.0,0.0,1.0,1121,120.0,9.333333333333334,17
view0__BMLmovi__Subject_22_F_MoSh__Subject_22_F_14,view0,/bigdata/users/quansj/datasets/Doppler/wilddoppler/legacy/datasets/AMASS_SMPLX_2022/BMLmovi/Subject_22_F_MoSh/Subject_22_F_14_stageii.npz,4.0,0.0,1.0,393,120.0,3.2666666666666666,5
view0__BMLmovi__Subject_22_F_MoSh__Subject_22_F_15,view0,/bigdata/users/quansj/datasets/Doppler/wilddoppler/legacy/datasets/AMASS_SMPLX_2022/BMLmovi/Subject_22_F_MoSh/Subject_22_F_15_stageii.npz,4.0,0.0,1.0,1105,120.0,9.2,17
view0__BMLmovi__Subject_22_F_MoSh__Subject_22_F_16,view0,/bigdata/users/quansj/datasets/Doppler/wilddoppler/legacy/datasets/AMASS_SMPLX_2022/BMLmovi/Subject_22_F_MoSh/Subject_22_F_16_stageii.npz,4.0,0.0,1.0,329,120.0,2.7333333333333334,4
view0__BMLmovi__Subject_22_F_MoSh__Subject_22_F_17,view0,/bigdata/users/quansj/datasets/Doppler/wilddoppler/legacy/datasets/AMASS_SMPLX_2022/BMLmovi/Subject_22_F_MoSh/Subject_22_F_17_stageii.npz,4.0,0.0,1.0,313,120.0,2.6,4
view0__BMLmovi__Subject_22_F_MoSh__Subject_22_F_18,view0,/bigdata/users/quansj/datasets/Doppler/wilddoppler/legacy/datasets/AMASS_SMPLX_2022/BMLmovi/Subject_22_F_MoSh/Subject_22_F_18_stageii.npz,4.0,0.0,1.0,361,120.0,3.0,5
view0__BMLmovi__Subject_22_F_MoSh__Subject_22_F_19,view0,/bigdata/users/quansj/datasets/Doppler/wilddoppler/legacy/datasets/AMASS_SMPLX_2022/BMLmovi/Subject_22_F_MoSh/Subject_22_F_19_stageii.npz,4.0,0.0,1.0,465,120.0,3.8666666666666667,6
view0__BMLmovi__Subject_22_F_MoSh__Subject_22_F_1,view0,/bigdata/users/quansj/datasets/Doppler/wilddoppler/legacy/datasets/AMASS_SMPLX_2022/BMLmovi/Subject_22_F_MoSh/Subject_22_F_1_stageii.npz,4.0,0.0,1.0,1169,120.0,9.733333333333333,18
view0__BMLmovi__Subject_22_F_MoSh__Subject_22_F_20,view0,/bigdata/users/quansj/datasets/Doppler/wilddoppler/legacy/datasets/AMASS_SMPLX_2022/BMLmovi/Subject_22_F_MoSh/Subject_22_F_20_stageii.npz,4.0,0.0,1.0,1041,120.0,8.666666666666666,16
view0__BMLmovi__Subject_22_F_MoSh__Subject_22_F_21,view0,/bigdata/users/quansj/datasets/Doppler/wilddoppler/legacy/datasets/AMASS_SMPLX_2022/BMLmovi/Subject_22_F_MoSh/Subject_22_F_21_stageii.npz,4.0,0.0,1.0,417,120.0,3.466666666666667,5
view0__BMLmovi__Subject_22_F_MoSh__Subject_22_F_2,view0,/bigdata/users/quansj/datasets/Doppler/wilddoppler/legacy/datasets/AMASS_SMPLX_2022/BMLmovi/Subject_22_F_MoSh/Subject_22_F_2_stageii.npz,4.0,0.0,1.0,361,120.0,3.0,5
view0__BMLmovi__Subject_22_F_MoSh__Subject_22_F_3,view0,/bigdata/users/quansj/datasets/Doppler/wilddoppler/legacy/datasets/AMASS_SMPLX_2022/BMLmovi/Subject_22_F_MoSh/Subject_22_F_3_stageii.npz,4.0,0.0,1.0,349,120.0,2.9,4
view0__BMLmovi__Subject_22_F_MoSh__Subject_22_F_4,view0,/bigdata/users/quansj/datasets/Doppler/wilddoppler/legacy/datasets/AMASS_SMPLX_2022/BMLmovi/Subject_22_F_MoSh/Subject_22_F_4_stageii.npz,4.0,0.0,1.0,257,120.0,2.1333333333333333,3
view0__BMLmovi__Subject_22_F_MoSh__Subject_22_F_5,view0,/bigdata/users/quansj/datasets/Doppler/wilddoppler/legacy/datasets/AMASS_SMPLX_2022/BMLmovi/Subject_22_F_MoSh/Subject_22_F_5_stageii.npz,4.0,0.0,1.0,329,120.0,2.7333333333333334,4
view0__BMLmovi__Subject_22_F_MoSh__Subject_22_F_6,view0,/bigdata/users/quansj/datasets/Doppler/wilddoppler/legacy/datasets/AMASS_SMPLX_2022/BMLmovi/Subject_22_F_MoSh/Subject_22_F_6_stageii.npz,4.0,0.0,1.0,673,120.0,5.6,10
view0__BMLmovi__Subject_22_F_MoSh__Subject_22_F_7,view0,/bigdata/users/quansj/datasets/Doppler/wilddoppler/legacy/datasets/AMASS_SMPLX_2022/BMLmovi/Subject_22_F_MoSh/Subject_22_F_7_stageii.npz,4.0,0.0,1.0,329,120.0,2.7333333333333334,4
view0__BMLmovi__Subject_22_F_MoSh__Subject_22_F_8,view0,/bigdata/users/quansj/datasets/Doppler/wilddoppler/legacy/datasets/AMASS_SMPLX_2022/BMLmovi/Subject_22_F_MoSh/Subject_22_F_8_stageii.npz,4.0,0.0,1.0,1009,120.0,8.4,15
view0__BMLmovi__Subject_22_F_MoSh__Subject_22_F_9,view0,/bigdata/users/quansj/datasets/Doppler/wilddoppler/legacy/datasets/AMASS_SMPLX_2022/BMLmovi/Subject_22_F_MoSh/Subject_22_F_9_stageii.npz,4.0,0.0,1.0,397,120.0,3.3,5
view0__BMLmovi__Subject_23_F_MoSh__Subject_23_F_10,view0,/bigdata/users/quansj/datasets/Doppler/wilddoppler/legacy/datasets/AMASS_SMPLX_2022/BMLmovi/Subject_23_F_MoSh/Subject_23_F_10_stageii.npz,4.0,0.0,1.0,297,120.0,2.466666666666667,3
view0__BMLmovi__Subject_23_F_MoSh__Subject_23_F_11,view0,/bigdata/users/quansj/datasets/Doppler/wilddoppler/legacy/datasets/AMASS_SMPLX_2022/BMLmovi/Subject_23_F_MoSh/Subject_23_F_11_stageii.npz,4.0,0.0,1.0,585,120.0,4.866666666666666,8
view0__BMLmovi__Subject_23_F_MoSh__Subject_23_F_12,view0,/bigdata/users/quansj/datasets/Doppler/wilddoppler/legacy/datasets/AMASS_SMPLX_2022/BMLmovi/Subject_23_F_MoSh/Subject_23_F_12_stageii.npz,4.0,0.0,1.0,289,120.0,2.4,3
view0__BMLmovi__Subject_23_F_MoSh__Subject_23_F_13,view0,/bigdata/users/quansj/datasets/Doppler/wilddoppler/legacy/datasets/AMASS_SMPLX_2022/BMLmovi/Subject_23_F_MoSh/Subject_23_F_13_stageii.npz,4.0,0.0,1.0,857,120.0,7.133333333333334,13
view0__BMLmovi__Subject_23_F_MoSh__Subject_23_F_14,view0,/bigdata/users/quansj/datasets/Doppler/wilddoppler/legacy/datasets/AMASS_SMPLX_2022/BMLmovi/Subject_23_F_MoSh/Subject_23_F_14_stageii.npz,4.0,0.0,1.0,1133,120.0,9.433333333333334,17
view0__BMLmovi__Subject_23_F_MoSh__Subject_23_F_15,view0,/bigdata/users/quansj/datasets/Doppler/wilddoppler/legacy/datasets/AMASS_SMPLX_2022/BMLmovi/Subject_23_F_MoSh/Subject_23_F_15_stageii.npz,4.0,0.0,1.0,729,120.0,6.066666666666666,11
view0__BMLmovi__Subject_23_F_MoSh__Subject_23_F_16,view0,/bigdata/users/quansj/datasets/Doppler/wilddoppler/legacy/datasets/AMASS_SMPLX_2022/BMLmovi/Subject_23_F_MoSh/Subject_23_F_16_stageii.npz,4.0,0.0,1.0,333,120.0,2.7666666666666666,4
view0__BMLmovi__Subject_23_F_MoSh__Subject_23_F_17,view0,/bigdata/users/quansj/datasets/Doppler/wilddoppler/legacy/datasets/AMASS_SMPLX_2022/BMLmovi/Subject_23_F_MoSh/Subject_23_F_17_stageii.npz,4.0,0.0,1.0,313,120.0,2.6,4
view0__BMLmovi__Subject_23_F_MoSh__Subject_23_F_18,view0,/bigdata/users/quansj/datasets/Doppler/wilddoppler/legacy/datasets/AMASS_SMPLX_2022/BMLmovi/Subject_23_F_MoSh/Subject_23_F_18_stageii.npz,4.0,0.0,1.0,529,120.0,4.4,7
view0__BMLmovi__Subject_23_F_MoSh__Subject_23_F_19,view0,/bigdata/users/quansj/datasets/Doppler/wilddoppler/legacy/datasets/AMASS_SMPLX_2022/BMLmovi/Subject_23_F_MoSh/Subject_23_F_19_stageii.npz,4.0,0.0,1.0,497,120.0,4.133333333333334,7
view0__BMLmovi__Subject_23_F_MoSh__Subject_23_F_1,view0,/bigdata/users/quansj/datasets/Doppler/wilddoppler/legacy/datasets/AMASS_SMPLX_2022/BMLmovi/Subject_23_F_MoSh/Subject_23_F_1_stageii.npz,4.0,0.0,1.0,597,120.0,4.966666666666667,8
view0__BMLmovi__Subject_23_F_MoSh__Subject_23_F_20,view0,/bigdata/users/quansj/datasets/Doppler/wilddoppler/legacy/datasets/AMASS_SMPLX_2022/BMLmovi/Subject_23_F_MoSh/Subject_23_F_20_stageii.npz,4.0,0.0,1.0,845,120.0,7.033333333333333,13
view0__BMLmovi__Subject_23_F_MoSh__Subject_23_F_21,view0,/bigdata/users/quansj/datasets/Doppler/wilddoppler/legacy/datasets/AMASS_SMPLX_2022/BMLmovi/Subject_23_F_MoSh/Subject_23_F_21_stageii.npz,4.0,0.0,1.0,897,120.0,7.466666666666667,13
view0__BMLmovi__Subject_23_F_MoSh__Subject_23_F_2,view0,/bigdata/users/quansj/datasets/Doppler/wilddoppler/legacy/datasets/AMASS_SMPLX_2022/BMLmovi/Subject_23_F_MoSh/Subject_23_F_2_stageii.npz,4.0,0.0,1.0,381,120.0,3.1666666666666665,5
view0__BMLmovi__Subject_23_F_MoSh__Subject_23_F_3,view0,/bigdata/users/quansj/datasets/Doppler/wilddoppler/legacy/datasets/AMASS_SMPLX_2022/BMLmovi/Subject_23_F_MoSh/Subject_23_F_3_stageii.npz,4.0,0.0,1.0,289,120.0,2.4,3
view0__BMLmovi__Subject_23_F_MoSh__Subject_23_F_4,view0,/bigdata/users/quansj/datasets/Doppler/wilddoppler/legacy/datasets/AMASS_SMPLX_2022/BMLmovi/Subject_23_F_MoSh/Subject_23_F_4_stageii.npz,4.0,0.0,1.0,309,120.0,2.566666666666667,4
view0__BMLmovi__Subject_23_F_MoSh__Subject_23_F_5,view0,/bigdata/users/quansj/datasets/Doppler/wilddoppler/legacy/datasets/AMASS_SMPLX_2022/BMLmovi/Subject_23_F_MoSh/Subject_23_F_5_stageii.npz,4.0,0.0,1.0,433,120.0,3.6,6
view0__BMLmovi__Subject_23_F_MoSh__Subject_23_F_6,view0,/bigdata/users/quansj/datasets/Doppler/wilddoppler/legacy/datasets/AMASS_SMPLX_2022/BMLmovi/Subject_23_F_MoSh/Subject_23_F_6_stageii.npz,4.0,0.0,1.0,361,120.0,3.0,5
view0__BMLmovi__Subject_23_F_MoSh__Subject_23_F_7,view0,/bigdata/users/quansj/datasets/Doppler/wilddoppler/legacy/datasets/AMASS_SMPLX_2022/BMLmovi/Subject_23_F_MoSh/Subject_23_F_7_stageii.npz,4.0,0.0,1.0,389,120.0,3.2333333333333334,5
view0__BMLmovi__Subject_23_F_MoSh__Subject_23_F_8,view0,/bigdata/users/quansj/datasets/Doppler/wilddoppler/legacy/datasets/AMASS_SMPLX_2022/BMLmovi/Subject_23_F_MoSh/Subject_23_F_8_stageii.npz,4.0,0.0,1.0,649,120.0,5.4,9
view0__BMLmovi__Subject_23_F_MoSh__Subject_23_F_9,view0,/bigdata/users/quansj/datasets/Doppler/wilddoppler/legacy/datasets/AMASS_SMPLX_2022/BMLmovi/Subject_23_F_MoSh/Subject_23_F_9_stageii.npz,4.0,0.0,1.0,809,120.0,6.733333333333333,12
view0__BMLmovi__Subject_24_F_MoSh__Subject_24_F_10,view0,/bigdata/users/quansj/datasets/Doppler/wilddoppler/legacy/datasets/AMASS_SMPLX_2022/BMLmovi/Subject_24_F_MoSh/Subject_24_F_10_stageii.npz,4.0,0.0,1.0,309,120.0,2.566666666666667,4
view0__BMLmovi__Subject_24_F_MoSh__Subject_24_F_11,view0,/bigdata/users/quansj/datasets/Doppler/wilddoppler/legacy/datasets/AMASS_SMPLX_2022/BMLmovi/Subject_24_F_MoSh/Subject_24_F_11_stageii.npz,4.0,0.0,1.0,1229,120.0,10.233333333333333,19
view0__BMLmovi__Subject_24_F_MoSh__Subject_24_F_12,view0,/bigdata/users/quansj/datasets/Doppler/wilddoppler/legacy/datasets/AMASS_SMPLX_2022/BMLmovi/Subject_24_F_MoSh/Subject_24_F_12_stageii.npz,4.0,0.0,1.0,589,120.0,4.9,8
view0__BMLmovi__Subject_24_F_MoSh__Subject_24_F_13,view0,/bigdata/users/quansj/datasets/Doppler/wilddoppler/legacy/datasets/AMASS_SMPLX_2022/BMLmovi/Subject_24_F_MoSh/Subject_24_F_13_stageii.npz,4.0,0.0,1.0,405,120.0,3.3666666666666667,5
view0__BMLmovi__Subject_24_F_MoSh__Subject_24_F_14,view0,/bigdata/users/quansj/datasets/Doppler/wilddoppler/legacy/datasets/AMASS_SMPLX_2022/BMLmovi/Subject_24_F_MoSh/Subject_24_F_14_stageii.npz,4.0,0.0,1.0,421,120.0,3.5,6
view0__BMLmovi__Subject_24_F_MoSh__Subject_24_F_15,view0,/bigdata/users/quansj/datasets/Doppler/wilddoppler/legacy/datasets/AMASS_SMPLX_2022/BMLmovi/Subject_24_F_MoSh/Subject_24_F_15_stageii.npz,4.0,0.0,1.0,693,120.0,5.766666666666667,10
view0__BMLmovi__Subject_24_F_MoSh__Subject_24_F_16,view0,/bigdata/users/quansj/datasets/Doppler/wilddoppler/legacy/datasets/AMASS_SMPLX_2022/BMLmovi/Subject_24_F_MoSh/Subject_24_F_16_stageii.npz,4.0,0.0,1.0,929,120.0,7.733333333333333,14
view0__BMLmovi__Subject_24_F_MoSh__Subject_24_F_17,view0,/bigdata/users/quansj/datasets/Doppler/wilddoppler/legacy/datasets/AMASS_SMPLX_2022/BMLmovi/Subject_24_F_MoSh/Subject_24_F_17_stageii.npz,4.0,0.0,1.0,781,120.0,6.5,12
view0__BMLmovi__Subject_24_F_MoSh__Subject_24_F_18,view0,/bigdata/users/quansj/datasets/Doppler/wilddoppler/legacy/datasets/AMASS_SMPLX_2022/BMLmovi/Subject_24_F_MoSh/Subject_24_F_18_stageii.npz,4.0,0.0,1.0,569,120.0,4.733333333333333,8
view0__BMLmovi__Subject_24_F_MoSh__Subject_24_F_19,view0,/bigdata/users/quansj/datasets/Doppler/wilddoppler/legacy/datasets/AMASS_SMPLX_2022/BMLmovi/Subject_24_F_MoSh/Subject_24_F_19_stageii.npz,4.0,0.0,1.0,597,120.0,4.966666666666667,8
view0__BMLmovi__Subject_24_F_MoSh__Subject_24_F_1,view0,/bigdata/users/quansj/datasets/Doppler/wilddoppler/legacy/datasets/AMASS_SMPLX_2022/BMLmovi/Subject_24_F_MoSh/Subject_24_F_1_stageii.npz,4.0,0.0,1.0,477,120.0,3.966666666666667,6
view0__BMLmovi__Subject_24_F_MoSh__Subject_24_F_20,view0,/bigdata/users/quansj/datasets/Doppler/wilddoppler/legacy/datasets/AMASS_SMPLX_2022/BMLmovi/Subject_24_F_MoSh/Subject_24_F_20_stageii.npz,4.0,0.0,1.0,353,120.0,2.933333333333333,4
view0__BMLmovi__Subject_24_F_MoSh__Subject_24_F_21,view0,/bigdata/users/quansj/datasets/Doppler/wilddoppler/legacy/datasets/AMASS_SMPLX_2022/BMLmovi/Subject_24_F_MoSh/Subject_24_F_21_stageii.npz,4.0,0.0,1.0,1317,120.0,10.966666666666667,20
view0__BMLmovi__Subject_24_F_MoSh__Subject_24_F_2,view0,/bigdata/users/quansj/datasets/Doppler/wilddoppler/legacy/datasets/AMASS_SMPLX_2022/BMLmovi/Subject_24_F_MoSh/Subject_24_F_2_stageii.npz,4.0,0.0,1.0,345,120.0,2.8666666666666667,4
view0__BMLmovi__Subject_24_F_MoSh__Subject_24_F_3,view0,/bigdata/users/quansj/datasets/Doppler/wilddoppler/legacy/datasets/AMASS_SMPLX_2022/BMLmovi/Subject_24_F_MoSh/Subject_24_F_3_stageii.npz,4.0,0.0,1.0,353,120.0,2.933333333333333,4
view0__BMLmovi__Subject_24_F_MoSh__Subject_24_F_4,view0,/bigdata/users/quansj/datasets/Doppler/wilddoppler/legacy/datasets/AMASS_SMPLX_2022/BMLmovi/Subject_24_F_MoSh/Subject_24_F_4_stageii.npz,4.0,0.0,1.0,289,120.0,2.4,3
view0__BMLmovi__Subject_24_F_MoSh__Subject_24_F_5,view0,/bigdata/users/quansj/datasets/Doppler/wilddoppler/legacy/datasets/AMASS_SMPLX_2022/BMLmovi/Subject_24_F_MoSh/Subject_24_F_5_stageii.npz,4.0,0.0,1.0,405,120.0,3.3666666666666667,5
view0__BMLmovi__Subject_24_F_MoSh__Subject_24_F_6,view0,/bigdata/users/quansj/datasets/Doppler/wilddoppler/legacy/datasets/AMASS_SMPLX_2022/BMLmovi/Subject_24_F_MoSh/Subject_24_F_6_stageii.npz,4.0,0.0,1.0,337,120.0,2.8,4
view0__BMLmovi__Subject_24_F_MoSh__Subject_24_F_7,view0,/bigdata/users/quansj/datasets/Doppler/wilddoppler/legacy/datasets/AMASS_SMPLX_2022/BMLmovi/Subject_24_F_MoSh/Subject_24_F_7_stageii.npz,4.0,0.0,1.0,377,120.0,3.1333333333333333,5
view0__BMLmovi__Subject_24_F_MoSh__Subject_24_F_8,view0,/bigdata/users/quansj/datasets/Doppler/wilddoppler/legacy/datasets/AMASS_SMPLX_2022/BMLmovi/Subject_24_F_MoSh/Subject_24_F_8_stageii.npz,4.0,0.0,1.0,1225,120.0,10.2,19
view0__BMLmovi__Subject_24_F_MoSh__Subject_24_F_9,view0,/bigdata/users/quansj/datasets/Doppler/wilddoppler/legacy/datasets/AMASS_SMPLX_2022/BMLmovi/Subject_24_F_MoSh/Subject_24_F_9_stageii.npz,4.0,0.0,1.0,309,120.0,2.566666666666667,4
view0__BMLmovi__Subject_25_F_MoSh__Subject_25_F_10,view0,/bigdata/users/quansj/datasets/Doppler/wilddoppler/legacy/datasets/AMASS_SMPLX_2022/BMLmovi/Subject_25_F_MoSh/Subject_25_F_10_stageii.npz,4.0,0.0,1.0,477,120.0,3.966666666666667,6
view0__BMLmovi__Subject_25_F_MoSh__Subject_25_F_11,view0,/bigdata/users/quansj/datasets/Doppler/wilddoppler/legacy/datasets/AMASS_SMPLX_2022/BMLmovi/Subject_25_F_MoSh/Subject_25_F_11_stageii.npz,4.0,0.0,1.0,489,120.0,4.066666666666666,7
view0__BMLmovi__Subject_25_F_MoSh__Subject_25_F_12,view0,/bigdata/users/quansj/datasets/Doppler/wilddoppler/legacy/datasets/AMASS_SMPLX_2022/BMLmovi/Subject_25_F_MoSh/Subject_25_F_12_stageii.npz,4.0,0.0,1.0,929,120.0,7.733333333333333,14
view0__BMLmovi__Subject_25_F_MoSh__Subject_25_F_13,view0,/bigdata/users/quansj/datasets/Doppler/wilddoppler/legacy/datasets/AMASS_SMPLX_2022/BMLmovi/Subject_25_F_MoSh/Subject_25_F_13_stageii.npz,4.0,0.0,1.0,841,120.0,7.0,13
view0__BMLmovi__Subject_25_F_MoSh__Subject_25_F_14,view0,/bigdata/users/quansj/datasets/Doppler/wilddoppler/legacy/datasets/AMASS_SMPLX_2022/BMLmovi/Subject_25_F_MoSh/Subject_25_F_14_stageii.npz,4.0,0.0,1.0,437,120.0,3.6333333333333333,6
view0__BMLmovi__Subject_25_F_MoSh__Subject_25_F_15,view0,/bigdata/users/quansj/datasets/Doppler/wilddoppler/legacy/datasets/AMASS_SMPLX_2022/BMLmovi/Subject_25_F_MoSh/Subject_25_F_15_stageii.npz,4.0,0.0,1.0,281,120.0,2.3333333333333335,3
view0__BMLmovi__Subject_25_F_MoSh__Subject_25_F_16,view0,/bigdata/users/quansj/datasets/Doppler/wilddoppler/legacy/datasets/AMASS_SMPLX_2022/BMLmovi/Subject_25_F_MoSh/Subject_25_F_16_stageii.npz,4.0,0.0,1.0,845,120.0,7.033333333333333,13
view0__BMLmovi__Subject_25_F_MoSh__Subject_25_F_17,view0,/bigdata/users/quansj/datasets/Doppler/wilddoppler/legacy/datasets/AMASS_SMPLX_2022/BMLmovi/Subject_25_F_MoSh/Subject_25_F_17_stageii.npz,4.0,0.0,1.0,373,120.0,3.1,5
view0__BMLmovi__Subject_25_F_MoSh__Subject_25_F_18,view0,/bigdata/users/quansj/datasets/Doppler/wilddoppler/legacy/datasets/AMASS_SMPLX_2022/BMLmovi/Subject_25_F_MoSh/Subject_25_F_18_stageii.npz,4.0,0.0,1.0,941,120.0,7.833333333333333,14
view0__BMLmovi__Subject_25_F_MoSh__Subject_25_F_19,view0,/bigdata/users/quansj/datasets/Doppler/wilddoppler/legacy/datasets/AMASS_SMPLX_2022/BMLmovi/Subject_25_F_MoSh/Subject_25_F_19_stageii.npz,4.0,0.0,1.0,265,120.0,2.2,3
view0__BMLmovi__Subject_25_F_MoSh__Subject_25_F_1,view0,/bigdata/users/quansj/datasets/Doppler/wilddoppler/legacy/datasets/AMASS_SMPLX_2022/BMLmovi/Subject_25_F_MoSh/Subject_25_F_1_stageii.npz,4.0,0.0,1.0,805,120.0,6.7,12
view0__BMLmovi__Subject_25_F_MoSh__Subject_25_F_20,view0,/bigdata/users/quansj/datasets/Doppler/wilddoppler/legacy/datasets/AMASS_SMPLX_2022/BMLmovi/Subject_25_F_MoSh/Subject_25_F_20_stageii.npz,4.0,0.0,1.0,353,120.0,2.933333333333333,4
view0__BMLmovi__Subject_25_F_MoSh__Subject_25_F_21,view0,/bigdata/users/quansj/datasets/Doppler/wilddoppler/legacy/datasets/AMASS_SMPLX_2022/BMLmovi/Subject_25_F_MoSh/Subject_25_F_21_stageii.npz,4.0,0.0,1.0,841,120.0,7.0,13
view0__BMLmovi__Subject_25_F_MoSh__Subject_25_F_2,view0,/bigdata/users/quansj/datasets/Doppler/wilddoppler/legacy/datasets/AMASS_SMPLX_2022/BMLmovi/Subject_25_F_MoSh/Subject_25_F_2_stageii.npz,4.0,0.0,1.0,421,120.0,3.5,6
view0__BMLmovi__Subject_25_F_MoSh__Subject_25_F_3,view0,/bigdata/users/quansj/datasets/Doppler/wilddoppler/legacy/datasets/AMASS_SMPLX_2022/BMLmovi/Subject_25_F_MoSh/Subject_25_F_3_stageii.npz,4.0,0.0,1.0,433,120.0,3.6,6
view0__BMLmovi__Subject_25_F_MoSh__Subject_25_F_4,view0,/bigdata/users/quansj/datasets/Doppler/wilddoppler/legacy/datasets/AMASS_SMPLX_2022/BMLmovi/Subject_25_F_MoSh/Subject_25_F_4_stageii.npz,4.0,0.0,1.0,313,120.0,2.6,4
view0__BMLmovi__Subject_25_F_MoSh__Subject_25_F_5,view0,/bigdata/users/quansj/datasets/Doppler/wilddoppler/legacy/datasets/AMASS_SMPLX_2022/BMLmovi/Subject_25_F_MoSh/Subject_25_F_5_stageii.npz,4.0,0.0,1.0,373,120.0,3.1,5
view0__BMLmovi__Subject_25_F_MoSh__Subject_25_F_6,view0,/bigdata/users/quansj/datasets/Doppler/wilddoppler/legacy/datasets/AMASS_SMPLX_2022/BMLmovi/Subject_25_F_MoSh/Subject_25_F_6_stageii.npz,4.0,0.0,1.0,245,120.0,2.033333333333333,3
view0__BMLmovi__Subject_25_F_MoSh__Subject_25_F_7,view0,/bigdata/users/quansj/datasets/Doppler/wilddoppler/legacy/datasets/AMASS_SMPLX_2022/BMLmovi/Subject_25_F_MoSh/Subject_25_F_7_stageii.npz,4.0,0.0,1.0,321,120.0,2.6666666666666665,4
view0__BMLmovi__Subject_25_F_MoSh__Subject_25_F_8,view0,/bigdata/users/quansj/datasets/Doppler/wilddoppler/legacy/datasets/AMASS_SMPLX_2022/BMLmovi/Subject_25_F_MoSh/Subject_25_F_8_stageii.npz,4.0,0.0,1.0,457,120.0,3.8,6
view0__BMLmovi__Subject_25_F_MoSh__Subject_25_F_9,view0,/bigdata/users/quansj/datasets/Doppler/wilddoppler/legacy/datasets/AMASS_SMPLX_2022/BMLmovi/Subject_25_F_MoSh/Subject_25_F_9_stageii.npz,4.0,0.0,1.0,249,120.0,2.066666666666667,3
view0__BMLmovi__Subject_26_F_MoSh__Subject_26_F_10,view0,/bigdata/users/quansj/datasets/Doppler/wilddoppler/legacy/datasets/AMASS_SMPLX_2022/BMLmovi/Subject_26_F_MoSh/Subject_26_F_10_stageii.npz,4.0,0.0,1.0,437,120.0,3.6333333333333333,6
view0__BMLmovi__Subject_26_F_MoSh__Subject_26_F_11,view0,/bigdata/users/quansj/datasets/Doppler/wilddoppler/legacy/datasets/AMASS_SMPLX_2022/BMLmovi/Subject_26_F_MoSh/Subject_26_F_11_stageii.npz,4.0,0.0,1.0,477,120.0,3.966666666666667,6
view0__BMLmovi__Subject_26_F_MoSh__Subject_26_F_12,view0,/bigdata/users/quansj/datasets/Doppler/wilddoppler/legacy/datasets/AMASS_SMPLX_2022/BMLmovi/Subject_26_F_MoSh/Subject_26_F_12_stageii.npz,4.0,0.0,1.0,805,120.0,6.7,12
view0__BMLmovi__Subject_26_F_MoSh__Subject_26_F_13,view0,/bigdata/users/quansj/datasets/Doppler/wilddoppler/legacy/datasets/AMASS_SMPLX_2022/BMLmovi/Subject_26_F_MoSh/Subject_26_F_13_stageii.npz,4.0,0.0,1.0,433,120.0,3.6,6
view0__BMLmovi__Subject_26_F_MoSh__Subject_26_F_14,view0,/bigdata/users/quansj/datasets/Doppler/wilddoppler/legacy/datasets/AMASS_SMPLX_2022/BMLmovi/Subject_26_F_MoSh/Subject_26_F_14_stageii.npz,4.0,0.0,1.0,1645,120.0,13.7,26
view0__BMLmovi__Subject_26_F_MoSh__Subject_26_F_15,view0,/bigdata/users/quansj/datasets/Doppler/wilddoppler/legacy/datasets/AMASS_SMPLX_2022/BMLmovi/Subject_26_F_MoSh/Subject_26_F_15_stageii.npz,4.0,0.0,1.0,317,120.0,2.6333333333333333,4
view0__BMLmovi__Subject_26_F_MoSh__Subject_26_F_16,view0,/bigdata/users/quansj/datasets/Doppler/wilddoppler/legacy/datasets/AMASS_SMPLX_2022/BMLmovi/Subject_26_F_MoSh/Subject_26_F_16_stageii.npz,4.0,0.0,1.0,293,120.0,2.433333333333333,3
view0__BMLmovi__Subject_26_F_MoSh__Subject_26_F_17,view0,/bigdata/users/quansj/datasets/Doppler/wilddoppler/legacy/datasets/AMASS_SMPLX_2022/BMLmovi/Subject_26_F_MoSh/Subject_26_F_17_stageii.npz,4.0,0.0,1.0,297,120.0,2.466666666666667,3
view0__BMLmovi__Subject_26_F_MoSh__Subject_26_F_18,view0,/bigdata/users/quansj/datasets/Doppler/wilddoppler/legacy/datasets/AMASS_SMPLX_2022/BMLmovi/Subject_26_F_MoSh/Subject_26_F_18_stageii.npz,4.0,0.0,1.0,1101,120.0,9.166666666666666,17
view0__BMLmovi__Subject_26_F_MoSh__Subject_26_F_19,view0,/bigdata/users/quansj/datasets/Doppler/wilddoppler/legacy/datasets/AMASS_SMPLX_2022/BMLmovi/Subject_26_F_MoSh/Subject_26_F_19_stageii.npz,4.0,0.0,1.0,1253,120.0,10.433333333333334,19
view0__BMLmovi__Subject_26_F_MoSh__Subject_26_F_1,view0,/bigdata/users/quansj/datasets/Doppler/wilddoppler/legacy/datasets/AMASS_SMPLX_2022/BMLmovi/Subject_26_F_MoSh/Subject_26_F_1_stageii.npz,4.0,0.0,1.0,1189,120.0,9.9,18
view0__BMLmovi__Subject_26_F_MoSh__Subject_26_F_20,view0,/bigdata/users/quansj/datasets/Doppler/wilddoppler/legacy/datasets/AMASS_SMPLX_2022/BMLmovi/Subject_26_F_MoSh/Subject_26_F_20_stageii.npz,4.0,0.0,1.0,773,120.0,6.433333333333334,11
view0__BMLmovi__Subject_26_F_MoSh__Subject_26_F_21,view0,/bigdata/users/quansj/datasets/Doppler/wilddoppler/legacy/datasets/AMASS_SMPLX_2022/BMLmovi/Subject_26_F_MoSh/Subject_26_F_21_stageii.npz,4.0,0.0,1.0,349,120.0,2.9,4
view0__BMLmovi__Subject_26_F_MoSh__Subject_26_F_2,view0,/bigdata/users/quansj/datasets/Doppler/wilddoppler/legacy/datasets/AMASS_SMPLX_2022/BMLmovi/Subject_26_F_MoSh/Subject_26_F_2_stageii.npz,4.0,0.0,1.0,1281,120.0,10.666666666666666,20
view0__BMLmovi__Subject_26_F_MoSh__Subject_26_F_3,view0,/bigdata/users/quansj/datasets/Doppler/wilddoppler/legacy/datasets/AMASS_SMPLX_2022/BMLmovi/Subject_26_F_MoSh/Subject_26_F_3_stageii.npz,4.0,0.0,1.0,473,120.0,3.933333333333333,6
view0__BMLmovi__Subject_26_F_MoSh__Subject_26_F_4,view0,/bigdata/users/quansj/datasets/Doppler/wilddoppler/legacy/datasets/AMASS_SMPLX_2022/BMLmovi/Subject_26_F_MoSh/Subject_26_F_4_stageii.npz,4.0,0.0,1.0,373,120.0,3.1,5
view0__BMLmovi__Subject_26_F_MoSh__Subject_26_F_5,view0,/bigdata/users/quansj/datasets/Doppler/wilddoppler/legacy/datasets/AMASS_SMPLX_2022/BMLmovi/Subject_26_F_MoSh/Subject_26_F_5_stageii.npz,4.0,0.0,1.0,297,120.0,2.466666666666667,3
view0__BMLmovi__Subject_26_F_MoSh__Subject_26_F_6,view0,/bigdata/users/quansj/datasets/Doppler/wilddoppler/legacy/datasets/AMASS_SMPLX_2022/BMLmovi/Subject_26_F_MoSh/Subject_26_F_6_stageii.npz,4.0,0.0,1.0,489,120.0,4.066666666666666,7
view0__BMLmovi__Subject_26_F_MoSh__Subject_26_F_7,view0,/bigdata/users/quansj/datasets/Doppler/wilddoppler/legacy/datasets/AMASS_SMPLX_2022/BMLmovi/Subject_26_F_MoSh/Subject_26_F_7_stageii.npz,4.0,0.0,1.0,537,120.0,4.466666666666667,7
view0__BMLmovi__Subject_26_F_MoSh__Subject_26_F_8,view0,/bigdata/users/quansj/datasets/Doppler/wilddoppler/legacy/datasets/AMASS_SMPLX_2022/BMLmovi/Subject_26_F_MoSh/Subject_26_F_8_stageii.npz,4.0,0.0,1.0,409,120.0,3.4,5
view0__BMLmovi__Subject_26_F_MoSh__Subject_26_F_9,view0,/bigdata/users/quansj/datasets/Doppler/wilddoppler/legacy/datasets/AMASS_SMPLX_2022/BMLmovi/Subject_26_F_MoSh/Subject_26_F_9_stageii.npz,4.0,0.0,1.0,605,120.0,5.033333333333333,9
view0__BMLmovi__Subject_27_F_MoSh__Subject_27_F_10,view0,/bigdata/users/quansj/datasets/Doppler/wilddoppler/legacy/datasets/AMASS_SMPLX_2022/BMLmovi/Subject_27_F_MoSh/Subject_27_F_10_stageii.npz,4.0,0.0,1.0,393,120.0,3.2666666666666666,5
view0__BMLmovi__Subject_27_F_MoSh__Subject_27_F_11,view0,/bigdata/users/quansj/datasets/Doppler/wilddoppler/legacy/datasets/AMASS_SMPLX_2022/BMLmovi/Subject_27_F_MoSh/Subject_27_F_11_stageii.npz,4.0,0.0,1.0,937,120.0,7.8,14
view0__BMLmovi__Subject_27_F_MoSh__Subject_27_F_12,view0,/bigdata/users/quansj/datasets/Doppler/wilddoppler/legacy/datasets/AMASS_SMPLX_2022/BMLmovi/Subject_27_F_MoSh/Subject_27_F_12_stageii.npz,4.0,0.0,1.0,605,120.0,5.033333333333333,9
view0__BMLmovi__Subject_27_F_MoSh__Subject_27_F_13,view0,/bigdata/users/quansj/datasets/Doppler/wilddoppler/legacy/datasets/AMASS_SMPLX_2022/BMLmovi/Subject_27_F_MoSh/Subject_27_F_13_stageii.npz,4.0,0.0,1.0,481,120.0,4.0,7
view0__BMLmovi__Subject_27_F_MoSh__Subject_27_F_14,view0,/bigdata/users/quansj/datasets/Doppler/wilddoppler/legacy/datasets/AMASS_SMPLX_2022/BMLmovi/Subject_27_F_MoSh/Subject_27_F_14_stageii.npz,4.0,0.0,1.0,601,120.0,5.0,9
view0__BMLmovi__Subject_27_F_MoSh__Subject_27_F_15,view0,/bigdata/users/quansj/datasets/Doppler/wilddoppler/legacy/datasets/AMASS_SMPLX_2022/BMLmovi/Subject_27_F_MoSh/Subject_27_F_15_stageii.npz,4.0,0.0,1.0,537,120.0,4.466666666666667,7
view0__BMLmovi__Subject_27_F_MoSh__Subject_27_F_16,view0,/bigdata/users/quansj/datasets/Doppler/wilddoppler/legacy/datasets/AMASS_SMPLX_2022/BMLmovi/Subject_27_F_MoSh/Subject_27_F_16_stageii.npz,4.0,0.0,1.0,421,120.0,3.5,6
view0__BMLmovi__Subject_27_F_MoSh__Subject_27_F_17,view0,/bigdata/users/quansj/datasets/Doppler/wilddoppler/legacy/datasets/AMASS_SMPLX_2022/BMLmovi/Subject_27_F_MoSh/Subject_27_F_17_stageii.npz,4.0,0.0,1.0,1185,120.0,9.866666666666667,18
view0__BMLmovi__Subject_27_F_MoSh__Subject_27_F_18,view0,/bigdata/users/quansj/datasets/Doppler/wilddoppler/legacy/datasets/AMASS_SMPLX_2022/BMLmovi/Subject_27_F_MoSh/Subject_27_F_18_stageii.npz,4.0,0.0,1.0,465,120.0,3.8666666666666667,6
view0__BMLmovi__Subject_27_F_MoSh__Subject_27_F_19,view0,/bigdata/users/quansj/datasets/Doppler/wilddoppler/legacy/datasets/AMASS_SMPLX_2022/BMLmovi/Subject_27_F_MoSh/Subject_27_F_19_stageii.npz,4.0,0.0,1.0,501,120.0,4.166666666666667,7
view0__BMLmovi__Subject_27_F_MoSh__Subject_27_F_1,view0,/bigdata/users/quansj/datasets/Doppler/wilddoppler/legacy/datasets/AMASS_SMPLX_2022/BMLmovi/Subject_27_F_MoSh/Subject_27_F_1_stageii.npz,4.0,0.0,1.0,461,120.0,3.8333333333333335,6
view0__BMLmovi__Subject_27_F_MoSh__Subject_27_F_20,view0,/bigdata/users/quansj/datasets/Doppler/wilddoppler/legacy/datasets/AMASS_SMPLX_2022/BMLmovi/Subject_27_F_MoSh/Subject_27_F_20_stageii.npz,4.0,0.0,1.0,313,120.0,2.6,4
view0__BMLmovi__Subject_27_F_MoSh__Subject_27_F_21,view0,/bigdata/users/quansj/datasets/Doppler/wilddoppler/legacy/datasets/AMASS_SMPLX_2022/BMLmovi/Subject_27_F_MoSh/Subject_27_F_21_stageii.npz,4.0,0.0,1.0,309,120.0,2.566666666666667,4
view0__BMLmovi__Subject_27_F_MoSh__Subject_27_F_2,view0,/bigdata/users/quansj/datasets/Doppler/wilddoppler/legacy/datasets/AMASS_SMPLX_2022/BMLmovi/Subject_27_F_MoSh/Subject_27_F_2_stageii.npz,4.0,0.0,1.0,397,120.0,3.3,5
view0__BMLmovi__Subject_27_F_MoSh__Subject_27_F_3,view0,/bigdata/users/quansj/datasets/Doppler/wilddoppler/legacy/datasets/AMASS_SMPLX_2022/BMLmovi/Subject_27_F_MoSh/Subject_27_F_3_stageii.npz,4.0,0.0,1.0,921,120.0,7.666666666666667,14
view0__BMLmovi__Subject_27_F_MoSh__Subject_27_F_4,view0,/bigdata/users/quansj/datasets/Doppler/wilddoppler/legacy/datasets/AMASS_SMPLX_2022/BMLmovi/Subject_27_F_MoSh/Subject_27_F_4_stageii.npz,4.0,0.0,1.0,269,120.0,2.2333333333333334,3
view0__BMLmovi__Subject_27_F_MoSh__Subject_27_F_5,view0,/bigdata/users/quansj/datasets/Doppler/wilddoppler/legacy/datasets/AMASS_SMPLX_2022/BMLmovi/Subject_27_F_MoSh/Subject_27_F_5_stageii.npz,4.0,0.0,1.0,1269,120.0,10.566666666666666,20
view0__BMLmovi__Subject_27_F_MoSh__Subject_27_F_6,view0,/bigdata/users/quansj/datasets/Doppler/wilddoppler/legacy/datasets/AMASS_SMPLX_2022/BMLmovi/Subject_27_F_MoSh/Subject_27_F_6_stageii.npz,4.0,0.0,1.0,933,120.0,7.766666666666667,14
view0__BMLmovi__Subject_27_F_MoSh__Subject_27_F_7,view0,/bigdata/users/quansj/datasets/Doppler/wilddoppler/legacy/datasets/AMASS_SMPLX_2022/BMLmovi/Subject_27_F_MoSh/Subject_27_F_7_stageii.npz,4.0,0.0,1.0,885,120.0,7.366666666666666,13
view0__BMLmovi__Subject_27_F_MoSh__Subject_27_F_8,view0,/bigdata/users/quansj/datasets/Doppler/wilddoppler/legacy/datasets/AMASS_SMPLX_2022/BMLmovi/Subject_27_F_MoSh/Subject_27_F_8_stageii.npz,4.0,0.0,1.0,341,120.0,2.8333333333333335,4
view0__BMLmovi__Subject_27_F_MoSh__Subject_27_F_9,view0,/bigdata/users/quansj/datasets/Doppler/wilddoppler/legacy/datasets/AMASS_SMPLX_2022/BMLmovi/Subject_27_F_MoSh/Subject_27_F_9_stageii.npz,4.0,0.0,1.0,565,120.0,4.7,8
view0__BMLmovi__Subject_28_F_MoSh__Subject_28_F_10,view0,/bigdata/users/quansj/datasets/Doppler/wilddoppler/legacy/datasets/AMASS_SMPLX_2022/BMLmovi/Subject_28_F_MoSh/Subject_28_F_10_stageii.npz,4.0,0.0,1.0,401,120.0,3.3333333333333335,5
view0__BMLmovi__Subject_28_F_MoSh__Subject_28_F_11,view0,/bigdata/users/quansj/datasets/Doppler/wilddoppler/legacy/datasets/AMASS_SMPLX_2022/BMLmovi/Subject_28_F_MoSh/Subject_28_F_11_stageii.npz,4.0,0.0,1.0,1017,120.0,8.466666666666667,15
view0__BMLmovi__Subject_28_F_MoSh__Subject_28_F_12,view0,/bigdata/users/quansj/datasets/Doppler/wilddoppler/legacy/datasets/AMASS_SMPLX_2022/BMLmovi/Subject_28_F_MoSh/Subject_28_F_12_stageii.npz,4.0,0.0,1.0,405,120.0,3.3666666666666667,5
view0__BMLmovi__Subject_28_F_MoSh__Subject_28_F_13,view0,/bigdata/users/quansj/datasets/Doppler/wilddoppler/legacy/datasets/AMASS_SMPLX_2022/BMLmovi/Subject_28_F_MoSh/Subject_28_F_13_stageii.npz,4.0,0.0,1.0,1301,120.0,10.833333333333334,20
view0__BMLmovi__Subject_28_F_MoSh__Subject_28_F_14,view0,/bigdata/users/quansj/datasets/Doppler/wilddoppler/legacy/datasets/AMASS_SMPLX_2022/BMLmovi/Subject_28_F_MoSh/Subject_28_F_14_stageii.npz,4.0,0.0,1.0,1205,120.0,10.033333333333333,19
view0__BMLmovi__Subject_28_F_MoSh__Subject_28_F_15,view0,/bigdata/users/quansj/datasets/Doppler/wilddoppler/legacy/datasets/AMASS_SMPLX_2022/BMLmovi/Subject_28_F_MoSh/Subject_28_F_15_stageii.npz,4.0,0.0,1.0,197,120.0,1.6333333333333333,2
view0__BMLmovi__Subject_28_F_MoSh__Subject_28_F_16,view0,/bigdata/users/quansj/datasets/Doppler/wilddoppler/legacy/datasets/AMASS_SMPLX_2022/BMLmovi/Subject_28_F_MoSh/Subject_28_F_16_stageii.npz,4.0,0.0,1.0,293,120.0,2.433333333333333,3
view0__BMLmovi__Subject_28_F_MoSh__Subject_28_F_17,view0,/bigdata/users/quansj/datasets/Doppler/wilddoppler/legacy/datasets/AMASS_SMPLX_2022/BMLmovi/Subject_28_F_MoSh/Subject_28_F_17_stageii.npz,4.0,0.0,1.0,973,120.0,8.1,15
view0__BMLmovi__Subject_28_F_MoSh__Subject_28_F_18,view0,/bigdata/users/quansj/datasets/Doppler/wilddoppler/legacy/datasets/AMASS_SMPLX_2022/BMLmovi/Subject_28_F_MoSh/Subject_28_F_18_stageii.npz,4.0,0.0,1.0,457,120.0,3.8,6
view0__BMLmovi__Subject_28_F_MoSh__Subject_28_F_19,view0,/bigdata/users/quansj/datasets/Doppler/wilddoppler/legacy/datasets/AMASS_SMPLX_2022/BMLmovi/Subject_28_F_MoSh/Subject_28_F_19_stageii.npz,4.0,0.0,1.0,345,120.0,2.8666666666666667,4
view0__BMLmovi__Subject_28_F_MoSh__Subject_28_F_1,view0,/bigdata/users/quansj/datasets/Doppler/wilddoppler/legacy/datasets/AMASS_SMPLX_2022/BMLmovi/Subject_28_F_MoSh/Subject_28_F_1_stageii.npz,4.0,0.0,1.0,293,120.0,2.433333333333333,3
view0__BMLmovi__Subject_28_F_MoSh__Subject_28_F_20,view0,/bigdata/users/quansj/datasets/Doppler/wilddoppler/legacy/datasets/AMASS_SMPLX_2022/BMLmovi/Subject_28_F_MoSh/Subject_28_F_20_stageii.npz,4.0,0.0,1.0,873,120.0,7.266666666666667,13
view0__BMLmovi__Subject_28_F_MoSh__Subject_28_F_21,view0,/bigdata/users/quansj/datasets/Doppler/wilddoppler/legacy/datasets/AMASS_SMPLX_2022/BMLmovi/Subject_28_F_MoSh/Subject_28_F_21_stageii.npz,4.0,0.0,1.0,1141,120.0,9.5,18
view0__BMLmovi__Subject_28_F_MoSh__Subject_28_F_2,view0,/bigdata/users/quansj/datasets/Doppler/wilddoppler/legacy/datasets/AMASS_SMPLX_2022/BMLmovi/Subject_28_F_MoSh/Subject_28_F_2_stageii.npz,4.0,0.0,1.0,285,120.0,2.3666666666666667,3
view0__BMLmovi__Subject_28_F_MoSh__Subject_28_F_3,view0,/bigdata/users/quansj/datasets/Doppler/wilddoppler/legacy/datasets/AMASS_SMPLX_2022/BMLmovi/Subject_28_F_MoSh/Subject_28_F_3_stageii.npz,4.0,0.0,1.0,317,120.0,2.6333333333333333,4
view0__BMLmovi__Subject_28_F_MoSh__Subject_28_F_4,view0,/bigdata/users/quansj/datasets/Doppler/wilddoppler/legacy/datasets/AMASS_SMPLX_2022/BMLmovi/Subject_28_F_MoSh/Subject_28_F_4_stageii.npz,4.0,0.0,1.0,405,120.0,3.3666666666666667,5
view0__BMLmovi__Subject_28_F_MoSh__Subject_28_F_5,view0,/bigdata/users/quansj/datasets/Doppler/wilddoppler/legacy/datasets/AMASS_SMPLX_2022/BMLmovi/Subject_28_F_MoSh/Subject_28_F_5_stageii.npz,4.0,0.0,1.0,353,120.0,2.933333333333333,4
view0__BMLmovi__Subject_28_F_MoSh__Subject_28_F_6,view0,/bigdata/users/quansj/datasets/Doppler/wilddoppler/legacy/datasets/AMASS_SMPLX_2022/BMLmovi/Subject_28_F_MoSh/Subject_28_F_6_stageii.npz,4.0,0.0,1.0,289,120.0,2.4,3
view0__BMLmovi__Subject_28_F_MoSh__Subject_28_F_7,view0,/bigdata/users/quansj/datasets/Doppler/wilddoppler/legacy/datasets/AMASS_SMPLX_2022/BMLmovi/Subject_28_F_MoSh/Subject_28_F_7_stageii.npz,4.0,0.0,1.0,265,120.0,2.2,3
view0__BMLmovi__Subject_28_F_MoSh__Subject_28_F_8,view0,/bigdata/users/quansj/datasets/Doppler/wilddoppler/legacy/datasets/AMASS_SMPLX_2022/BMLmovi/Subject_28_F_MoSh/Subject_28_F_8_stageii.npz,4.0,0.0,1.0,549,120.0,4.566666666666666,8
view0__BMLmovi__Subject_28_F_MoSh__Subject_28_F_9,view0,/bigdata/users/quansj/datasets/Doppler/wilddoppler/legacy/datasets/AMASS_SMPLX_2022/BMLmovi/Subject_28_F_MoSh/Subject_28_F_9_stageii.npz,4.0,0.0,1.0,337,120.0,2.8,4
view0__BMLmovi__Subject_29_F_MoSh__Subject_29_F_10,view0,/bigdata/users/quansj/datasets/Doppler/wilddoppler/legacy/datasets/AMASS_SMPLX_2022/BMLmovi/Subject_29_F_MoSh/Subject_29_F_10_stageii.npz,4.0,0.0,1.0,281,120.0,2.3333333333333335,3
view0__BMLmovi__Subject_29_F_MoSh__Subject_29_F_11,view0,/bigdata/users/quansj/datasets/Doppler/wilddoppler/legacy/datasets/AMASS_SMPLX_2022/BMLmovi/Subject_29_F_MoSh/Subject_29_F_11_stageii.npz,4.0,0.0,1.0,433,120.0,3.6,6
view0__BMLmovi__Subject_29_F_MoSh__Subject_29_F_12,view0,/bigdata/users/quansj/datasets/Doppler/wilddoppler/legacy/datasets/AMASS_SMPLX_2022/BMLmovi/Subject_29_F_MoSh/Subject_29_F_12_stageii.npz,4.0,0.0,1.0,857,120.0,7.133333333333334,13
view0__BMLmovi__Subject_29_F_MoSh__Subject_29_F_13,view0,/bigdata/users/quansj/datasets/Doppler/wilddoppler/legacy/datasets/AMASS_SMPLX_2022/BMLmovi/Subject_29_F_MoSh/Subject_29_F_13_stageii.npz,4.0,0.0,1.0,489,120.0,4.066666666666666,7
view0__BMLmovi__Subject_29_F_MoSh__Subject_29_F_14,view0,/bigdata/users/quansj/datasets/Doppler/wilddoppler/legacy/datasets/AMASS_SMPLX_2022/BMLmovi/Subject_29_F_MoSh/Subject_29_F_14_stageii.npz,4.0,0.0,1.0,417,120.0,3.466666666666667,5
view0__BMLmovi__Subject_29_F_MoSh__Subject_29_F_15,view0,/bigdata/users/quansj/datasets/Doppler/wilddoppler/legacy/datasets/AMASS_SMPLX_2022/BMLmovi/Subject_29_F_MoSh/Subject_29_F_15_stageii.npz,4.0,0.0,1.0,689,120.0,5.733333333333333,10
view0__BMLmovi__Subject_29_F_MoSh__Subject_29_F_16,view0,/bigdata/users/quansj/datasets/Doppler/wilddoppler/legacy/datasets/AMASS_SMPLX_2022/BMLmovi/Subject_29_F_MoSh/Subject_29_F_16_stageii.npz,4.0,0.0,1.0,233,120.0,1.9333333333333333,2
view0__BMLmovi__Subject_29_F_MoSh__Subject_29_F_17,view0,/bigdata/users/quansj/datasets/Doppler/wilddoppler/legacy/datasets/AMASS_SMPLX_2022/BMLmovi/Subject_29_F_MoSh/Subject_29_F_17_stageii.npz,4.0,0.0,1.0,373,120.0,3.1,5
view0__BMLmovi__Subject_29_F_MoSh__Subject_29_F_18,view0,/bigdata/users/quansj/datasets/Doppler/wilddoppler/legacy/datasets/AMASS_SMPLX_2022/BMLmovi/Subject_29_F_MoSh/Subject_29_F_18_stageii.npz,4.0,0.0,1.0,317,120.0,2.6333333333333333,4
view0__BMLmovi__Subject_29_F_MoSh__Subject_29_F_19,view0,/bigdata/users/quansj/datasets/Doppler/wilddoppler/legacy/datasets/AMASS_SMPLX_2022/BMLmovi/Subject_29_F_MoSh/Subject_29_F_19_stageii.npz,4.0,0.0,1.0,385,120.0,3.2,5
view0__BMLmovi__Subject_29_F_MoSh__Subject_29_F_1,view0,/bigdata/users/quansj/datasets/Doppler/wilddoppler/legacy/datasets/AMASS_SMPLX_2022/BMLmovi/Subject_29_F_MoSh/Subject_29_F_1_stageii.npz,4.0,0.0,1.0,1109,120.0,9.233333333333333,17
view0__BMLmovi__Subject_29_F_MoSh__Subject_29_F_20,view0,/bigdata/users/quansj/datasets/Doppler/wilddoppler/legacy/datasets/AMASS_SMPLX_2022/BMLmovi/Subject_29_F_MoSh/Subject_29_F_20_stageii.npz,4.0,0.0,1.0,389,120.0,3.2333333333333334,5
view0__BMLmovi__Subject_29_F_MoSh__Subject_29_F_21,view0,/bigdata/users/quansj/datasets/Doppler/wilddoppler/legacy/datasets/AMASS_SMPLX_2022/BMLmovi/Subject_29_F_MoSh/Subject_29_F_21_stageii.npz,4.0,0.0,1.0,653,120.0,5.433333333333334,9
view0__BMLmovi__Subject_29_F_MoSh__Subject_29_F_2,view0,/bigdata/users/quansj/datasets/Doppler/wilddoppler/legacy/datasets/AMASS_SMPLX_2022/BMLmovi/Subject_29_F_MoSh/Subject_29_F_2_stageii.npz,4.0,0.0,1.0,333,120.0,2.7666666666666666,4
view0__BMLmovi__Subject_29_F_MoSh__Subject_29_F_3,view0,/bigdata/users/quansj/datasets/Doppler/wilddoppler/legacy/datasets/AMASS_SMPLX_2022/BMLmovi/Subject_29_F_MoSh/Subject_29_F_3_stageii.npz,4.0,0.0,1.0,709,120.0,5.9,10
view0__BMLmovi__Subject_29_F_MoSh__Subject_29_F_4,view0,/bigdata/users/quansj/datasets/Doppler/wilddoppler/legacy/datasets/AMASS_SMPLX_2022/BMLmovi/Subject_29_F_MoSh/Subject_29_F_4_stageii.npz,4.0,0.0,1.0,417,120.0,3.466666666666667,5
view0__BMLmovi__Subject_29_F_MoSh__Subject_29_F_5,view0,/bigdata/users/quansj/datasets/Doppler/wilddoppler/legacy/datasets/AMASS_SMPLX_2022/BMLmovi/Subject_29_F_MoSh/Subject_29_F_5_stageii.npz,4.0,0.0,1.0,921,120.0,7.666666666666667,14
view0__BMLmovi__Subject_29_F_MoSh__Subject_29_F_6,view0,/bigdata/users/quansj/datasets/Doppler/wilddoppler/legacy/datasets/AMASS_SMPLX_2022/BMLmovi/Subject_29_F_MoSh/Subject_29_F_6_stageii.npz,4.0,0.0,1.0,357,120.0,2.966666666666667,4
view0__BMLmovi__Subject_29_F_MoSh__Subject_29_F_7,view0,/bigdata/users/quansj/datasets/Doppler/wilddoppler/legacy/datasets/AMASS_SMPLX_2022/BMLmovi/Subject_29_F_MoSh/Subject_29_F_7_stageii.npz,4.0,0.0,1.0,841,120.0,7.0,13
view0__BMLmovi__Subject_29_F_MoSh__Subject_29_F_8,view0,/bigdata/users/quansj/datasets/Doppler/wilddoppler/legacy/datasets/AMASS_SMPLX_2022/BMLmovi/Subject_29_F_MoSh/Subject_29_F_8_stageii.npz,4.0,0.0,1.0,865,120.0,7.2,13
view0__BMLmovi__Subject_29_F_MoSh__Subject_29_F_9,view0,/bigdata/users/quansj/datasets/Doppler/wilddoppler/legacy/datasets/AMASS_SMPLX_2022/BMLmovi/Subject_29_F_MoSh/Subject_29_F_9_stageii.npz,4.0,0.0,1.0,253,120.0,2.1,3
view0__BMLmovi__Subject_2_F_MoSh__Subject_2_F_10,view0,/bigdata/users/quansj/datasets/Doppler/wilddoppler/legacy/datasets/AMASS_SMPLX_2022/BMLmovi/Subject_2_F_MoSh/Subject_2_F_10_stageii.npz,4.0,0.0,1.0,625,120.0,5.2,9
view0__BMLmovi__Subject_2_F_MoSh__Subject_2_F_11,view0,/bigdata/users/quansj/datasets/Doppler/wilddoppler/legacy/datasets/AMASS_SMPLX_2022/BMLmovi/Subject_2_F_MoSh/Subject_2_F_11_stageii.npz,4.0,0.0,1.0,617,120.0,5.133333333333334,9
view0__BMLmovi__Subject_2_F_MoSh__Subject_2_F_12,view0,/bigdata/users/quansj/datasets/Doppler/wilddoppler/legacy/datasets/AMASS_SMPLX_2022/BMLmovi/Subject_2_F_MoSh/Subject_2_F_12_stageii.npz,4.0,0.0,1.0,265,120.0,2.2,3
view0__BMLmovi__Subject_2_F_MoSh__Subject_2_F_13,view0,/bigdata/users/quansj/datasets/Doppler/wilddoppler/legacy/datasets/AMASS_SMPLX_2022/BMLmovi/Subject_2_F_MoSh/Subject_2_F_13_stageii.npz,4.0,0.0,1.0,301,120.0,2.5,4
view0__BMLmovi__Subject_2_F_MoSh__Subject_2_F_14,view0,/bigdata/users/quansj/datasets/Doppler/wilddoppler/legacy/datasets/AMASS_SMPLX_2022/BMLmovi/Subject_2_F_MoSh/Subject_2_F_14_stageii.npz,4.0,0.0,1.0,265,120.0,2.2,3
view0__BMLmovi__Subject_2_F_MoSh__Subject_2_F_15,view0,/bigdata/users/quansj/datasets/Doppler/wilddoppler/legacy/datasets/AMASS_SMPLX_2022/BMLmovi/Subject_2_F_MoSh/Subject_2_F_15_stageii.npz,4.0,0.0,1.0,269,120.0,2.2333333333333334,3
view0__BMLmovi__Subject_2_F_MoSh__Subject_2_F_16,view0,/bigdata/users/quansj/datasets/Doppler/wilddoppler/legacy/datasets/AMASS_SMPLX_2022/BMLmovi/Subject_2_F_MoSh/Subject_2_F_16_stageii.npz,4.0,0.0,1.0,277,120.0,2.3,3
view0__BMLmovi__Subject_2_F_MoSh__Subject_2_F_17,view0,/bigdata/users/quansj/datasets/Doppler/wilddoppler/legacy/datasets/AMASS_SMPLX_2022/BMLmovi/Subject_2_F_MoSh/Subject_2_F_17_stageii.npz,4.0,0.0,1.0,541,120.0,4.5,8
view0__BMLmovi__Subject_2_F_MoSh__Subject_2_F_18,view0,/bigdata/users/quansj/datasets/Doppler/wilddoppler/legacy/datasets/AMASS_SMPLX_2022/BMLmovi/Subject_2_F_MoSh/Subject_2_F_18_stageii.npz,4.0,0.0,1.0,297,120.0,2.466666666666667,3
view0__BMLmovi__Subject_2_F_MoSh__Subject_2_F_19,view0,/bigdata/users/quansj/datasets/Doppler/wilddoppler/legacy/datasets/AMASS_SMPLX_2022/BMLmovi/Subject_2_F_MoSh/Subject_2_F_19_stageii.npz,4.0,0.0,1.0,429,120.0,3.566666666666667,6
view0__BMLmovi__Subject_2_F_MoSh__Subject_2_F_1,view0,/bigdata/users/quansj/datasets/Doppler/wilddoppler/legacy/datasets/AMASS_SMPLX_2022/BMLmovi/Subject_2_F_MoSh/Subject_2_F_1_stageii.npz,4.0,0.0,1.0,249,120.0,2.066666666666667,3
view0__BMLmovi__Subject_2_F_MoSh__Subject_2_F_20,view0,/bigdata/users/quansj/datasets/Doppler/wilddoppler/legacy/datasets/AMASS_SMPLX_2022/BMLmovi/Subject_2_F_MoSh/Subject_2_F_20_stageii.npz,4.0,0.0,1.0,761,120.0,6.333333333333333,11
view0__BMLmovi__Subject_2_F_MoSh__Subject_2_F_21,view0,/bigdata/users/quansj/datasets/Doppler/wilddoppler/legacy/datasets/AMASS_SMPLX_2022/BMLmovi/Subject_2_F_MoSh/Subject_2_F_21_stageii.npz,4.0,0.0,1.0,909,120.0,7.566666666666666,14
view0__BMLmovi__Subject_2_F_MoSh__Subject_2_F_2,view0,/bigdata/users/quansj/datasets/Doppler/wilddoppler/legacy/datasets/AMASS_SMPLX_2022/BMLmovi/Subject_2_F_MoSh/Subject_2_F_2_stageii.npz,4.0,0.0,1.0,289,120.0,2.4,3
view0__BMLmovi__Subject_2_F_MoSh__Subject_2_F_3,view0,/bigdata/users/quansj/datasets/Doppler/wilddoppler/legacy/datasets/AMASS_SMPLX_2022/BMLmovi/Subject_2_F_MoSh/Subject_2_F_3_stageii.npz,4.0,0.0,1.0,309,120.0,2.566666666666667,4
view0__BMLmovi__Subject_2_F_MoSh__Subject_2_F_4,view0,/bigdata/users/quansj/datasets/Doppler/wilddoppler/legacy/datasets/AMASS_SMPLX_2022/BMLmovi/Subject_2_F_MoSh/Subject_2_F_4_stageii.npz,4.0,0.0,1.0,137,120.0,1.1333333333333333,1
view0__BMLmovi__Subject_2_F_MoSh__Subject_2_F_5,view0,/bigdata/users/quansj/datasets/Doppler/wilddoppler/legacy/datasets/AMASS_SMPLX_2022/BMLmovi/Subject_2_F_MoSh/Subject_2_F_5_stageii.npz,4.0,0.0,1.0,369,120.0,3.066666666666667,5
view0__BMLmovi__Subject_2_F_MoSh__Subject_2_F_6,view0,/bigdata/users/quansj/datasets/Doppler/wilddoppler/legacy/datasets/AMASS_SMPLX_2022/BMLmovi/Subject_2_F_MoSh/Subject_2_F_6_stageii.npz,4.0,0.0,1.0,357,120.0,2.966666666666667,4
view0__BMLmovi__Subject_2_F_MoSh__Subject_2_F_7,view0,/bigdata/users/quansj/datasets/Doppler/wilddoppler/legacy/datasets/AMASS_SMPLX_2022/BMLmovi/Subject_2_F_MoSh/Subject_2_F_7_stageii.npz,4.0,0.0,1.0,249,120.0,2.066666666666667,3
view0__BMLmovi__Subject_2_F_MoSh__Subject_2_F_8,view0,/bigdata/users/quansj/datasets/Doppler/wilddoppler/legacy/datasets/AMASS_SMPLX_2022/BMLmovi/Subject_2_F_MoSh/Subject_2_F_8_stageii.npz,4.0,0.0,1.0,265,120.0,2.2,3
view0__BMLmovi__Subject_2_F_MoSh__Subject_2_F_9,view0,/bigdata/users/quansj/datasets/Doppler/wilddoppler/legacy/datasets/AMASS_SMPLX_2022/BMLmovi/Subject_2_F_MoSh/Subject_2_F_9_stageii.npz,4.0,0.0,1.0,281,120.0,2.3333333333333335,3
view0__BMLmovi__Subject_30_F_MoSh__Subject_30_F_10,view0,/bigdata/users/quansj/datasets/Doppler/wilddoppler/legacy/datasets/AMASS_SMPLX_2022/BMLmovi/Subject_30_F_MoSh/Subject_30_F_10_stageii.npz,4.0,0.0,1.0,465,120.0,3.8666666666666667,6
view0__BMLmovi__Subject_30_F_MoSh__Subject_30_F_11,view0,/bigdata/users/quansj/datasets/Doppler/wilddoppler/legacy/datasets/AMASS_SMPLX_2022/BMLmovi/Subject_30_F_MoSh/Subject_30_F_11_stageii.npz,4.0,0.0,1.0,549,120.0,4.566666666666666,8
view0__BMLmovi__Subject_30_F_MoSh__Subject_30_F_12,view0,/bigdata/users/quansj/datasets/Doppler/wilddoppler/legacy/datasets/AMASS_SMPLX_2022/BMLmovi/Subject_30_F_MoSh/Subject_30_F_12_stageii.npz,4.0,0.0,1.0,425,120.0,3.533333333333333,6
view0__BMLmovi__Subject_30_F_MoSh__Subject_30_F_13,view0,/bigdata/users/quansj/datasets/Doppler/wilddoppler/legacy/datasets/AMASS_SMPLX_2022/BMLmovi/Subject_30_F_MoSh/Subject_30_F_13_stageii.npz,4.0,0.0,1.0,669,120.0,5.566666666666666,10
view0__BMLmovi__Subject_30_F_MoSh__Subject_30_F_14,view0,/bigdata/users/quansj/datasets/Doppler/wilddoppler/legacy/datasets/AMASS_SMPLX_2022/BMLmovi/Subject_30_F_MoSh/Subject_30_F_14_stageii.npz,4.0,0.0,1.0,1181,120.0,9.833333333333334,18
view0__BMLmovi__Subject_30_F_MoSh__Subject_30_F_15,view0,/bigdata/users/quansj/datasets/Doppler/wilddoppler/legacy/datasets/AMASS_SMPLX_2022/BMLmovi/Subject_30_F_MoSh/Subject_30_F_15_stageii.npz,4.0,0.0,1.0,853,120.0,7.1,13
view0__BMLmovi__Subject_30_F_MoSh__Subject_30_F_16,view0,/bigdata/users/quansj/datasets/Doppler/wilddoppler/legacy/datasets/AMASS_SMPLX_2022/BMLmovi/Subject_30_F_MoSh/Subject_30_F_16_stageii.npz,4.0,0.0,1.0,601,120.0,5.0,9
view0__BMLmovi__Subject_30_F_MoSh__Subject_30_F_17,view0,/bigdata/users/quansj/datasets/Doppler/wilddoppler/legacy/datasets/AMASS_SMPLX_2022/BMLmovi/Subject_30_F_MoSh/Subject_30_F_17_stageii.npz,4.0,0.0,1.0,481,120.0,4.0,7
view0__BMLmovi__Subject_30_F_MoSh__Subject_30_F_18,view0,/bigdata/users/quansj/datasets/Doppler/wilddoppler/legacy/datasets/AMASS_SMPLX_2022/BMLmovi/Subject_30_F_MoSh/Subject_30_F_18_stageii.npz,4.0,0.0,1.0,1445,120.0,12.033333333333333,23
view0__BMLmovi__Subject_30_F_MoSh__Subject_30_F_19,view0,/bigdata/users/quansj/datasets/Doppler/wilddoppler/legacy/datasets/AMASS_SMPLX_2022/BMLmovi/Subject_30_F_MoSh/Subject_30_F_19_stageii.npz,4.0,0.0,1.0,481,120.0,4.0,7
view0__BMLmovi__Subject_30_F_MoSh__Subject_30_F_1,view0,/bigdata/users/quansj/datasets/Doppler/wilddoppler/legacy/datasets/AMASS_SMPLX_2022/BMLmovi/Subject_30_F_MoSh/Subject_30_F_1_stageii.npz,4.0,0.0,1.0,609,120.0,5.066666666666666,9
view0__BMLmovi__Subject_30_F_MoSh__Subject_30_F_20,view0,/bigdata/users/quansj/datasets/Doppler/wilddoppler/legacy/datasets/AMASS_SMPLX_2022/BMLmovi/Subject_30_F_MoSh/Subject_30_F_20_stageii.npz,4.0,0.0,1.0,453,120.0,3.7666666666666666,6
view0__BMLmovi__Subject_30_F_MoSh__Subject_30_F_21,view0,/bigdata/users/quansj/datasets/Doppler/wilddoppler/legacy/datasets/AMASS_SMPLX_2022/BMLmovi/Subject_30_F_MoSh/Subject_30_F_21_stageii.npz,4.0,0.0,1.0,1317,120.0,10.966666666666667,20
view0__BMLmovi__Subject_30_F_MoSh__Subject_30_F_2,view0,/bigdata/users/quansj/datasets/Doppler/wilddoppler/legacy/datasets/AMASS_SMPLX_2022/BMLmovi/Subject_30_F_MoSh/Subject_30_F_2_stageii.npz,4.0,0.0,1.0,401,120.0,3.3333333333333335,5
view0__BMLmovi__Subject_30_F_MoSh__Subject_30_F_3,view0,/bigdata/users/quansj/datasets/Doppler/wilddoppler/legacy/datasets/AMASS_SMPLX_2022/BMLmovi/Subject_30_F_MoSh/Subject_30_F_3_stageii.npz,4.0,0.0,1.0,545,120.0,4.533333333333333,8
view0__BMLmovi__Subject_30_F_MoSh__Subject_30_F_4,view0,/bigdata/users/quansj/datasets/Doppler/wilddoppler/legacy/datasets/AMASS_SMPLX_2022/BMLmovi/Subject_30_F_MoSh/Subject_30_F_4_stageii.npz,4.0,0.0,1.0,773,120.0,6.433333333333334,11
view0__BMLmovi__Subject_30_F_MoSh__Subject_30_F_5,view0,/bigdata/users/quansj/datasets/Doppler/wilddoppler/legacy/datasets/AMASS_SMPLX_2022/BMLmovi/Subject_30_F_MoSh/Subject_30_F_5_stageii.npz,4.0,0.0,1.0,453,120.0,3.7666666666666666,6
view0__BMLmovi__Subject_30_F_MoSh__Subject_30_F_6,view0,/bigdata/users/quansj/datasets/Doppler/wilddoppler/legacy/datasets/AMASS_SMPLX_2022/BMLmovi/Subject_30_F_MoSh/Subject_30_F_6_stageii.npz,4.0,0.0,1.0,1409,120.0,11.733333333333333,22
view0__BMLmovi__Subject_30_F_MoSh__Subject_30_F_7,view0,/bigdata/users/quansj/datasets/Doppler/wilddoppler/legacy/datasets/AMASS_SMPLX_2022/BMLmovi/Subject_30_F_MoSh/Subject_30_F_7_stageii.npz,4.0,0.0,1.0,1541,120.0,12.833333333333334,24
view0__BMLmovi__Subject_30_F_MoSh__Subject_30_F_8,view0,/bigdata/users/quansj/datasets/Doppler/wilddoppler/legacy/datasets/AMASS_SMPLX_2022/BMLmovi/Subject_30_F_MoSh/Subject_30_F_8_stageii.npz,4.0,0.0,1.0,513,120.0,4.266666666666667,7
view0__BMLmovi__Subject_30_F_MoSh__Subject_30_F_9,view0,/bigdata/users/quansj/datasets/Doppler/wilddoppler/legacy/datasets/AMASS_SMPLX_2022/BMLmovi/Subject_30_F_MoSh/Subject_30_F_9_stageii.npz,4.0,0.0,1.0,421,120.0,3.5,6
view0__BMLmovi__Subject_31_F_MoSh__Subject_31_F_10,view0,/bigdata/users/quansj/datasets/Doppler/wilddoppler/legacy/datasets/AMASS_SMPLX_2022/BMLmovi/Subject_31_F_MoSh/Subject_31_F_10_stageii.npz,4.0,0.0,1.0,737,120.0,6.133333333333334,11
view0__BMLmovi__Subject_31_F_MoSh__Subject_31_F_11,view0,/bigdata/users/quansj/datasets/Doppler/wilddoppler/legacy/datasets/AMASS_SMPLX_2022/BMLmovi/Subject_31_F_MoSh/Subject_31_F_11_stageii.npz,4.0,0.0,1.0,889,120.0,7.4,13
view0__BMLmovi__Subject_31_F_MoSh__Subject_31_F_12,view0,/bigdata/users/quansj/datasets/Doppler/wilddoppler/legacy/datasets/AMASS_SMPLX_2022/BMLmovi/Subject_31_F_MoSh/Subject_31_F_12_stageii.npz,4.0,0.0,1.0,1237,120.0,10.3,19
view0__BMLmovi__Subject_31_F_MoSh__Subject_31_F_13,view0,/bigdata/users/quansj/datasets/Doppler/wilddoppler/legacy/datasets/AMASS_SMPLX_2022/BMLmovi/Subject_31_F_MoSh/Subject_31_F_13_stageii.npz,4.0,0.0,1.0,821,120.0,6.833333333333333,12
view0__BMLmovi__Subject_31_F_MoSh__Subject_31_F_14,view0,/bigdata/users/quansj/datasets/Doppler/wilddoppler/legacy/datasets/AMASS_SMPLX_2022/BMLmovi/Subject_31_F_MoSh/Subject_31_F_14_stageii.npz,4.0,0.0,1.0,349,120.0,2.9,4
view0__BMLmovi__Subject_31_F_MoSh__Subject_31_F_15,view0,/bigdata/users/quansj/datasets/Doppler/wilddoppler/legacy/datasets/AMASS_SMPLX_2022/BMLmovi/Subject_31_F_MoSh/Subject_31_F_15_stageii.npz,4.0,0.0,1.0,1213,120.0,10.1,19
view0__BMLmovi__Subject_31_F_MoSh__Subject_31_F_16,view0,/bigdata/users/quansj/datasets/Doppler/wilddoppler/legacy/datasets/AMASS_SMPLX_2022/BMLmovi/Subject_31_F_MoSh/Subject_31_F_16_stageii.npz,4.0,0.0,1.0,321,120.0,2.6666666666666665,4
view0__BMLmovi__Subject_31_F_MoSh__Subject_31_F_17,view0,/bigdata/users/quansj/datasets/Doppler/wilddoppler/legacy/datasets/AMASS_SMPLX_2022/BMLmovi/Subject_31_F_MoSh/Subject_31_F_17_stageii.npz,4.0,0.0,1.0,649,120.0,5.4,9
view0__BMLmovi__Subject_31_F_MoSh__Subject_31_F_18,view0,/bigdata/users/quansj/datasets/Doppler/wilddoppler/legacy/datasets/AMASS_SMPLX_2022/BMLmovi/Subject_31_F_MoSh/Subject_31_F_18_stageii.npz,4.0,0.0,1.0,521,120.0,4.333333333333333,7
view0__BMLmovi__Subject_31_F_MoSh__Subject_31_F_19,view0,/bigdata/users/quansj/datasets/Doppler/wilddoppler/legacy/datasets/AMASS_SMPLX_2022/BMLmovi/Subject_31_F_MoSh/Subject_31_F_19_stageii.npz,4.0,0.0,1.0,553,120.0,4.6,8
view0__BMLmovi__Subject_31_F_MoSh__Subject_31_F_1,view0,/bigdata/users/quansj/datasets/Doppler/wilddoppler/legacy/datasets/AMASS_SMPLX_2022/BMLmovi/Subject_31_F_MoSh/Subject_31_F_1_stageii.npz,4.0,0.0,1.0,825,120.0,6.866666666666666,12
view0__BMLmovi__Subject_31_F_MoSh__Subject_31_F_20,view0,/bigdata/users/quansj/datasets/Doppler/wilddoppler/legacy/datasets/AMASS_SMPLX_2022/BMLmovi/Subject_31_F_MoSh/Subject_31_F_20_stageii.npz,4.0,0.0,1.0,1289,120.0,10.733333333333333,20
view0__BMLmovi__Subject_31_F_MoSh__Subject_31_F_21,view0,/bigdata/users/quansj/datasets/Doppler/wilddoppler/legacy/datasets/AMASS_SMPLX_2022/BMLmovi/Subject_31_F_MoSh/Subject_31_F_21_stageii.npz,4.0,0.0,1.0,693,120.0,5.766666666666667,10
view0__BMLmovi__Subject_31_F_MoSh__Subject_31_F_2,view0,/bigdata/users/quansj/datasets/Doppler/wilddoppler/legacy/datasets/AMASS_SMPLX_2022/BMLmovi/Subject_31_F_MoSh/Subject_31_F_2_stageii.npz,4.0,0.0,1.0,529,120.0,4.4,7
view0__BMLmovi__Subject_31_F_MoSh__Subject_31_F_3,view0,/bigdata/users/quansj/datasets/Doppler/wilddoppler/legacy/datasets/AMASS_SMPLX_2022/BMLmovi/Subject_31_F_MoSh/Subject_31_F_3_stageii.npz,4.0,0.0,1.0,461,120.0,3.8333333333333335,6
view0__BMLmovi__Subject_31_F_MoSh__Subject_31_F_4,view0,/bigdata/users/quansj/datasets/Doppler/wilddoppler/legacy/datasets/AMASS_SMPLX_2022/BMLmovi/Subject_31_F_MoSh/Subject_31_F_4_stageii.npz,4.0,0.0,1.0,425,120.0,3.533333333333333,6
view0__BMLmovi__Subject_31_F_MoSh__Subject_31_F_5,view0,/bigdata/users/quansj/datasets/Doppler/wilddoppler/legacy/datasets/AMASS_SMPLX_2022/BMLmovi/Subject_31_F_MoSh/Subject_31_F_5_stageii.npz,4.0,0.0,1.0,621,120.0,5.166666666666667,9
view0__BMLmovi__Subject_31_F_MoSh__Subject_31_F_6,view0,/bigdata/users/quansj/datasets/Doppler/wilddoppler/legacy/datasets/AMASS_SMPLX_2022/BMLmovi/Subject_31_F_MoSh/Subject_31_F_6_stageii.npz,4.0,0.0,1.0,413,120.0,3.433333333333333,5
view0__BMLmovi__Subject_31_F_MoSh__Subject_31_F_7,view0,/bigdata/users/quansj/datasets/Doppler/wilddoppler/legacy/datasets/AMASS_SMPLX_2022/BMLmovi/Subject_31_F_MoSh/Subject_31_F_7_stageii.npz,4.0,0.0,1.0,537,120.0,4.466666666666667,7
view0__BMLmovi__Subject_31_F_MoSh__Subject_31_F_8,view0,/bigdata/users/quansj/datasets/Doppler/wilddoppler/legacy/datasets/AMASS_SMPLX_2022/BMLmovi/Subject_31_F_MoSh/Subject_31_F_8_stageii.npz,4.0,0.0,1.0,665,120.0,5.533333333333333,10
view0__BMLmovi__Subject_31_F_MoSh__Subject_31_F_9,view0,/bigdata/users/quansj/datasets/Doppler/wilddoppler/legacy/datasets/AMASS_SMPLX_2022/BMLmovi/Subject_31_F_MoSh/Subject_31_F_9_stageii.npz,4.0,0.0,1.0,1181,120.0,9.833333333333334,18
view0__BMLmovi__Subject_32_F_MoSh__Subject_32_F_10,view0,/bigdata/users/quansj/datasets/Doppler/wilddoppler/legacy/datasets/AMASS_SMPLX_2022/BMLmovi/Subject_32_F_MoSh/Subject_32_F_10_stageii.npz,4.0,0.0,1.0,417,120.0,3.466666666666667,5
view0__BMLmovi__Subject_32_F_MoSh__Subject_32_F_11,view0,/bigdata/users/quansj/datasets/Doppler/wilddoppler/legacy/datasets/AMASS_SMPLX_2022/BMLmovi/Subject_32_F_MoSh/Subject_32_F_11_stageii.npz,4.0,0.0,1.0,429,120.0,3.566666666666667,6
view0__BMLmovi__Subject_32_F_MoSh__Subject_32_F_12,view0,/bigdata/users/quansj/datasets/Doppler/wilddoppler/legacy/datasets/AMASS_SMPLX_2022/BMLmovi/Subject_32_F_MoSh/Subject_32_F_12_stageii.npz,4.0,0.0,1.0,361,120.0,3.0,5
view0__BMLmovi__Subject_32_F_MoSh__Subject_32_F_13,view0,/bigdata/users/quansj/datasets/Doppler/wilddoppler/legacy/datasets/AMASS_SMPLX_2022/BMLmovi/Subject_32_F_MoSh/Subject_32_F_13_stageii.npz,4.0,0.0,1.0,937,120.0,7.8,14
view0__BMLmovi__Subject_32_F_MoSh__Subject_32_F_14,view0,/bigdata/users/quansj/datasets/Doppler/wilddoppler/legacy/datasets/AMASS_SMPLX_2022/BMLmovi/Subject_32_F_MoSh/Subject_32_F_14_stageii.npz,4.0,0.0,1.0,481,120.0,4.0,7
view0__BMLmovi__Subject_32_F_MoSh__Subject_32_F_15,view0,/bigdata/users/quansj/datasets/Doppler/wilddoppler/legacy/datasets/AMASS_SMPLX_2022/BMLmovi/Subject_32_F_MoSh/Subject_32_F_15_stageii.npz,4.0,0.0,1.0,485,120.0,4.033333333333333,7
view0__BMLmovi__Subject_32_F_MoSh__Subject_32_F_16,view0,/bigdata/users/quansj/datasets/Doppler/wilddoppler/legacy/datasets/AMASS_SMPLX_2022/BMLmovi/Subject_32_F_MoSh/Subject_32_F_16_stageii.npz,4.0,0.0,1.0,749,120.0,6.233333333333333,11
view0__BMLmovi__Subject_32_F_MoSh__Subject_32_F_17,view0,/bigdata/users/quansj/datasets/Doppler/wilddoppler/legacy/datasets/AMASS_SMPLX_2022/BMLmovi/Subject_32_F_MoSh/Subject_32_F_17_stageii.npz,4.0,0.0,1.0,449,120.0,3.7333333333333334,6
view0__BMLmovi__Subject_32_F_MoSh__Subject_32_F_18,view0,/bigdata/users/quansj/datasets/Doppler/wilddoppler/legacy/datasets/AMASS_SMPLX_2022/BMLmovi/Subject_32_F_MoSh/Subject_32_F_18_stageii.npz,4.0,0.0,1.0,1033,120.0,8.6,16
view0__BMLmovi__Subject_32_F_MoSh__Subject_32_F_19,view0,/bigdata/users/quansj/datasets/Doppler/wilddoppler/legacy/datasets/AMASS_SMPLX_2022/BMLmovi/Subject_32_F_MoSh/Subject_32_F_19_stageii.npz,4.0,0.0,1.0,685,120.0,5.7,10
view0__BMLmovi__Subject_32_F_MoSh__Subject_32_F_1,view0,/bigdata/users/quansj/datasets/Doppler/wilddoppler/legacy/datasets/AMASS_SMPLX_2022/BMLmovi/Subject_32_F_MoSh/Subject_32_F_1_stageii.npz,4.0,0.0,1.0,1449,120.0,12.066666666666666,23
view0__BMLmovi__Subject_32_F_MoSh__Subject_32_F_20,view0,/bigdata/users/quansj/datasets/Doppler/wilddoppler/legacy/datasets/AMASS_SMPLX_2022/BMLmovi/Subject_32_F_MoSh/Subject_32_F_20_stageii.npz,4.0,0.0,1.0,745,120.0,6.2,11
view0__BMLmovi__Subject_32_F_MoSh__Subject_32_F_21,view0,/bigdata/users/quansj/datasets/Doppler/wilddoppler/legacy/datasets/AMASS_SMPLX_2022/BMLmovi/Subject_32_F_MoSh/Subject_32_F_21_stageii.npz,4.0,0.0,1.0,1321,120.0,11.0,21
view0__BMLmovi__Subject_32_F_MoSh__Subject_32_F_2,view0,/bigdata/users/quansj/datasets/Doppler/wilddoppler/legacy/datasets/AMASS_SMPLX_2022/BMLmovi/Subject_32_F_MoSh/Subject_32_F_2_stageii.npz,4.0,0.0,1.0,569,120.0,4.733333333333333,8
view0__BMLmovi__Subject_32_F_MoSh__Subject_32_F_3,view0,/bigdata/users/quansj/datasets/Doppler/wilddoppler/legacy/datasets/AMASS_SMPLX_2022/BMLmovi/Subject_32_F_MoSh/Subject_32_F_3_stageii.npz,4.0,0.0,1.0,993,120.0,8.266666666666667,15
view0__BMLmovi__Subject_32_F_MoSh__Subject_32_F_4,view0,/bigdata/users/quansj/datasets/Doppler/wilddoppler/legacy/datasets/AMASS_SMPLX_2022/BMLmovi/Subject_32_F_MoSh/Subject_32_F_4_stageii.npz,4.0,0.0,1.0,885,120.0,7.366666666666666,13
view0__BMLmovi__Subject_32_F_MoSh__Subject_32_F_5,view0,/bigdata/users/quansj/datasets/Doppler/wilddoppler/legacy/datasets/AMASS_SMPLX_2022/BMLmovi/Subject_32_F_MoSh/Subject_32_F_5_stageii.npz,4.0,0.0,1.0,1225,120.0,10.2,19
view0__BMLmovi__Subject_32_F_MoSh__Subject_32_F_6,view0,/bigdata/users/quansj/datasets/Doppler/wilddoppler/legacy/datasets/AMASS_SMPLX_2022/BMLmovi/Subject_32_F_MoSh/Subject_32_F_6_stageii.npz,4.0,0.0,1.0,569,120.0,4.733333333333333,8
view0__BMLmovi__Subject_32_F_MoSh__Subject_32_F_7,view0,/bigdata/users/quansj/datasets/Doppler/wilddoppler/legacy/datasets/AMASS_SMPLX_2022/BMLmovi/Subject_32_F_MoSh/Subject_32_F_7_stageii.npz,4.0,0.0,1.0,569,120.0,4.733333333333333,8
view0__BMLmovi__Subject_32_F_MoSh__Subject_32_F_8,view0,/bigdata/users/quansj/datasets/Doppler/wilddoppler/legacy/datasets/AMASS_SMPLX_2022/BMLmovi/Subject_32_F_MoSh/Subject_32_F_8_stageii.npz,4.0,0.0,1.0,701,120.0,5.833333333333333,10
view0__BMLmovi__Subject_32_F_MoSh__Subject_32_F_9,view0,/bigdata/users/quansj/datasets/Doppler/wilddoppler/legacy/datasets/AMASS_SMPLX_2022/BMLmovi/Subject_32_F_MoSh/Subject_32_F_9_stageii.npz,4.0,0.0,1.0,425,120.0,3.533333333333333,6
view0__BMLmovi__Subject_33_F_MoSh__Subject_33_F_10,view0,/bigdata/users/quansj/datasets/Doppler/wilddoppler/legacy/datasets/AMASS_SMPLX_2022/BMLmovi/Subject_33_F_MoSh/Subject_33_F_10_stageii.npz,4.0,0.0,1.0,853,120.0,7.1,13
view0__BMLmovi__Subject_33_F_MoSh__Subject_33_F_11,view0,/bigdata/users/quansj/datasets/Doppler/wilddoppler/legacy/datasets/AMASS_SMPLX_2022/BMLmovi/Subject_33_F_MoSh/Subject_33_F_11_stageii.npz,4.0,0.0,1.0,829,120.0,6.9,12
view0__BMLmovi__Subject_33_F_MoSh__Subject_33_F_12,view0,/bigdata/users/quansj/datasets/Doppler/wilddoppler/legacy/datasets/AMASS_SMPLX_2022/BMLmovi/Subject_33_F_MoSh/Subject_33_F_12_stageii.npz,4.0,0.0,1.0,545,120.0,4.533333333333333,8
view0__BMLmovi__Subject_33_F_MoSh__Subject_33_F_13,view0,/bigdata/users/quansj/datasets/Doppler/wilddoppler/legacy/datasets/AMASS_SMPLX_2022/BMLmovi/Subject_33_F_MoSh/Subject_33_F_13_stageii.npz,4.0,0.0,1.0,373,120.0,3.1,5
view0__BMLmovi__Subject_33_F_MoSh__Subject_33_F_14,view0,/bigdata/users/quansj/datasets/Doppler/wilddoppler/legacy/datasets/AMASS_SMPLX_2022/BMLmovi/Subject_33_F_MoSh/Subject_33_F_14_stageii.npz,4.0,0.0,1.0,445,120.0,3.7,6
view0__BMLmovi__Subject_33_F_MoSh__Subject_33_F_15,view0,/bigdata/users/quansj/datasets/Doppler/wilddoppler/legacy/datasets/AMASS_SMPLX_2022/BMLmovi/Subject_33_F_MoSh/Subject_33_F_15_stageii.npz,4.0,0.0,1.0,433,120.0,3.6,6
view0__BMLmovi__Subject_33_F_MoSh__Subject_33_F_16,view0,/bigdata/users/quansj/datasets/Doppler/wilddoppler/legacy/datasets/AMASS_SMPLX_2022/BMLmovi/Subject_33_F_MoSh/Subject_33_F_16_stageii.npz,4.0,0.0,1.0,961,120.0,8.0,15
view0__BMLmovi__Subject_33_F_MoSh__Subject_33_F_17,view0,/bigdata/users/quansj/datasets/Doppler/wilddoppler/legacy/datasets/AMASS_SMPLX_2022/BMLmovi/Subject_33_F_MoSh/Subject_33_F_17_stageii.npz,4.0,0.0,1.0,829,120.0,6.9,12
view0__BMLmovi__Subject_33_F_MoSh__Subject_33_F_18,view0,/bigdata/users/quansj/datasets/Doppler/wilddoppler/legacy/datasets/AMASS_SMPLX_2022/BMLmovi/Subject_33_F_MoSh/Subject_33_F_18_stageii.npz,4.0,0.0,1.0,373,120.0,3.1,5
view0__BMLmovi__Subject_33_F_MoSh__Subject_33_F_19,view0,/bigdata/users/quansj/datasets/Doppler/wilddoppler/legacy/datasets/AMASS_SMPLX_2022/BMLmovi/Subject_33_F_MoSh/Subject_33_F_19_stageii.npz,4.0,0.0,1.0,937,120.0,7.8,14
view0__BMLmovi__Subject_33_F_MoSh__Subject_33_F_1,view0,/bigdata/users/quansj/datasets/Doppler/wilddoppler/legacy/datasets/AMASS_SMPLX_2022/BMLmovi/Subject_33_F_MoSh/Subject_33_F_1_stageii.npz,4.0,0.0,1.0,401,120.0,3.3333333333333335,5
view0__BMLmovi__Subject_33_F_MoSh__Subject_33_F_20,view0,/bigdata/users/quansj/datasets/Doppler/wilddoppler/legacy/datasets/AMASS_SMPLX_2022/BMLmovi/Subject_33_F_MoSh/Subject_33_F_20_stageii.npz,4.0,0.0,1.0,461,120.0,3.8333333333333335,6
view0__BMLmovi__Subject_33_F_MoSh__Subject_33_F_21,view0,/bigdata/users/quansj/datasets/Doppler/wilddoppler/legacy/datasets/AMASS_SMPLX_2022/BMLmovi/Subject_33_F_MoSh/Subject_33_F_21_stageii.npz,4.0,0.0,1.0,533,120.0,4.433333333333334,7
view0__BMLmovi__Subject_33_F_MoSh__Subject_33_F_2,view0,/bigdata/users/quansj/datasets/Doppler/wilddoppler/legacy/datasets/AMASS_SMPLX_2022/BMLmovi/Subject_33_F_MoSh/Subject_33_F_2_stageii.npz,4.0,0.0,1.0,901,120.0,7.5,14
view0__BMLmovi__Subject_33_F_MoSh__Subject_33_F_3,view0,/bigdata/users/quansj/datasets/Doppler/wilddoppler/legacy/datasets/AMASS_SMPLX_2022/BMLmovi/Subject_33_F_MoSh/Subject_33_F_3_stageii.npz,4.0,0.0,1.0,537,120.0,4.466666666666667,7
view0__BMLmovi__Subject_33_F_MoSh__Subject_33_F_4,view0,/bigdata/users/quansj/datasets/Doppler/wilddoppler/legacy/datasets/AMASS_SMPLX_2022/BMLmovi/Subject_33_F_MoSh/Subject_33_F_4_stageii.npz,4.0,0.0,1.0,321,120.0,2.6666666666666665,4
view0__BMLmovi__Subject_33_F_MoSh__Subject_33_F_5,view0,/bigdata/users/quansj/datasets/Doppler/wilddoppler/legacy/datasets/AMASS_SMPLX_2022/BMLmovi/Subject_33_F_MoSh/Subject_33_F_5_stageii.npz,4.0,0.0,1.0,449,120.0,3.7333333333333334,6
view0__BMLmovi__Subject_33_F_MoSh__Subject_33_F_6,view0,/bigdata/users/quansj/datasets/Doppler/wilddoppler/legacy/datasets/AMASS_SMPLX_2022/BMLmovi/Subject_33_F_MoSh/Subject_33_F_6_stageii.npz,4.0,0.0,1.0,413,120.0,3.433333333333333,5
view0__BMLmovi__Subject_33_F_MoSh__Subject_33_F_7,view0,/bigdata/users/quansj/datasets/Doppler/wilddoppler/legacy/datasets/AMASS_SMPLX_2022/BMLmovi/Subject_33_F_MoSh/Subject_33_F_7_stageii.npz,4.0,0.0,1.0,749,120.0,6.233333333333333,11
view0__BMLmovi__Subject_33_F_MoSh__Subject_33_F_8,view0,/bigdata/users/quansj/datasets/Doppler/wilddoppler/legacy/datasets/AMASS_SMPLX_2022/BMLmovi/Subject_33_F_MoSh/Subject_33_F_8_stageii.npz,4.0,0.0,1.0,429,120.0,3.566666666666667,6
view0__BMLmovi__Subject_33_F_MoSh__Subject_33_F_9,view0,/bigdata/users/quansj/datasets/Doppler/wilddoppler/legacy/datasets/AMASS_SMPLX_2022/BMLmovi/Subject_33_F_MoSh/Subject_33_F_9_stageii.npz,4.0,0.0,1.0,349,120.0,2.9,4
view0__BMLmovi__Subject_34_F_MoSh__Subject_34_F_10,view0,/bigdata/users/quansj/datasets/Doppler/wilddoppler/legacy/datasets/AMASS_SMPLX_2022/BMLmovi/Subject_34_F_MoSh/Subject_34_F_10_stageii.npz,4.0,0.0,1.0,1165,120.0,9.7,18
view0__BMLmovi__Subject_34_F_MoSh__Subject_34_F_11,view0,/bigdata/users/quansj/datasets/Doppler/wilddoppler/legacy/datasets/AMASS_SMPLX_2022/BMLmovi/Subject_34_F_MoSh/Subject_34_F_11_stageii.npz,4.0,0.0,1.0,361,120.0,3.0,5
view0__BMLmovi__Subject_34_F_MoSh__Subject_34_F_12,view0,/bigdata/users/quansj/datasets/Doppler/wilddoppler/legacy/datasets/AMASS_SMPLX_2022/BMLmovi/Subject_34_F_MoSh/Subject_34_F_12_stageii.npz,4.0,0.0,1.0,1189,120.0,9.9,18
view0__BMLmovi__Subject_34_F_MoSh__Subject_34_F_13,view0,/bigdata/users/quansj/datasets/Doppler/wilddoppler/legacy/datasets/AMASS_SMPLX_2022/BMLmovi/Subject_34_F_MoSh/Subject_34_F_13_stageii.npz,4.0,0.0,1.0,445,120.0,3.7,6
view0__BMLmovi__Subject_34_F_MoSh__Subject_34_F_14,view0,/bigdata/users/quansj/datasets/Doppler/wilddoppler/legacy/datasets/AMASS_SMPLX_2022/BMLmovi/Subject_34_F_MoSh/Subject_34_F_14_stageii.npz,4.0,0.0,1.0,429,120.0,3.566666666666667,6
view0__BMLmovi__Subject_34_F_MoSh__Subject_34_F_15,view0,/bigdata/users/quansj/datasets/Doppler/wilddoppler/legacy/datasets/AMASS_SMPLX_2022/BMLmovi/Subject_34_F_MoSh/Subject_34_F_15_stageii.npz,4.0,0.0,1.0,273,120.0,2.2666666666666666,3
view0__BMLmovi__Subject_34_F_MoSh__Subject_34_F_16,view0,/bigdata/users/quansj/datasets/Doppler/wilddoppler/legacy/datasets/AMASS_SMPLX_2022/BMLmovi/Subject_34_F_MoSh/Subject_34_F_16_stageii.npz,4.0,0.0,1.0,897,120.0,7.466666666666667,13
view0__BMLmovi__Subject_34_F_MoSh__Subject_34_F_17,view0,/bigdata/users/quansj/datasets/Doppler/wilddoppler/legacy/datasets/AMASS_SMPLX_2022/BMLmovi/Subject_34_F_MoSh/Subject_34_F_17_stageii.npz,4.0,0.0,1.0,241,120.0,2.0,3
view0__BMLmovi__Subject_34_F_MoSh__Subject_34_F_18,view0,/bigdata/users/quansj/datasets/Doppler/wilddoppler/legacy/datasets/AMASS_SMPLX_2022/BMLmovi/Subject_34_F_MoSh/Subject_34_F_18_stageii.npz,4.0,0.0,1.0,1117,120.0,9.3,17
view0__BMLmovi__Subject_34_F_MoSh__Subject_34_F_19,view0,/bigdata/users/quansj/datasets/Doppler/wilddoppler/legacy/datasets/AMASS_SMPLX_2022/BMLmovi/Subject_34_F_MoSh/Subject_34_F_19_stageii.npz,4.0,0.0,1.0,457,120.0,3.8,6
view0__BMLmovi__Subject_34_F_MoSh__Subject_34_F_1,view0,/bigdata/users/quansj/datasets/Doppler/wilddoppler/legacy/datasets/AMASS_SMPLX_2022/BMLmovi/Subject_34_F_MoSh/Subject_34_F_1_stageii.npz,4.0,0.0,1.0,413,120.0,3.433333333333333,5
view0__BMLmovi__Subject_34_F_MoSh__Subject_34_F_20,view0,/bigdata/users/quansj/datasets/Doppler/wilddoppler/legacy/datasets/AMASS_SMPLX_2022/BMLmovi/Subject_34_F_MoSh/Subject_34_F_20_stageii.npz,4.0,0.0,1.0,681,120.0,5.666666666666667,10
view0__BMLmovi__Subject_34_F_MoSh__Subject_34_F_21,view0,/bigdata/users/quansj/datasets/Doppler/wilddoppler/legacy/datasets/AMASS_SMPLX_2022/BMLmovi/Subject_34_F_MoSh/Subject_34_F_21_stageii.npz,4.0,0.0,1.0,473,120.0,3.933333333333333,6
view0__BMLmovi__Subject_34_F_MoSh__Subject_34_F_2,view0,/bigdata/users/quansj/datasets/Doppler/wilddoppler/legacy/datasets/AMASS_SMPLX_2022/BMLmovi/Subject_34_F_MoSh/Subject_34_F_2_stageii.npz,4.0,0.0,1.0,693,120.0,5.766666666666667,10
view0__BMLmovi__Subject_34_F_MoSh__Subject_34_F_3,view0,/bigdata/users/quansj/datasets/Doppler/wilddoppler/legacy/datasets/AMASS_SMPLX_2022/BMLmovi/Subject_34_F_MoSh/Subject_34_F_3_stageii.npz,4.0,0.0,1.0,385,120.0,3.2,5
view0__BMLmovi__Subject_34_F_MoSh__Subject_34_F_4,view0,/bigdata/users/quansj/datasets/Doppler/wilddoppler/legacy/datasets/AMASS_SMPLX_2022/BMLmovi/Subject_34_F_MoSh/Subject_34_F_4_stageii.npz,4.0,0.0,1.0,913,120.0,7.6,14
view0__BMLmovi__Subject_34_F_MoSh__Subject_34_F_5,view0,/bigdata/users/quansj/datasets/Doppler/wilddoppler/legacy/datasets/AMASS_SMPLX_2022/BMLmovi/Subject_34_F_MoSh/Subject_34_F_5_stageii.npz,4.0,0.0,1.0,493,120.0,4.1,7
view0__BMLmovi__Subject_34_F_MoSh__Subject_34_F_6,view0,/bigdata/users/quansj/datasets/Doppler/wilddoppler/legacy/datasets/AMASS_SMPLX_2022/BMLmovi/Subject_34_F_MoSh/Subject_34_F_6_stageii.npz,4.0,0.0,1.0,497,120.0,4.133333333333334,7
view0__BMLmovi__Subject_34_F_MoSh__Subject_34_F_7,view0,/bigdata/users/quansj/datasets/Doppler/wilddoppler/legacy/datasets/AMASS_SMPLX_2022/BMLmovi/Subject_34_F_MoSh/Subject_34_F_7_stageii.npz,4.0,0.0,1.0,461,120.0,3.8333333333333335,6
view0__BMLmovi__Subject_34_F_MoSh__Subject_34_F_8,view0,/bigdata/users/quansj/datasets/Doppler/wilddoppler/legacy/datasets/AMASS_SMPLX_2022/BMLmovi/Subject_34_F_MoSh/Subject_34_F_8_stageii.npz,4.0,0.0,1.0,521,120.0,4.333333333333333,7
view0__BMLmovi__Subject_34_F_MoSh__Subject_34_F_9,view0,/bigdata/users/quansj/datasets/Doppler/wilddoppler/legacy/datasets/AMASS_SMPLX_2022/BMLmovi/Subject_34_F_MoSh/Subject_34_F_9_stageii.npz,4.0,0.0,1.0,837,120.0,6.966666666666667,12
view0__BMLmovi__Subject_35_F_MoSh__Subject_35_F_10,view0,/bigdata/users/quansj/datasets/Doppler/wilddoppler/legacy/datasets/AMASS_SMPLX_2022/BMLmovi/Subject_35_F_MoSh/Subject_35_F_10_stageii.npz,4.0,0.0,1.0,1057,120.0,8.8,16
view0__BMLmovi__Subject_35_F_MoSh__Subject_35_F_11,view0,/bigdata/users/quansj/datasets/Doppler/wilddoppler/legacy/datasets/AMASS_SMPLX_2022/BMLmovi/Subject_35_F_MoSh/Subject_35_F_11_stageii.npz,4.0,0.0,1.0,481,120.0,4.0,7
view0__BMLmovi__Subject_35_F_MoSh__Subject_35_F_12,view0,/bigdata/users/quansj/datasets/Doppler/wilddoppler/legacy/datasets/AMASS_SMPLX_2022/BMLmovi/Subject_35_F_MoSh/Subject_35_F_12_stageii.npz,4.0,0.0,1.0,1585,120.0,13.2,25
view0__BMLmovi__Subject_35_F_MoSh__Subject_35_F_13,view0,/bigdata/users/quansj/datasets/Doppler/wilddoppler/legacy/datasets/AMASS_SMPLX_2022/BMLmovi/Subject_35_F_MoSh/Subject_35_F_13_stageii.npz,4.0,0.0,1.0,501,120.0,4.166666666666667,7
view0__BMLmovi__Subject_35_F_MoSh__Subject_35_F_14,view0,/bigdata/users/quansj/datasets/Doppler/wilddoppler/legacy/datasets/AMASS_SMPLX_2022/BMLmovi/Subject_35_F_MoSh/Subject_35_F_14_stageii.npz,4.0,0.0,1.0,425,120.0,3.533333333333333,6
view0__BMLmovi__Subject_35_F_MoSh__Subject_35_F_15,view0,/bigdata/users/quansj/datasets/Doppler/wilddoppler/legacy/datasets/AMASS_SMPLX_2022/BMLmovi/Subject_35_F_MoSh/Subject_35_F_15_stageii.npz,4.0,0.0,1.0,473,120.0,3.933333333333333,6
view0__BMLmovi__Subject_35_F_MoSh__Subject_35_F_16,view0,/bigdata/users/quansj/datasets/Doppler/wilddoppler/legacy/datasets/AMASS_SMPLX_2022/BMLmovi/Subject_35_F_MoSh/Subject_35_F_16_stageii.npz,4.0,0.0,1.0,681,120.0,5.666666666666667,10
view0__BMLmovi__Subject_35_F_MoSh__Subject_35_F_17,view0,/bigdata/users/quansj/datasets/Doppler/wilddoppler/legacy/datasets/AMASS_SMPLX_2022/BMLmovi/Subject_35_F_MoSh/Subject_35_F_17_stageii.npz,4.0,0.0,1.0,541,120.0,4.5,8
view0__BMLmovi__Subject_35_F_MoSh__Subject_35_F_18,view0,/bigdata/users/quansj/datasets/Doppler/wilddoppler/legacy/datasets/AMASS_SMPLX_2022/BMLmovi/Subject_35_F_MoSh/Subject_35_F_18_stageii.npz,4.0,0.0,1.0,413,120.0,3.433333333333333,5
view0__BMLmovi__Subject_35_F_MoSh__Subject_35_F_19,view0,/bigdata/users/quansj/datasets/Doppler/wilddoppler/legacy/datasets/AMASS_SMPLX_2022/BMLmovi/Subject_35_F_MoSh/Subject_35_F_19_stageii.npz,4.0,0.0,1.0,1397,120.0,11.633333333333333,22
view0__BMLmovi__Subject_35_F_MoSh__Subject_35_F_1,view0,/bigdata/users/quansj/datasets/Doppler/wilddoppler/legacy/datasets/AMASS_SMPLX_2022/BMLmovi/Subject_35_F_MoSh/Subject_35_F_1_stageii.npz,4.0,0.0,1.0,745,120.0,6.2,11
view0__BMLmovi__Subject_35_F_MoSh__Subject_35_F_20,view0,/bigdata/users/quansj/datasets/Doppler/wilddoppler/legacy/datasets/AMASS_SMPLX_2022/BMLmovi/Subject_35_F_MoSh/Subject_35_F_20_stageii.npz,4.0,0.0,1.0,1421,120.0,11.833333333333334,22
view0__BMLmovi__Subject_35_F_MoSh__Subject_35_F_21,view0,/bigdata/users/quansj/datasets/Doppler/wilddoppler/legacy/datasets/AMASS_SMPLX_2022/BMLmovi/Subject_35_F_MoSh/Subject_35_F_21_stageii.npz,4.0,0.0,1.0,1097,120.0,9.133333333333333,17
view0__BMLmovi__Subject_35_F_MoSh__Subject_35_F_2,view0,/bigdata/users/quansj/datasets/Doppler/wilddoppler/legacy/datasets/AMASS_SMPLX_2022/BMLmovi/Subject_35_F_MoSh/Subject_35_F_2_stageii.npz,4.0,0.0,1.0,897,120.0,7.466666666666667,13
view0__BMLmovi__Subject_35_F_MoSh__Subject_35_F_3,view0,/bigdata/users/quansj/datasets/Doppler/wilddoppler/legacy/datasets/AMASS_SMPLX_2022/BMLmovi/Subject_35_F_MoSh/Subject_35_F_3_stageii.npz,4.0,0.0,1.0,521,120.0,4.333333333333333,7
view0__BMLmovi__Subject_35_F_MoSh__Subject_35_F_4,view0,/bigdata/users/quansj/datasets/Doppler/wilddoppler/legacy/datasets/AMASS_SMPLX_2022/BMLmovi/Subject_35_F_MoSh/Subject_35_F_4_stageii.npz,4.0,0.0,1.0,1177,120.0,9.8,18
view0__BMLmovi__Subject_35_F_MoSh__Subject_35_F_5,view0,/bigdata/users/quansj/datasets/Doppler/wilddoppler/legacy/datasets/AMASS_SMPLX_2022/BMLmovi/Subject_35_F_MoSh/Subject_35_F_5_stageii.npz,4.0,0.0,1.0,657,120.0,5.466666666666667,9
view0__BMLmovi__Subject_35_F_MoSh__Subject_35_F_6,view0,/bigdata/users/quansj/datasets/Doppler/wilddoppler/legacy/datasets/AMASS_SMPLX_2022/BMLmovi/Subject_35_F_MoSh/Subject_35_F_6_stageii.npz,4.0,0.0,1.0,609,120.0,5.066666666666666,9
view0__BMLmovi__Subject_35_F_MoSh__Subject_35_F_7,view0,/bigdata/users/quansj/datasets/Doppler/wilddoppler/legacy/datasets/AMASS_SMPLX_2022/BMLmovi/Subject_35_F_MoSh/Subject_35_F_7_stageii.npz,4.0,0.0,1.0,513,120.0,4.266666666666667,7
view0__BMLmovi__Subject_35_F_MoSh__Subject_35_F_8,view0,/bigdata/users/quansj/datasets/Doppler/wilddoppler/legacy/datasets/AMASS_SMPLX_2022/BMLmovi/Subject_35_F_MoSh/Subject_35_F_8_stageii.npz,4.0,0.0,1.0,537,120.0,4.466666666666667,7
view0__BMLmovi__Subject_35_F_MoSh__Subject_35_F_9,view0,/bigdata/users/quansj/datasets/Doppler/wilddoppler/legacy/datasets/AMASS_SMPLX_2022/BMLmovi/Subject_35_F_MoSh/Subject_35_F_9_stageii.npz,4.0,0.0,1.0,1317,120.0,10.966666666666667,20
view0__BMLmovi__Subject_36_F_MoSh__Subject_36_F_10,view0,/bigdata/users/quansj/datasets/Doppler/wilddoppler/legacy/datasets/AMASS_SMPLX_2022/BMLmovi/Subject_36_F_MoSh/Subject_36_F_10_stageii.npz,4.0,0.0,1.0,301,120.0,2.5,4
view0__BMLmovi__Subject_36_F_MoSh__Subject_36_F_11,view0,/bigdata/users/quansj/datasets/Doppler/wilddoppler/legacy/datasets/AMASS_SMPLX_2022/BMLmovi/Subject_36_F_MoSh/Subject_36_F_11_stageii.npz,4.0,0.0,1.0,597,120.0,4.966666666666667,8
view0__BMLmovi__Subject_36_F_MoSh__Subject_36_F_12,view0,/bigdata/users/quansj/datasets/Doppler/wilddoppler/legacy/datasets/AMASS_SMPLX_2022/BMLmovi/Subject_36_F_MoSh/Subject_36_F_12_stageii.npz,4.0,0.0,1.0,1181,120.0,9.833333333333334,18
view0__BMLmovi__Subject_36_F_MoSh__Subject_36_F_13,view0,/bigdata/users/quansj/datasets/Doppler/wilddoppler/legacy/datasets/AMASS_SMPLX_2022/BMLmovi/Subject_36_F_MoSh/Subject_36_F_13_stageii.npz,4.0,0.0,1.0,361,120.0,3.0,5
view0__BMLmovi__Subject_36_F_MoSh__Subject_36_F_14,view0,/bigdata/users/quansj/datasets/Doppler/wilddoppler/legacy/datasets/AMASS_SMPLX_2022/BMLmovi/Subject_36_F_MoSh/Subject_36_F_14_stageii.npz,4.0,0.0,1.0,777,120.0,6.466666666666667,11
view0__BMLmovi__Subject_36_F_MoSh__Subject_36_F_15,view0,/bigdata/users/quansj/datasets/Doppler/wilddoppler/legacy/datasets/AMASS_SMPLX_2022/BMLmovi/Subject_36_F_MoSh/Subject_36_F_15_stageii.npz,4.0,0.0,1.0,517,120.0,4.3,7
view0__BMLmovi__Subject_36_F_MoSh__Subject_36_F_16,view0,/bigdata/users/quansj/datasets/Doppler/wilddoppler/legacy/datasets/AMASS_SMPLX_2022/BMLmovi/Subject_36_F_MoSh/Subject_36_F_16_stageii.npz,4.0,0.0,1.0,953,120.0,7.933333333333334,14
view0__BMLmovi__Subject_36_F_MoSh__Subject_36_F_17,view0,/bigdata/users/quansj/datasets/Doppler/wilddoppler/legacy/datasets/AMASS_SMPLX_2022/BMLmovi/Subject_36_F_MoSh/Subject_36_F_17_stageii.npz,4.0,0.0,1.0,385,120.0,3.2,5
view0__BMLmovi__Subject_36_F_MoSh__Subject_36_F_18,view0,/bigdata/users/quansj/datasets/Doppler/wilddoppler/legacy/datasets/AMASS_SMPLX_2022/BMLmovi/Subject_36_F_MoSh/Subject_36_F_18_stageii.npz,4.0,0.0,1.0,989,120.0,8.233333333333333,15
view0__BMLmovi__Subject_36_F_MoSh__Subject_36_F_19,view0,/bigdata/users/quansj/datasets/Doppler/wilddoppler/legacy/datasets/AMASS_SMPLX_2022/BMLmovi/Subject_36_F_MoSh/Subject_36_F_19_stageii.npz,4.0,0.0,1.0,449,120.0,3.7333333333333334,6
view0__BMLmovi__Subject_36_F_MoSh__Subject_36_F_1,view0,/bigdata/users/quansj/datasets/Doppler/wilddoppler/legacy/datasets/AMASS_SMPLX_2022/BMLmovi/Subject_36_F_MoSh/Subject_36_F_1_stageii.npz,4.0,0.0,1.0,653,120.0,5.433333333333334,9
view0__BMLmovi__Subject_36_F_MoSh__Subject_36_F_20,view0,/bigdata/users/quansj/datasets/Doppler/wilddoppler/legacy/datasets/AMASS_SMPLX_2022/BMLmovi/Subject_36_F_MoSh/Subject_36_F_20_stageii.npz,4.0,0.0,1.0,685,120.0,5.7,10
view0__BMLmovi__Subject_36_F_MoSh__Subject_36_F_21,view0,/bigdata/users/quansj/datasets/Doppler/wilddoppler/legacy/datasets/AMASS_SMPLX_2022/BMLmovi/Subject_36_F_MoSh/Subject_36_F_21_stageii.npz,4.0,0.0,1.0,521,120.0,4.333333333333333,7
view0__BMLmovi__Subject_36_F_MoSh__Subject_36_F_22,view0,/bigdata/users/quansj/datasets/Doppler/wilddoppler/legacy/datasets/AMASS_SMPLX_2022/BMLmovi/Subject_36_F_MoSh/Subject_36_F_22_stageii.npz,4.0,0.0,1.0,437,120.0,3.6333333333333333,6
view0__BMLmovi__Subject_36_F_MoSh__Subject_36_F_2,view0,/bigdata/users/quansj/datasets/Doppler/wilddoppler/legacy/datasets/AMASS_SMPLX_2022/BMLmovi/Subject_36_F_MoSh/Subject_36_F_2_stageii.npz,4.0,0.0,1.0,1081,120.0,9.0,17
view0__BMLmovi__Subject_36_F_MoSh__Subject_36_F_3,view0,/bigdata/users/quansj/datasets/Doppler/wilddoppler/legacy/datasets/AMASS_SMPLX_2022/BMLmovi/Subject_36_F_MoSh/Subject_36_F_3_stageii.npz,4.0,0.0,1.0,693,120.0,5.766666666666667,10
view0__BMLmovi__Subject_36_F_MoSh__Subject_36_F_4,view0,/bigdata/users/quansj/datasets/Doppler/wilddoppler/legacy/datasets/AMASS_SMPLX_2022/BMLmovi/Subject_36_F_MoSh/Subject_36_F_4_stageii.npz,4.0,0.0,1.0,985,120.0,8.2,15
view0__BMLmovi__Subject_36_F_MoSh__Subject_36_F_5,view0,/bigdata/users/quansj/datasets/Doppler/wilddoppler/legacy/datasets/AMASS_SMPLX_2022/BMLmovi/Subject_36_F_MoSh/Subject_36_F_5_stageii.npz,4.0,0.0,1.0,481,120.0,4.0,7
view0__BMLmovi__Subject_36_F_MoSh__Subject_36_F_6,view0,/bigdata/users/quansj/datasets/Doppler/wilddoppler/legacy/datasets/AMASS_SMPLX_2022/BMLmovi/Subject_36_F_MoSh/Subject_36_F_6_stageii.npz,4.0,0.0,1.0,409,120.0,3.4,5
view0__BMLmovi__Subject_36_F_MoSh__Subject_36_F_7,view0,/bigdata/users/quansj/datasets/Doppler/wilddoppler/legacy/datasets/AMASS_SMPLX_2022/BMLmovi/Subject_36_F_MoSh/Subject_36_F_7_stageii.npz,4.0,0.0,1.0,421,120.0,3.5,6
view0__BMLmovi__Subject_36_F_MoSh__Subject_36_F_8,view0,/bigdata/users/quansj/datasets/Doppler/wilddoppler/legacy/datasets/AMASS_SMPLX_2022/BMLmovi/Subject_36_F_MoSh/Subject_36_F_8_stageii.npz,4.0,0.0,1.0,345,120.0,2.8666666666666667,4
view0__BMLmovi__Subject_36_F_MoSh__Subject_36_F_9,view0,/bigdata/users/quansj/datasets/Doppler/wilddoppler/legacy/datasets/AMASS_SMPLX_2022/BMLmovi/Subject_36_F_MoSh/Subject_36_F_9_stageii.npz,4.0,0.0,1.0,761,120.0,6.333333333333333,11
view0__BMLmovi__Subject_37_F_MoSh__Subject_37_F_10,view0,/bigdata/users/quansj/datasets/Doppler/wilddoppler/legacy/datasets/AMASS_SMPLX_2022/BMLmovi/Subject_37_F_MoSh/Subject_37_F_10_stageii.npz,4.0,0.0,1.0,537,120.0,4.466666666666667,7
view0__BMLmovi__Subject_37_F_MoSh__Subject_37_F_11,view0,/bigdata/users/quansj/datasets/Doppler/wilddoppler/legacy/datasets/AMASS_SMPLX_2022/BMLmovi/Subject_37_F_MoSh/Subject_37_F_11_stageii.npz,4.0,0.0,1.0,1005,120.0,8.366666666666667,15
view0__BMLmovi__Subject_37_F_MoSh__Subject_37_F_12,view0,/bigdata/users/quansj/datasets/Doppler/wilddoppler/legacy/datasets/AMASS_SMPLX_2022/BMLmovi/Subject_37_F_MoSh/Subject_37_F_12_stageii.npz,4.0,0.0,1.0,849,120.0,7.066666666666666,13
view0__BMLmovi__Subject_37_F_MoSh__Subject_37_F_13,view0,/bigdata/users/quansj/datasets/Doppler/wilddoppler/legacy/datasets/AMASS_SMPLX_2022/BMLmovi/Subject_37_F_MoSh/Subject_37_F_13_stageii.npz,4.0,0.0,1.0,765,120.0,6.366666666666666,11
view0__BMLmovi__Subject_37_F_MoSh__Subject_37_F_14,view0,/bigdata/users/quansj/datasets/Doppler/wilddoppler/legacy/datasets/AMASS_SMPLX_2022/BMLmovi/Subject_37_F_MoSh/Subject_37_F_14_stageii.npz,4.0,0.0,1.0,553,120.0,4.6,8
view0__BMLmovi__Subject_37_F_MoSh__Subject_37_F_15,view0,/bigdata/users/quansj/datasets/Doppler/wilddoppler/legacy/datasets/AMASS_SMPLX_2022/BMLmovi/Subject_37_F_MoSh/Subject_37_F_15_stageii.npz,4.0,0.0,1.0,857,120.0,7.133333333333334,13
view0__BMLmovi__Subject_37_F_MoSh__Subject_37_F_16,view0,/bigdata/users/quansj/datasets/Doppler/wilddoppler/legacy/datasets/AMASS_SMPLX_2022/BMLmovi/Subject_37_F_MoSh/Subject_37_F_16_stageii.npz,4.0,0.0,1.0,1197,120.0,9.966666666666667,18
view0__BMLmovi__Subject_37_F_MoSh__Subject_37_F_17,view0,/bigdata/users/quansj/datasets/Doppler/wilddoppler/legacy/datasets/AMASS_SMPLX_2022/BMLmovi/Subject_37_F_MoSh/Subject_37_F_17_stageii.npz,4.0,0.0,1.0,437,120.0,3.6333333333333333,6
view0__BMLmovi__Subject_37_F_MoSh__Subject_37_F_18,view0,/bigdata/users/quansj/datasets/Doppler/wilddoppler/legacy/datasets/AMASS_SMPLX_2022/BMLmovi/Subject_37_F_MoSh/Subject_37_F_18_stageii.npz,4.0,0.0,1.0,589,120.0,4.9,8
view0__BMLmovi__Subject_37_F_MoSh__Subject_37_F_19,view0,/bigdata/users/quansj/datasets/Doppler/wilddoppler/legacy/datasets/AMASS_SMPLX_2022/BMLmovi/Subject_37_F_MoSh/Subject_37_F_19_stageii.npz,4.0,0.0,1.0,581,120.0,4.833333333333333,8
view0__BMLmovi__Subject_37_F_MoSh__Subject_37_F_1,view0,/bigdata/users/quansj/datasets/Doppler/wilddoppler/legacy/datasets/AMASS_SMPLX_2022/BMLmovi/Subject_37_F_MoSh/Subject_37_F_1_stageii.npz,4.0,0.0,1.0,993,120.0,8.266666666666667,15
view0__BMLmovi__Subject_37_F_MoSh__Subject_37_F_20,view0,/bigdata/users/quansj/datasets/Doppler/wilddoppler/legacy/datasets/AMASS_SMPLX_2022/BMLmovi/Subject_37_F_MoSh/Subject_37_F_20_stageii.npz,4.0,0.0,1.0,373,120.0,3.1,5
view0__BMLmovi__Subject_37_F_MoSh__Subject_37_F_21,view0,/bigdata/users/quansj/datasets/Doppler/wilddoppler/legacy/datasets/AMASS_SMPLX_2022/BMLmovi/Subject_37_F_MoSh/Subject_37_F_21_stageii.npz,4.0,0.0,1.0,1461,120.0,12.166666666666666,23
view0__BMLmovi__Subject_37_F_MoSh__Subject_37_F_2,view0,/bigdata/users/quansj/datasets/Doppler/wilddoppler/legacy/datasets/AMASS_SMPLX_2022/BMLmovi/Subject_37_F_MoSh/Subject_37_F_2_stageii.npz,4.0,0.0,1.0,701,120.0,5.833333333333333,10
view0__BMLmovi__Subject_37_F_MoSh__Subject_37_F_3,view0,/bigdata/users/quansj/datasets/Doppler/wilddoppler/legacy/datasets/AMASS_SMPLX_2022/BMLmovi/Subject_37_F_MoSh/Subject_37_F_3_stageii.npz,4.0,0.0,1.0,673,120.0,5.6,10
view0__BMLmovi__Subject_37_F_MoSh__Subject_37_F_4,view0,/bigdata/users/quansj/datasets/Doppler/wilddoppler/legacy/datasets/AMASS_SMPLX_2022/BMLmovi/Subject_37_F_MoSh/Subject_37_F_4_stageii.npz,4.0,0.0,1.0,601,120.0,5.0,9
view0__BMLmovi__Subject_37_F_MoSh__Subject_37_F_5,view0,/bigdata/users/quansj/datasets/Doppler/wilddoppler/legacy/datasets/AMASS_SMPLX_2022/BMLmovi/Subject_37_F_MoSh/Subject_37_F_5_stageii.npz,4.0,0.0,1.0,581,120.0,4.833333333333333,8
view0__BMLmovi__Subject_37_F_MoSh__Subject_37_F_6,view0,/bigdata/users/quansj/datasets/Doppler/wilddoppler/legacy/datasets/AMASS_SMPLX_2022/BMLmovi/Subject_37_F_MoSh/Subject_37_F_6_stageii.npz,4.0,0.0,1.0,505,120.0,4.2,7
view0__BMLmovi__Subject_37_F_MoSh__Subject_37_F_7,view0,/bigdata/users/quansj/datasets/Doppler/wilddoppler/legacy/datasets/AMASS_SMPLX_2022/BMLmovi/Subject_37_F_MoSh/Subject_37_F_7_stageii.npz,4.0,0.0,1.0,473,120.0,3.933333333333333,6
view0__BMLmovi__Subject_37_F_MoSh__Subject_37_F_8,view0,/bigdata/users/quansj/datasets/Doppler/wilddoppler/legacy/datasets/AMASS_SMPLX_2022/BMLmovi/Subject_37_F_MoSh/Subject_37_F_8_stageii.npz,4.0,0.0,1.0,1517,120.0,12.633333333333333,24
view0__BMLmovi__Subject_37_F_MoSh__Subject_37_F_9,view0,/bigdata/users/quansj/datasets/Doppler/wilddoppler/legacy/datasets/AMASS_SMPLX_2022/BMLmovi/Subject_37_F_MoSh/Subject_37_F_9_stageii.npz,4.0,0.0,1.0,437,120.0,3.6333333333333333,6
view0__BMLmovi__Subject_38_F_MoSh__Subject_38_F_10,view0,/bigdata/users/quansj/datasets/Doppler/wilddoppler/legacy/datasets/AMASS_SMPLX_2022/BMLmovi/Subject_38_F_MoSh/Subject_38_F_10_stageii.npz,4.0,0.0,1.0,509,120.0,4.233333333333333,7
view0__BMLmovi__Subject_38_F_MoSh__Subject_38_F_11,view0,/bigdata/users/quansj/datasets/Doppler/wilddoppler/legacy/datasets/AMASS_SMPLX_2022/BMLmovi/Subject_38_F_MoSh/Subject_38_F_11_stageii.npz,4.0,0.0,1.0,589,120.0,4.9,8
view0__BMLmovi__Subject_38_F_MoSh__Subject_38_F_12,view0,/bigdata/users/quansj/datasets/Doppler/wilddoppler/legacy/datasets/AMASS_SMPLX_2022/BMLmovi/Subject_38_F_MoSh/Subject_38_F_12_stageii.npz,4.0,0.0,1.0,1169,120.0,9.733333333333333,18
view0__BMLmovi__Subject_38_F_MoSh__Subject_38_F_13,view0,/bigdata/users/quansj/datasets/Doppler/wilddoppler/legacy/datasets/AMASS_SMPLX_2022/BMLmovi/Subject_38_F_MoSh/Subject_38_F_13_stageii.npz,4.0,0.0,1.0,281,120.0,2.3333333333333335,3
view0__BMLmovi__Subject_38_F_MoSh__Subject_38_F_14,view0,/bigdata/users/quansj/datasets/Doppler/wilddoppler/legacy/datasets/AMASS_SMPLX_2022/BMLmovi/Subject_38_F_MoSh/Subject_38_F_14_stageii.npz,4.0,0.0,1.0,1253,120.0,10.433333333333334,19
view0__BMLmovi__Subject_38_F_MoSh__Subject_38_F_15,view0,/bigdata/users/quansj/datasets/Doppler/wilddoppler/legacy/datasets/AMASS_SMPLX_2022/BMLmovi/Subject_38_F_MoSh/Subject_38_F_15_stageii.npz,4.0,0.0,1.0,437,120.0,3.6333333333333333,6
view0__BMLmovi__Subject_38_F_MoSh__Subject_38_F_16,view0,/bigdata/users/quansj/datasets/Doppler/wilddoppler/legacy/datasets/AMASS_SMPLX_2022/BMLmovi/Subject_38_F_MoSh/Subject_38_F_16_stageii.npz,4.0,0.0,1.0,961,120.0,8.0,15
view0__BMLmovi__Subject_38_F_MoSh__Subject_38_F_17,view0,/bigdata/users/quansj/datasets/Doppler/wilddoppler/legacy/datasets/AMASS_SMPLX_2022/BMLmovi/Subject_38_F_MoSh/Subject_38_F_17_stageii.npz,4.0,0.0,1.0,669,120.0,5.566666666666666,10
view0__BMLmovi__Subject_38_F_MoSh__Subject_38_F_18,view0,/bigdata/users/quansj/datasets/Doppler/wilddoppler/legacy/datasets/AMASS_SMPLX_2022/BMLmovi/Subject_38_F_MoSh/Subject_38_F_18_stageii.npz,4.0,0.0,1.0,641,120.0,5.333333333333333,9
view0__BMLmovi__Subject_38_F_MoSh__Subject_38_F_19,view0,/bigdata/users/quansj/datasets/Doppler/wilddoppler/legacy/datasets/AMASS_SMPLX_2022/BMLmovi/Subject_38_F_MoSh/Subject_38_F_19_stageii.npz,4.0,0.0,1.0,469,120.0,3.9,6
view0__BMLmovi__Subject_38_F_MoSh__Subject_38_F_1,view0,/bigdata/users/quansj/datasets/Doppler/wilddoppler/legacy/datasets/AMASS_SMPLX_2022/BMLmovi/Subject_38_F_MoSh/Subject_38_F_1_stageii.npz,4.0,0.0,1.0,1289,120.0,10.733333333333333,20
view0__BMLmovi__Subject_38_F_MoSh__Subject_38_F_20,view0,/bigdata/users/quansj/datasets/Doppler/wilddoppler/legacy/datasets/AMASS_SMPLX_2022/BMLmovi/Subject_38_F_MoSh/Subject_38_F_20_stageii.npz,4.0,0.0,1.0,657,120.0,5.466666666666667,9
view0__BMLmovi__Subject_38_F_MoSh__Subject_38_F_21,view0,/bigdata/users/quansj/datasets/Doppler/wilddoppler/legacy/datasets/AMASS_SMPLX_2022/BMLmovi/Subject_38_F_MoSh/Subject_38_F_21_stageii.npz,4.0,0.0,1.0,2017,120.0,16.8,32
view0__BMLmovi__Subject_38_F_MoSh__Subject_38_F_2,view0,/bigdata/users/quansj/datasets/Doppler/wilddoppler/legacy/datasets/AMASS_SMPLX_2022/BMLmovi/Subject_38_F_MoSh/Subject_38_F_2_stageii.npz,4.0,0.0,1.0,1105,120.0,9.2,17
view0__BMLmovi__Subject_38_F_MoSh__Subject_38_F_3,view0,/bigdata/users/quansj/datasets/Doppler/wilddoppler/legacy/datasets/AMASS_SMPLX_2022/BMLmovi/Subject_38_F_MoSh/Subject_38_F_3_stageii.npz,4.0,0.0,1.0,997,120.0,8.3,15
view0__BMLmovi__Subject_38_F_MoSh__Subject_38_F_4,view0,/bigdata/users/quansj/datasets/Doppler/wilddoppler/legacy/datasets/AMASS_SMPLX_2022/BMLmovi/Subject_38_F_MoSh/Subject_38_F_4_stageii.npz,4.0,0.0,1.0,629,120.0,5.233333333333333,9
view0__BMLmovi__Subject_38_F_MoSh__Subject_38_F_5,view0,/bigdata/users/quansj/datasets/Doppler/wilddoppler/legacy/datasets/AMASS_SMPLX_2022/BMLmovi/Subject_38_F_MoSh/Subject_38_F_5_stageii.npz,4.0,0.0,1.0,481,120.0,4.0,7
view0__BMLmovi__Subject_38_F_MoSh__Subject_38_F_6,view0,/bigdata/users/quansj/datasets/Doppler/wilddoppler/legacy/datasets/AMASS_SMPLX_2022/BMLmovi/Subject_38_F_MoSh/Subject_38_F_6_stageii.npz,4.0,0.0,1.0,581,120.0,4.833333333333333,8
view0__BMLmovi__Subject_38_F_MoSh__Subject_38_F_7,view0,/bigdata/users/quansj/datasets/Doppler/wilddoppler/legacy/datasets/AMASS_SMPLX_2022/BMLmovi/Subject_38_F_MoSh/Subject_38_F_7_stageii.npz,4.0,0.0,1.0,1077,120.0,8.966666666666667,16
view0__BMLmovi__Subject_38_F_MoSh__Subject_38_F_8,view0,/bigdata/users/quansj/datasets/Doppler/wilddoppler/legacy/datasets/AMASS_SMPLX_2022/BMLmovi/Subject_38_F_MoSh/Subject_38_F_8_stageii.npz,4.0,0.0,1.0,433,120.0,3.6,6
view0__BMLmovi__Subject_38_F_MoSh__Subject_38_F_9,view0,/bigdata/users/quansj/datasets/Doppler/wilddoppler/legacy/datasets/AMASS_SMPLX_2022/BMLmovi/Subject_38_F_MoSh/Subject_38_F_9_stageii.npz,4.0,0.0,1.0,409,120.0,3.4,5
view0__BMLmovi__Subject_39_F_MoSh__Subject_39_F_10,view0,/bigdata/users/quansj/datasets/Doppler/wilddoppler/legacy/datasets/AMASS_SMPLX_2022/BMLmovi/Subject_39_F_MoSh/Subject_39_F_10_stageii.npz,4.0,0.0,1.0,457,120.0,3.8,6
view0__BMLmovi__Subject_39_F_MoSh__Subject_39_F_11,view0,/bigdata/users/quansj/datasets/Doppler/wilddoppler/legacy/datasets/AMASS_SMPLX_2022/BMLmovi/Subject_39_F_MoSh/Subject_39_F_11_stageii.npz,4.0,0.0,1.0,889,120.0,7.4,13
view0__BMLmovi__Subject_39_F_MoSh__Subject_39_F_12,view0,/bigdata/users/quansj/datasets/Doppler/wilddoppler/legacy/datasets/AMASS_SMPLX_2022/BMLmovi/Subject_39_F_MoSh/Subject_39_F_12_stageii.npz,4.0,0.0,1.0,405,120.0,3.3666666666666667,5
view0__BMLmovi__Subject_39_F_MoSh__Subject_39_F_13,view0,/bigdata/users/quansj/datasets/Doppler/wilddoppler/legacy/datasets/AMASS_SMPLX_2022/BMLmovi/Subject_39_F_MoSh/Subject_39_F_13_stageii.npz,4.0,0.0,1.0,1005,120.0,8.366666666666667,15
view0__BMLmovi__Subject_39_F_MoSh__Subject_39_F_14,view0,/bigdata/users/quansj/datasets/Doppler/wilddoppler/legacy/datasets/AMASS_SMPLX_2022/BMLmovi/Subject_39_F_MoSh/Subject_39_F_14_stageii.npz,4.0,0.0,1.0,385,120.0,3.2,5
view0__BMLmovi__Subject_39_F_MoSh__Subject_39_F_15,view0,/bigdata/users/quansj/datasets/Doppler/wilddoppler/legacy/datasets/AMASS_SMPLX_2022/BMLmovi/Subject_39_F_MoSh/Subject_39_F_15_stageii.npz,4.0,0.0,1.0,357,120.0,2.966666666666667,4
view0__BMLmovi__Subject_39_F_MoSh__Subject_39_F_16,view0,/bigdata/users/quansj/datasets/Doppler/wilddoppler/legacy/datasets/AMASS_SMPLX_2022/BMLmovi/Subject_39_F_MoSh/Subject_39_F_16_stageii.npz,4.0,0.0,1.0,2217,120.0,18.466666666666665,35
view0__BMLmovi__Subject_39_F_MoSh__Subject_39_F_17,view0,/bigdata/users/quansj/datasets/Doppler/wilddoppler/legacy/datasets/AMASS_SMPLX_2022/BMLmovi/Subject_39_F_MoSh/Subject_39_F_17_stageii.npz,4.0,0.0,1.0,497,120.0,4.133333333333334,7
view0__BMLmovi__Subject_39_F_MoSh__Subject_39_F_18,view0,/bigdata/users/quansj/datasets/Doppler/wilddoppler/legacy/datasets/AMASS_SMPLX_2022/BMLmovi/Subject_39_F_MoSh/Subject_39_F_18_stageii.npz,4.0,0.0,1.0,705,120.0,5.866666666666666,10
view0__BMLmovi__Subject_39_F_MoSh__Subject_39_F_19,view0,/bigdata/users/quansj/datasets/Doppler/wilddoppler/legacy/datasets/AMASS_SMPLX_2022/BMLmovi/Subject_39_F_MoSh/Subject_39_F_19_stageii.npz,4.0,0.0,1.0,377,120.0,3.1333333333333333,5
view0__BMLmovi__Subject_39_F_MoSh__Subject_39_F_1,view0,/bigdata/users/quansj/datasets/Doppler/wilddoppler/legacy/datasets/AMASS_SMPLX_2022/BMLmovi/Subject_39_F_MoSh/Subject_39_F_1_stageii.npz,4.0,0.0,1.0,537,120.0,4.466666666666667,7
view0__BMLmovi__Subject_39_F_MoSh__Subject_39_F_20,view0,/bigdata/users/quansj/datasets/Doppler/wilddoppler/legacy/datasets/AMASS_SMPLX_2022/BMLmovi/Subject_39_F_MoSh/Subject_39_F_20_stageii.npz,4.0,0.0,1.0,501,120.0,4.166666666666667,7
view0__BMLmovi__Subject_39_F_MoSh__Subject_39_F_21,view0,/bigdata/users/quansj/datasets/Doppler/wilddoppler/legacy/datasets/AMASS_SMPLX_2022/BMLmovi/Subject_39_F_MoSh/Subject_39_F_21_stageii.npz,4.0,0.0,1.0,1209,120.0,10.066666666666666,19
view0__BMLmovi__Subject_39_F_MoSh__Subject_39_F_2,view0,/bigdata/users/quansj/datasets/Doppler/wilddoppler/legacy/datasets/AMASS_SMPLX_2022/BMLmovi/Subject_39_F_MoSh/Subject_39_F_2_stageii.npz,4.0,0.0,1.0,897,120.0,7.466666666666667,13
view0__BMLmovi__Subject_39_F_MoSh__Subject_39_F_3,view0,/bigdata/users/quansj/datasets/Doppler/wilddoppler/legacy/datasets/AMASS_SMPLX_2022/BMLmovi/Subject_39_F_MoSh/Subject_39_F_3_stageii.npz,4.0,0.0,1.0,309,120.0,2.566666666666667,4
view0__BMLmovi__Subject_39_F_MoSh__Subject_39_F_4,view0,/bigdata/users/quansj/datasets/Doppler/wilddoppler/legacy/datasets/AMASS_SMPLX_2022/BMLmovi/Subject_39_F_MoSh/Subject_39_F_4_stageii.npz,4.0,0.0,1.0,469,120.0,3.9,6
view0__BMLmovi__Subject_39_F_MoSh__Subject_39_F_5,view0,/bigdata/users/quansj/datasets/Doppler/wilddoppler/legacy/datasets/AMASS_SMPLX_2022/BMLmovi/Subject_39_F_MoSh/Subject_39_F_5_stageii.npz,4.0,0.0,1.0,433,120.0,3.6,6
view0__BMLmovi__Subject_39_F_MoSh__Subject_39_F_6,view0,/bigdata/users/quansj/datasets/Doppler/wilddoppler/legacy/datasets/AMASS_SMPLX_2022/BMLmovi/Subject_39_F_MoSh/Subject_39_F_6_stageii.npz,4.0,0.0,1.0,549,120.0,4.566666666666666,8
view0__BMLmovi__Subject_39_F_MoSh__Subject_39_F_7,view0,/bigdata/users/quansj/datasets/Doppler/wilddoppler/legacy/datasets/AMASS_SMPLX_2022/BMLmovi/Subject_39_F_MoSh/Subject_39_F_7_stageii.npz,4.0,0.0,1.0,909,120.0,7.566666666666666,14
view0__BMLmovi__Subject_39_F_MoSh__Subject_39_F_8,view0,/bigdata/users/quansj/datasets/Doppler/wilddoppler/legacy/datasets/AMASS_SMPLX_2022/BMLmovi/Subject_39_F_MoSh/Subject_39_F_8_stageii.npz,4.0,0.0,1.0,1825,120.0,15.2,29
view0__BMLmovi__Subject_39_F_MoSh__Subject_39_F_9,view0,/bigdata/users/quansj/datasets/Doppler/wilddoppler/legacy/datasets/AMASS_SMPLX_2022/BMLmovi/Subject_39_F_MoSh/Subject_39_F_9_stageii.npz,4.0,0.0,1.0,305,120.0,2.533333333333333,4
view0__BMLmovi__Subject_3_F_MoSh__Subject_3_F_10,view0,/bigdata/users/quansj/datasets/Doppler/wilddoppler/legacy/datasets/AMASS_SMPLX_2022/BMLmovi/Subject_3_F_MoSh/Subject_3_F_10_stageii.npz,4.0,0.0,1.0,393,120.0,3.2666666666666666,5
view0__BMLmovi__Subject_3_F_MoSh__Subject_3_F_11,view0,/bigdata/users/quansj/datasets/Doppler/wilddoppler/legacy/datasets/AMASS_SMPLX_2022/BMLmovi/Subject_3_F_MoSh/Subject_3_F_11_stageii.npz,4.0,0.0,1.0,805,120.0,6.7,12
view0__BMLmovi__Subject_3_F_MoSh__Subject_3_F_12,view0,/bigdata/users/quansj/datasets/Doppler/wilddoppler/legacy/datasets/AMASS_SMPLX_2022/BMLmovi/Subject_3_F_MoSh/Subject_3_F_12_stageii.npz,4.0,0.0,1.0,333,120.0,2.7666666666666666,4
view0__BMLmovi__Subject_3_F_MoSh__Subject_3_F_13,view0,/bigdata/users/quansj/datasets/Doppler/wilddoppler/legacy/datasets/AMASS_SMPLX_2022/BMLmovi/Subject_3_F_MoSh/Subject_3_F_13_stageii.npz,4.0,0.0,1.0,257,120.0,2.1333333333333333,3
view0__BMLmovi__Subject_3_F_MoSh__Subject_3_F_14,view0,/bigdata/users/quansj/datasets/Doppler/wilddoppler/legacy/datasets/AMASS_SMPLX_2022/BMLmovi/Subject_3_F_MoSh/Subject_3_F_14_stageii.npz,4.0,0.0,1.0,273,120.0,2.2666666666666666,3
view0__BMLmovi__Subject_3_F_MoSh__Subject_3_F_15,view0,/bigdata/users/quansj/datasets/Doppler/wilddoppler/legacy/datasets/AMASS_SMPLX_2022/BMLmovi/Subject_3_F_MoSh/Subject_3_F_15_stageii.npz,4.0,0.0,1.0,257,120.0,2.1333333333333333,3
view0__BMLmovi__Subject_3_F_MoSh__Subject_3_F_16,view0,/bigdata/users/quansj/datasets/Doppler/wilddoppler/legacy/datasets/AMASS_SMPLX_2022/BMLmovi/Subject_3_F_MoSh/Subject_3_F_16_stageii.npz,4.0,0.0,1.0,825,120.0,6.866666666666666,12
view0__BMLmovi__Subject_3_F_MoSh__Subject_3_F_17,view0,/bigdata/users/quansj/datasets/Doppler/wilddoppler/legacy/datasets/AMASS_SMPLX_2022/BMLmovi/Subject_3_F_MoSh/Subject_3_F_17_stageii.npz,4.0,0.0,1.0,741,120.0,6.166666666666667,11
view0__BMLmovi__Subject_3_F_MoSh__Subject_3_F_18,view0,/bigdata/users/quansj/datasets/Doppler/wilddoppler/legacy/datasets/AMASS_SMPLX_2022/BMLmovi/Subject_3_F_MoSh/Subject_3_F_18_stageii.npz,4.0,0.0,1.0,537,120.0,4.466666666666667,7
view0__BMLmovi__Subject_3_F_MoSh__Subject_3_F_19,view0,/bigdata/users/quansj/datasets/Doppler/wilddoppler/legacy/datasets/AMASS_SMPLX_2022/BMLmovi/Subject_3_F_MoSh/Subject_3_F_19_stageii.npz,4.0,0.0,1.0,345,120.0,2.8666666666666667,4
view0__BMLmovi__Subject_3_F_MoSh__Subject_3_F_1,view0,/bigdata/users/quansj/datasets/Doppler/wilddoppler/legacy/datasets/AMASS_SMPLX_2022/BMLmovi/Subject_3_F_MoSh/Subject_3_F_1_stageii.npz,4.0,0.0,1.0,273,120.0,2.2666666666666666,3
view0__BMLmovi__Subject_3_F_MoSh__Subject_3_F_20,view0,/bigdata/users/quansj/datasets/Doppler/wilddoppler/legacy/datasets/AMASS_SMPLX_2022/BMLmovi/Subject_3_F_MoSh/Subject_3_F_20_stageii.npz,4.0,0.0,1.0,357,120.0,2.966666666666667,4
view0__BMLmovi__Subject_3_F_MoSh__Subject_3_F_21,view0,/bigdata/users/quansj/datasets/Doppler/wilddoppler/legacy/datasets/AMASS_SMPLX_2022/BMLmovi/Subject_3_F_MoSh/Subject_3_F_21_stageii.npz,4.0,0.0,1.0,193,120.0,1.6,2
view0__BMLmovi__Subject_3_F_MoSh__Subject_3_F_2,view0,/bigdata/users/quansj/datasets/Doppler/wilddoppler/legacy/datasets/AMASS_SMPLX_2022/BMLmovi/Subject_3_F_MoSh/Subject_3_F_2_stageii.npz,4.0,0.0,1.0,373,120.0,3.1,5
view0__BMLmovi__Subject_3_F_MoSh__Subject_3_F_3,view0,/bigdata/users/quansj/datasets/Doppler/wilddoppler/legacy/datasets/AMASS_SMPLX_2022/BMLmovi/Subject_3_F_MoSh/Subject_3_F_3_stageii.npz,4.0,0.0,1.0,385,120.0,3.2,5
view0__BMLmovi__Subject_3_F_MoSh__Subject_3_F_4,view0,/bigdata/users/quansj/datasets/Doppler/wilddoppler/legacy/datasets/AMASS_SMPLX_2022/BMLmovi/Subject_3_F_MoSh/Subject_3_F_4_stageii.npz,4.0,0.0,1.0,461,120.0,3.8333333333333335,6
view0__BMLmovi__Subject_3_F_MoSh__Subject_3_F_5,view0,/bigdata/users/quansj/datasets/Doppler/wilddoppler/legacy/datasets/AMASS_SMPLX_2022/BMLmovi/Subject_3_F_MoSh/Subject_3_F_5_stageii.npz,4.0,0.0,1.0,393,120.0,3.2666666666666666,5
view0__BMLmovi__Subject_3_F_MoSh__Subject_3_F_6,view0,/bigdata/users/quansj/datasets/Doppler/wilddoppler/legacy/datasets/AMASS_SMPLX_2022/BMLmovi/Subject_3_F_MoSh/Subject_3_F_6_stageii.npz,4.0,0.0,1.0,329,120.0,2.7333333333333334,4
view0__BMLmovi__Subject_3_F_MoSh__Subject_3_F_7,view0,/bigdata/users/quansj/datasets/Doppler/wilddoppler/legacy/datasets/AMASS_SMPLX_2022/BMLmovi/Subject_3_F_MoSh/Subject_3_F_7_stageii.npz,4.0,0.0,1.0,537,120.0,4.466666666666667,7
view0__BMLmovi__Subject_3_F_MoSh__Subject_3_F_8,view0,/bigdata/users/quansj/datasets/Doppler/wilddoppler/legacy/datasets/AMASS_SMPLX_2022/BMLmovi/Subject_3_F_MoSh/Subject_3_F_8_stageii.npz,4.0,0.0,1.0,909,120.0,7.566666666666666,14
view0__BMLmovi__Subject_3_F_MoSh__Subject_3_F_9,view0,/bigdata/users/quansj/datasets/Doppler/wilddoppler/legacy/datasets/AMASS_SMPLX_2022/BMLmovi/Subject_3_F_MoSh/Subject_3_F_9_stageii.npz,4.0,0.0,1.0,437,120.0,3.6333333333333333,6
view0__BMLmovi__Subject_40_F_MoSh__Subject_40_F_10,view0,/bigdata/users/quansj/datasets/Doppler/wilddoppler/legacy/datasets/AMASS_SMPLX_2022/BMLmovi/Subject_40_F_MoSh/Subject_40_F_10_stageii.npz,4.0,0.0,1.0,493,120.0,4.1,7
view0__BMLmovi__Subject_40_F_MoSh__Subject_40_F_11,view0,/bigdata/users/quansj/datasets/Doppler/wilddoppler/legacy/datasets/AMASS_SMPLX_2022/BMLmovi/Subject_40_F_MoSh/Subject_40_F_11_stageii.npz,4.0,0.0,1.0,869,120.0,7.233333333333333,13
view0__BMLmovi__Subject_40_F_MoSh__Subject_40_F_12,view0,/bigdata/users/quansj/datasets/Doppler/wilddoppler/legacy/datasets/AMASS_SMPLX_2022/BMLmovi/Subject_40_F_MoSh/Subject_40_F_12_stageii.npz,4.0,0.0,1.0,625,120.0,5.2,9
view0__BMLmovi__Subject_40_F_MoSh__Subject_40_F_13,view0,/bigdata/users/quansj/datasets/Doppler/wilddoppler/legacy/datasets/AMASS_SMPLX_2022/BMLmovi/Subject_40_F_MoSh/Subject_40_F_13_stageii.npz,4.0,0.0,1.0,925,120.0,7.7,14
view0__BMLmovi__Subject_40_F_MoSh__Subject_40_F_14,view0,/bigdata/users/quansj/datasets/Doppler/wilddoppler/legacy/datasets/AMASS_SMPLX_2022/BMLmovi/Subject_40_F_MoSh/Subject_40_F_14_stageii.npz,4.0,0.0,1.0,641,120.0,5.333333333333333,9
view0__BMLmovi__Subject_40_F_MoSh__Subject_40_F_15,view0,/bigdata/users/quansj/datasets/Doppler/wilddoppler/legacy/datasets/AMASS_SMPLX_2022/BMLmovi/Subject_40_F_MoSh/Subject_40_F_15_stageii.npz,4.0,0.0,1.0,577,120.0,4.8,8
view0__BMLmovi__Subject_40_F_MoSh__Subject_40_F_16,view0,/bigdata/users/quansj/datasets/Doppler/wilddoppler/legacy/datasets/AMASS_SMPLX_2022/BMLmovi/Subject_40_F_MoSh/Subject_40_F_16_stageii.npz,4.0,0.0,1.0,729,120.0,6.066666666666666,11
view0__BMLmovi__Subject_40_F_MoSh__Subject_40_F_17,view0,/bigdata/users/quansj/datasets/Doppler/wilddoppler/legacy/datasets/AMASS_SMPLX_2022/BMLmovi/Subject_40_F_MoSh/Subject_40_F_17_stageii.npz,4.0,0.0,1.0,1161,120.0,9.666666666666666,18
view0__BMLmovi__Subject_40_F_MoSh__Subject_40_F_18,view0,/bigdata/users/quansj/datasets/Doppler/wilddoppler/legacy/datasets/AMASS_SMPLX_2022/BMLmovi/Subject_40_F_MoSh/Subject_40_F_18_stageii.npz,4.0,0.0,1.0,1325,120.0,11.033333333333333,21
view0__BMLmovi__Subject_40_F_MoSh__Subject_40_F_19,view0,/bigdata/users/quansj/datasets/Doppler/wilddoppler/legacy/datasets/AMASS_SMPLX_2022/BMLmovi/Subject_40_F_MoSh/Subject_40_F_19_stageii.npz,4.0,0.0,1.0,901,120.0,7.5,14
view0__BMLmovi__Subject_40_F_MoSh__Subject_40_F_1,view0,/bigdata/users/quansj/datasets/Doppler/wilddoppler/legacy/datasets/AMASS_SMPLX_2022/BMLmovi/Subject_40_F_MoSh/Subject_40_F_1_stageii.npz,4.0,0.0,1.0,769,120.0,6.4,11
view0__BMLmovi__Subject_40_F_MoSh__Subject_40_F_20,view0,/bigdata/users/quansj/datasets/Doppler/wilddoppler/legacy/datasets/AMASS_SMPLX_2022/BMLmovi/Subject_40_F_MoSh/Subject_40_F_20_stageii.npz,4.0,0.0,1.0,593,120.0,4.933333333333334,8
view0__BMLmovi__Subject_40_F_MoSh__Subject_40_F_21,view0,/bigdata/users/quansj/datasets/Doppler/wilddoppler/legacy/datasets/AMASS_SMPLX_2022/BMLmovi/Subject_40_F_MoSh/Subject_40_F_21_stageii.npz,4.0,0.0,1.0,653,120.0,5.433333333333334,9
view0__BMLmovi__Subject_40_F_MoSh__Subject_40_F_2,view0,/bigdata/users/quansj/datasets/Doppler/wilddoppler/legacy/datasets/AMASS_SMPLX_2022/BMLmovi/Subject_40_F_MoSh/Subject_40_F_2_stageii.npz,4.0,0.0,1.0,509,120.0,4.233333333333333,7
view0__BMLmovi__Subject_40_F_MoSh__Subject_40_F_3,view0,/bigdata/users/quansj/datasets/Doppler/wilddoppler/legacy/datasets/AMASS_SMPLX_2022/BMLmovi/Subject_40_F_MoSh/Subject_40_F_3_stageii.npz,4.0,0.0,1.0,1521,120.0,12.666666666666666,24
view0__BMLmovi__Subject_40_F_MoSh__Subject_40_F_4,view0,/bigdata/users/quansj/datasets/Doppler/wilddoppler/legacy/datasets/AMASS_SMPLX_2022/BMLmovi/Subject_40_F_MoSh/Subject_40_F_4_stageii.npz,4.0,0.0,1.0,469,120.0,3.9,6
view0__BMLmovi__Subject_40_F_MoSh__Subject_40_F_5,view0,/bigdata/users/quansj/datasets/Doppler/wilddoppler/legacy/datasets/AMASS_SMPLX_2022/BMLmovi/Subject_40_F_MoSh/Subject_40_F_5_stageii.npz,4.0,0.0,1.0,1137,120.0,9.466666666666667,17
view0__BMLmovi__Subject_40_F_MoSh__Subject_40_F_6,view0,/bigdata/users/quansj/datasets/Doppler/wilddoppler/legacy/datasets/AMASS_SMPLX_2022/BMLmovi/Subject_40_F_MoSh/Subject_40_F_6_stageii.npz,4.0,0.0,1.0,629,120.0,5.233333333333333,9
view0__BMLmovi__Subject_40_F_MoSh__Subject_40_F_7,view0,/bigdata/users/quansj/datasets/Doppler/wilddoppler/legacy/datasets/AMASS_SMPLX_2022/BMLmovi/Subject_40_F_MoSh/Subject_40_F_7_stageii.npz,4.0,0.0,1.0,725,120.0,6.033333333333333,11
view0__BMLmovi__Subject_40_F_MoSh__Subject_40_F_8,view0,/bigdata/users/quansj/datasets/Doppler/wilddoppler/legacy/datasets/AMASS_SMPLX_2022/BMLmovi/Subject_40_F_MoSh/Subject_40_F_8_stageii.npz,4.0,0.0,1.0,1189,120.0,9.9,18
view0__BMLmovi__Subject_40_F_MoSh__Subject_40_F_9,view0,/bigdata/users/quansj/datasets/Doppler/wilddoppler/legacy/datasets/AMASS_SMPLX_2022/BMLmovi/Subject_40_F_MoSh/Subject_40_F_9_stageii.npz,4.0,0.0,1.0,381,120.0,3.1666666666666665,5
view0__BMLmovi__Subject_41_F_MoSh__Subject_41_F_10,view0,/bigdata/users/quansj/datasets/Doppler/wilddoppler/legacy/datasets/AMASS_SMPLX_2022/BMLmovi/Subject_41_F_MoSh/Subject_41_F_10_stageii.npz,4.0,0.0,1.0,473,120.0,3.933333333333333,6
view0__BMLmovi__Subject_41_F_MoSh__Subject_41_F_11,view0,/bigdata/users/quansj/datasets/Doppler/wilddoppler/legacy/datasets/AMASS_SMPLX_2022/BMLmovi/Subject_41_F_MoSh/Subject_41_F_11_stageii.npz,4.0,0.0,1.0,593,120.0,4.933333333333334,8
view0__BMLmovi__Subject_41_F_MoSh__Subject_41_F_12,view0,/bigdata/users/quansj/datasets/Doppler/wilddoppler/legacy/datasets/AMASS_SMPLX_2022/BMLmovi/Subject_41_F_MoSh/Subject_41_F_12_stageii.npz,4.0,0.0,1.0,569,120.0,4.733333333333333,8
view0__BMLmovi__Subject_41_F_MoSh__Subject_41_F_13,view0,/bigdata/users/quansj/datasets/Doppler/wilddoppler/legacy/datasets/AMASS_SMPLX_2022/BMLmovi/Subject_41_F_MoSh/Subject_41_F_13_stageii.npz,4.0,0.0,1.0,1201,120.0,10.0,19
view0__BMLmovi__Subject_41_F_MoSh__Subject_41_F_14,view0,/bigdata/users/quansj/datasets/Doppler/wilddoppler/legacy/datasets/AMASS_SMPLX_2022/BMLmovi/Subject_41_F_MoSh/Subject_41_F_14_stageii.npz,4.0,0.0,1.0,565,120.0,4.7,8
view0__BMLmovi__Subject_41_F_MoSh__Subject_41_F_16,view0,/bigdata/users/quansj/datasets/Doppler/wilddoppler/legacy/datasets/AMASS_SMPLX_2022/BMLmovi/Subject_41_F_MoSh/Subject_41_F_16_stageii.npz,4.0,0.0,1.0,445,120.0,3.7,6
view0__BMLmovi__Subject_41_F_MoSh__Subject_41_F_17,view0,/bigdata/users/quansj/datasets/Doppler/wilddoppler/legacy/datasets/AMASS_SMPLX_2022/BMLmovi/Subject_41_F_MoSh/Subject_41_F_17_stageii.npz,4.0,0.0,1.0,309,120.0,2.566666666666667,4
view0__BMLmovi__Subject_41_F_MoSh__Subject_41_F_18,view0,/bigdata/users/quansj/datasets/Doppler/wilddoppler/legacy/datasets/AMASS_SMPLX_2022/BMLmovi/Subject_41_F_MoSh/Subject_41_F_18_stageii.npz,4.0,0.0,1.0,485,120.0,4.033333333333333,7
view0__BMLmovi__Subject_41_F_MoSh__Subject_41_F_19,view0,/bigdata/users/quansj/datasets/Doppler/wilddoppler/legacy/datasets/AMASS_SMPLX_2022/BMLmovi/Subject_41_F_MoSh/Subject_41_F_19_stageii.npz,4.0,0.0,1.0,1561,120.0,13.0,25
view0__BMLmovi__Subject_41_F_MoSh__Subject_41_F_1,view0,/bigdata/users/quansj/datasets/Doppler/wilddoppler/legacy/datasets/AMASS_SMPLX_2022/BMLmovi/Subject_41_F_MoSh/Subject_41_F_1_stageii.npz,4.0,0.0,1.0,381,120.0,3.1666666666666665,5
view0__BMLmovi__Subject_41_F_MoSh__Subject_41_F_20,view0,/bigdata/users/quansj/datasets/Doppler/wilddoppler/legacy/datasets/AMASS_SMPLX_2022/BMLmovi/Subject_41_F_MoSh/Subject_41_F_20_stageii.npz,4.0,0.0,1.0,1205,120.0,10.033333333333333,19
view0__BMLmovi__Subject_41_F_MoSh__Subject_41_F_21,view0,/bigdata/users/quansj/datasets/Doppler/wilddoppler/legacy/datasets/AMASS_SMPLX_2022/BMLmovi/Subject_41_F_MoSh/Subject_41_F_21_stageii.npz,4.0,0.0,1.0,1121,120.0,9.333333333333334,17
view0__BMLmovi__Subject_41_F_MoSh__Subject_41_F_2,view0,/bigdata/users/quansj/datasets/Doppler/wilddoppler/legacy/datasets/AMASS_SMPLX_2022/BMLmovi/Subject_41_F_MoSh/Subject_41_F_2_stageii.npz,4.0,0.0,1.0,981,120.0,8.166666666666666,15
view0__BMLmovi__Subject_41_F_MoSh__Subject_41_F_3,view0,/bigdata/users/quansj/datasets/Doppler/wilddoppler/legacy/datasets/AMASS_SMPLX_2022/BMLmovi/Subject_41_F_MoSh/Subject_41_F_3_stageii.npz,4.0,0.0,1.0,489,120.0,4.066666666666666,7
view0__BMLmovi__Subject_41_F_MoSh__Subject_41_F_4,view0,/bigdata/users/quansj/datasets/Doppler/wilddoppler/legacy/datasets/AMASS_SMPLX_2022/BMLmovi/Subject_41_F_MoSh/Subject_41_F_4_stageii.npz,4.0,0.0,1.0,413,120.0,3.433333333333333,5
view0__BMLmovi__Subject_41_F_MoSh__Subject_41_F_5,view0,/bigdata/users/quansj/datasets/Doppler/wilddoppler/legacy/datasets/AMASS_SMPLX_2022/BMLmovi/Subject_41_F_MoSh/Subject_41_F_5_stageii.npz,4.0,0.0,1.0,437,120.0,3.6333333333333333,6
view0__BMLmovi__Subject_41_F_MoSh__Subject_41_F_6,view0,/bigdata/users/quansj/datasets/Doppler/wilddoppler/legacy/datasets/AMASS_SMPLX_2022/BMLmovi/Subject_41_F_MoSh/Subject_41_F_6_stageii.npz,4.0,0.0,1.0,661,120.0,5.5,10
view0__BMLmovi__Subject_41_F_MoSh__Subject_41_F_7,view0,/bigdata/users/quansj/datasets/Doppler/wilddoppler/legacy/datasets/AMASS_SMPLX_2022/BMLmovi/Subject_41_F_MoSh/Subject_41_F_7_stageii.npz,4.0,0.0,1.0,953,120.0,7.933333333333334,14
view0__BMLmovi__Subject_41_F_MoSh__Subject_41_F_8,view0,/bigdata/users/quansj/datasets/Doppler/wilddoppler/legacy/datasets/AMASS_SMPLX_2022/BMLmovi/Subject_41_F_MoSh/Subject_41_F_8_stageii.npz,4.0,0.0,1.0,521,120.0,4.333333333333333,7
view0__BMLmovi__Subject_41_F_MoSh__Subject_41_F_9,view0,/bigdata/users/quansj/datasets/Doppler/wilddoppler/legacy/datasets/AMASS_SMPLX_2022/BMLmovi/Subject_41_F_MoSh/Subject_41_F_9_stageii.npz,4.0,0.0,1.0,1193,120.0,9.933333333333334,18
view0__BMLmovi__Subject_42_F_MoSh__Subject_42_F_10,view0,/bigdata/users/quansj/datasets/Doppler/wilddoppler/legacy/datasets/AMASS_SMPLX_2022/BMLmovi/Subject_42_F_MoSh/Subject_42_F_10_stageii.npz,4.0,0.0,1.0,473,120.0,3.933333333333333,6
view0__BMLmovi__Subject_42_F_MoSh__Subject_42_F_11,view0,/bigdata/users/quansj/datasets/Doppler/wilddoppler/legacy/datasets/AMASS_SMPLX_2022/BMLmovi/Subject_42_F_MoSh/Subject_42_F_11_stageii.npz,4.0,0.0,1.0,965,120.0,8.033333333333333,15
view0__BMLmovi__Subject_42_F_MoSh__Subject_42_F_12,view0,/bigdata/users/quansj/datasets/Doppler/wilddoppler/legacy/datasets/AMASS_SMPLX_2022/BMLmovi/Subject_42_F_MoSh/Subject_42_F_12_stageii.npz,4.0,0.0,1.0,325,120.0,2.7,4
view0__BMLmovi__Subject_42_F_MoSh__Subject_42_F_13,view0,/bigdata/users/quansj/datasets/Doppler/wilddoppler/legacy/datasets/AMASS_SMPLX_2022/BMLmovi/Subject_42_F_MoSh/Subject_42_F_13_stageii.npz,4.0,0.0,1.0,1197,120.0,9.966666666666667,18
view0__BMLmovi__Subject_42_F_MoSh__Subject_42_F_14,view0,/bigdata/users/quansj/datasets/Doppler/wilddoppler/legacy/datasets/AMASS_SMPLX_2022/BMLmovi/Subject_42_F_MoSh/Subject_42_F_14_stageii.npz,4.0,0.0,1.0,697,120.0,5.8,10
view0__BMLmovi__Subject_42_F_MoSh__Subject_42_F_15,view0,/bigdata/users/quansj/datasets/Doppler/wilddoppler/legacy/datasets/AMASS_SMPLX_2022/BMLmovi/Subject_42_F_MoSh/Subject_42_F_15_stageii.npz,4.0,0.0,1.0,1109,120.0,9.233333333333333,17
view0__BMLmovi__Subject_42_F_MoSh__Subject_42_F_16,view0,/bigdata/users/quansj/datasets/Doppler/wilddoppler/legacy/datasets/AMASS_SMPLX_2022/BMLmovi/Subject_42_F_MoSh/Subject_42_F_16_stageii.npz,4.0,0.0,1.0,497,120.0,4.133333333333334,7
view0__BMLmovi__Subject_42_F_MoSh__Subject_42_F_17,view0,/bigdata/users/quansj/datasets/Doppler/wilddoppler/legacy/datasets/AMASS_SMPLX_2022/BMLmovi/Subject_42_F_MoSh/Subject_42_F_17_stageii.npz,4.0,0.0,1.0,265,120.0,2.2,3
view0__BMLmovi__Subject_42_F_MoSh__Subject_42_F_18,view0,/bigdata/users/quansj/datasets/Doppler/wilddoppler/legacy/datasets/AMASS_SMPLX_2022/BMLmovi/Subject_42_F_MoSh/Subject_42_F_18_stageii.npz,4.0,0.0,1.0,421,120.0,3.5,6
view0__BMLmovi__Subject_42_F_MoSh__Subject_42_F_19,view0,/bigdata/users/quansj/datasets/Doppler/wilddoppler/legacy/datasets/AMASS_SMPLX_2022/BMLmovi/Subject_42_F_MoSh/Subject_42_F_19_stageii.npz,4.0,0.0,1.0,529,120.0,4.4,7
view0__BMLmovi__Subject_42_F_MoSh__Subject_42_F_1,view0,/bigdata/users/quansj/datasets/Doppler/wilddoppler/legacy/datasets/AMASS_SMPLX_2022/BMLmovi/Subject_42_F_MoSh/Subject_42_F_1_stageii.npz,4.0,0.0,1.0,1173,120.0,9.766666666666667,18
view0__BMLmovi__Subject_42_F_MoSh__Subject_42_F_20,view0,/bigdata/users/quansj/datasets/Doppler/wilddoppler/legacy/datasets/AMASS_SMPLX_2022/BMLmovi/Subject_42_F_MoSh/Subject_42_F_20_stageii.npz,4.0,0.0,1.0,505,120.0,4.2,7
view0__BMLmovi__Subject_42_F_MoSh__Subject_42_F_21,view0,/bigdata/users/quansj/datasets/Doppler/wilddoppler/legacy/datasets/AMASS_SMPLX_2022/BMLmovi/Subject_42_F_MoSh/Subject_42_F_21_stageii.npz,4.0,0.0,1.0,1081,120.0,9.0,17
view0__BMLmovi__Subject_42_F_MoSh__Subject_42_F_2,view0,/bigdata/users/quansj/datasets/Doppler/wilddoppler/legacy/datasets/AMASS_SMPLX_2022/BMLmovi/Subject_42_F_MoSh/Subject_42_F_2_stageii.npz,4.0,0.0,1.0,1333,120.0,11.1,21
view0__BMLmovi__Subject_42_F_MoSh__Subject_42_F_3,view0,/bigdata/users/quansj/datasets/Doppler/wilddoppler/legacy/datasets/AMASS_SMPLX_2022/BMLmovi/Subject_42_F_MoSh/Subject_42_F_3_stageii.npz,4.0,0.0,1.0,593,120.0,4.933333333333334,8
view0__BMLmovi__Subject_42_F_MoSh__Subject_42_F_4,view0,/bigdata/users/quansj/datasets/Doppler/wilddoppler/legacy/datasets/AMASS_SMPLX_2022/BMLmovi/Subject_42_F_MoSh/Subject_42_F_4_stageii.npz,4.0,0.0,1.0,1225,120.0,10.2,19
view0__BMLmovi__Subject_42_F_MoSh__Subject_42_F_5,view0,/bigdata/users/quansj/datasets/Doppler/wilddoppler/legacy/datasets/AMASS_SMPLX_2022/BMLmovi/Subject_42_F_MoSh/Subject_42_F_5_stageii.npz,4.0,0.0,1.0,585,120.0,4.866666666666666,8
view0__BMLmovi__Subject_42_F_MoSh__Subject_42_F_6,view0,/bigdata/users/quansj/datasets/Doppler/wilddoppler/legacy/datasets/AMASS_SMPLX_2022/BMLmovi/Subject_42_F_MoSh/Subject_42_F_6_stageii.npz,4.0,0.0,1.0,533,120.0,4.433333333333334,7
view0__BMLmovi__Subject_42_F_MoSh__Subject_42_F_7,view0,/bigdata/users/quansj/datasets/Doppler/wilddoppler/legacy/datasets/AMASS_SMPLX_2022/BMLmovi/Subject_42_F_MoSh/Subject_42_F_7_stageii.npz,4.0,0.0,1.0,517,120.0,4.3,7
view0__BMLmovi__Subject_42_F_MoSh__Subject_42_F_8,view0,/bigdata/users/quansj/datasets/Doppler/wilddoppler/legacy/datasets/AMASS_SMPLX_2022/BMLmovi/Subject_42_F_MoSh/Subject_42_F_8_stageii.npz,4.0,0.0,1.0,553,120.0,4.6,8
view0__BMLmovi__Subject_42_F_MoSh__Subject_42_F_9,view0,/bigdata/users/quansj/datasets/Doppler/wilddoppler/legacy/datasets/AMASS_SMPLX_2022/BMLmovi/Subject_42_F_MoSh/Subject_42_F_9_stageii.npz,4.0,0.0,1.0,1209,120.0,10.066666666666666,19
view0__BMLmovi__Subject_43_F_MoSh__Subject_43_F_10,view0,/bigdata/users/quansj/datasets/Doppler/wilddoppler/legacy/datasets/AMASS_SMPLX_2022/BMLmovi/Subject_43_F_MoSh/Subject_43_F_10_stageii.npz,4.0,0.0,1.0,725,120.0,6.033333333333333,11
view0__BMLmovi__Subject_43_F_MoSh__Subject_43_F_11,view0,/bigdata/users/quansj/datasets/Doppler/wilddoppler/legacy/datasets/AMASS_SMPLX_2022/BMLmovi/Subject_43_F_MoSh/Subject_43_F_11_stageii.npz,4.0,0.0,1.0,1109,120.0,9.233333333333333,17
view0__BMLmovi__Subject_43_F_MoSh__Subject_43_F_12,view0,/bigdata/users/quansj/datasets/Doppler/wilddoppler/legacy/datasets/AMASS_SMPLX_2022/BMLmovi/Subject_43_F_MoSh/Subject_43_F_12_stageii.npz,4.0,0.0,1.0,713,120.0,5.933333333333334,10
view0__BMLmovi__Subject_43_F_MoSh__Subject_43_F_13,view0,/bigdata/users/quansj/datasets/Doppler/wilddoppler/legacy/datasets/AMASS_SMPLX_2022/BMLmovi/Subject_43_F_MoSh/Subject_43_F_13_stageii.npz,4.0,0.0,1.0,1073,120.0,8.933333333333334,16
view0__BMLmovi__Subject_43_F_MoSh__Subject_43_F_14,view0,/bigdata/users/quansj/datasets/Doppler/wilddoppler/legacy/datasets/AMASS_SMPLX_2022/BMLmovi/Subject_43_F_MoSh/Subject_43_F_14_stageii.npz,4.0,0.0,1.0,365,120.0,3.033333333333333,5
view0__BMLmovi__Subject_43_F_MoSh__Subject_43_F_15,view0,/bigdata/users/quansj/datasets/Doppler/wilddoppler/legacy/datasets/AMASS_SMPLX_2022/BMLmovi/Subject_43_F_MoSh/Subject_43_F_15_stageii.npz,4.0,0.0,1.0,1637,120.0,13.633333333333333,26
view0__BMLmovi__Subject_43_F_MoSh__Subject_43_F_16,view0,/bigdata/users/quansj/datasets/Doppler/wilddoppler/legacy/datasets/AMASS_SMPLX_2022/BMLmovi/Subject_43_F_MoSh/Subject_43_F_16_stageii.npz,4.0,0.0,1.0,565,120.0,4.7,8
view0__BMLmovi__Subject_43_F_MoSh__Subject_43_F_17,view0,/bigdata/users/quansj/datasets/Doppler/wilddoppler/legacy/datasets/AMASS_SMPLX_2022/BMLmovi/Subject_43_F_MoSh/Subject_43_F_17_stageii.npz,4.0,0.0,1.0,501,120.0,4.166666666666667,7
view0__BMLmovi__Subject_43_F_MoSh__Subject_43_F_18,view0,/bigdata/users/quansj/datasets/Doppler/wilddoppler/legacy/datasets/AMASS_SMPLX_2022/BMLmovi/Subject_43_F_MoSh/Subject_43_F_18_stageii.npz,4.0,0.0,1.0,529,120.0,4.4,7
view0__BMLmovi__Subject_43_F_MoSh__Subject_43_F_19,view0,/bigdata/users/quansj/datasets/Doppler/wilddoppler/legacy/datasets/AMASS_SMPLX_2022/BMLmovi/Subject_43_F_MoSh/Subject_43_F_19_stageii.npz,4.0,0.0,1.0,633,120.0,5.266666666666667,9
view0__BMLmovi__Subject_43_F_MoSh__Subject_43_F_1,view0,/bigdata/users/quansj/datasets/Doppler/wilddoppler/legacy/datasets/AMASS_SMPLX_2022/BMLmovi/Subject_43_F_MoSh/Subject_43_F_1_stageii.npz,4.0,0.0,1.0,493,120.0,4.1,7
view0__BMLmovi__Subject_43_F_MoSh__Subject_43_F_20,view0,/bigdata/users/quansj/datasets/Doppler/wilddoppler/legacy/datasets/AMASS_SMPLX_2022/BMLmovi/Subject_43_F_MoSh/Subject_43_F_20_stageii.npz,4.0,0.0,1.0,493,120.0,4.1,7
view0__BMLmovi__Subject_43_F_MoSh__Subject_43_F_21,view0,/bigdata/users/quansj/datasets/Doppler/wilddoppler/legacy/datasets/AMASS_SMPLX_2022/BMLmovi/Subject_43_F_MoSh/Subject_43_F_21_stageii.npz,4.0,0.0,1.0,1257,120.0,10.466666666666667,19
view0__BMLmovi__Subject_43_F_MoSh__Subject_43_F_2,view0,/bigdata/users/quansj/datasets/Doppler/wilddoppler/legacy/datasets/AMASS_SMPLX_2022/BMLmovi/Subject_43_F_MoSh/Subject_43_F_2_stageii.npz,4.0,0.0,1.0,333,120.0,2.7666666666666666,4
view0__BMLmovi__Subject_43_F_MoSh__Subject_43_F_3,view0,/bigdata/users/quansj/datasets/Doppler/wilddoppler/legacy/datasets/AMASS_SMPLX_2022/BMLmovi/Subject_43_F_MoSh/Subject_43_F_3_stageii.npz,4.0,0.0,1.0,1041,120.0,8.666666666666666,16
view0__BMLmovi__Subject_43_F_MoSh__Subject_43_F_4,view0,/bigdata/users/quansj/datasets/Doppler/wilddoppler/legacy/datasets/AMASS_SMPLX_2022/BMLmovi/Subject_43_F_MoSh/Subject_43_F_4_stageii.npz,4.0,0.0,1.0,521,120.0,4.333333333333333,7
view0__BMLmovi__Subject_43_F_MoSh__Subject_43_F_5,view0,/bigdata/users/quansj/datasets/Doppler/wilddoppler/legacy/datasets/AMASS_SMPLX_2022/BMLmovi/Subject_43_F_MoSh/Subject_43_F_5_stageii.npz,4.0,0.0,1.0,1145,120.0,9.533333333333333,18
view0__BMLmovi__Subject_43_F_MoSh__Subject_43_F_6,view0,/bigdata/users/quansj/datasets/Doppler/wilddoppler/legacy/datasets/AMASS_SMPLX_2022/BMLmovi/Subject_43_F_MoSh/Subject_43_F_6_stageii.npz,4.0,0.0,1.0,1265,120.0,10.533333333333333,20
view0__BMLmovi__Subject_43_F_MoSh__Subject_43_F_7,view0,/bigdata/users/quansj/datasets/Doppler/wilddoppler/legacy/datasets/AMASS_SMPLX_2022/BMLmovi/Subject_43_F_MoSh/Subject_43_F_7_stageii.npz,4.0,0.0,1.0,541,120.0,4.5,8
view0__BMLmovi__Subject_43_F_MoSh__Subject_43_F_8,view0,/bigdata/users/quansj/datasets/Doppler/wilddoppler/legacy/datasets/AMASS_SMPLX_2022/BMLmovi/Subject_43_F_MoSh/Subject_43_F_8_stageii.npz,4.0,0.0,1.0,777,120.0,6.466666666666667,11
view0__BMLmovi__Subject_43_F_MoSh__Subject_43_F_9,view0,/bigdata/users/quansj/datasets/Doppler/wilddoppler/legacy/datasets/AMASS_SMPLX_2022/BMLmovi/Subject_43_F_MoSh/Subject_43_F_9_stageii.npz,4.0,0.0,1.0,693,120.0,5.766666666666667,10
view0__BMLmovi__Subject_44_F_MoSh__Subject_44_F_10,view0,/bigdata/users/quansj/datasets/Doppler/wilddoppler/legacy/datasets/AMASS_SMPLX_2022/BMLmovi/Subject_44_F_MoSh/Subject_44_F_10_stageii.npz,4.0,0.0,1.0,321,120.0,2.6666666666666665,4
view0__BMLmovi__Subject_44_F_MoSh__Subject_44_F_11,view0,/bigdata/users/quansj/datasets/Doppler/wilddoppler/legacy/datasets/AMASS_SMPLX_2022/BMLmovi/Subject_44_F_MoSh/Subject_44_F_11_stageii.npz,4.0,0.0,1.0,1169,120.0,9.733333333333333,18
view0__BMLmovi__Subject_44_F_MoSh__Subject_44_F_12,view0,/bigdata/users/quansj/datasets/Doppler/wilddoppler/legacy/datasets/AMASS_SMPLX_2022/BMLmovi/Subject_44_F_MoSh/Subject_44_F_12_stageii.npz,4.0,0.0,1.0,497,120.0,4.133333333333334,7
view0__BMLmovi__Subject_44_F_MoSh__Subject_44_F_13,view0,/bigdata/users/quansj/datasets/Doppler/wilddoppler/legacy/datasets/AMASS_SMPLX_2022/BMLmovi/Subject_44_F_MoSh/Subject_44_F_13_stageii.npz,4.0,0.0,1.0,1273,120.0,10.6,20
view0__BMLmovi__Subject_44_F_MoSh__Subject_44_F_14,view0,/bigdata/users/quansj/datasets/Doppler/wilddoppler/legacy/datasets/AMASS_SMPLX_2022/BMLmovi/Subject_44_F_MoSh/Subject_44_F_14_stageii.npz,4.0,0.0,1.0,637,120.0,5.3,9
view0__BMLmovi__Subject_44_F_MoSh__Subject_44_F_15,view0,/bigdata/users/quansj/datasets/Doppler/wilddoppler/legacy/datasets/AMASS_SMPLX_2022/BMLmovi/Subject_44_F_MoSh/Subject_44_F_15_stageii.npz,4.0,0.0,1.0,541,120.0,4.5,8
view0__BMLmovi__Subject_44_F_MoSh__Subject_44_F_16,view0,/bigdata/users/quansj/datasets/Doppler/wilddoppler/legacy/datasets/AMASS_SMPLX_2022/BMLmovi/Subject_44_F_MoSh/Subject_44_F_16_stageii.npz,4.0,0.0,1.0,477,120.0,3.966666666666667,6
view0__BMLmovi__Subject_44_F_MoSh__Subject_44_F_17,view0,/bigdata/users/quansj/datasets/Doppler/wilddoppler/legacy/datasets/AMASS_SMPLX_2022/BMLmovi/Subject_44_F_MoSh/Subject_44_F_17_stageii.npz,4.0,0.0,1.0,825,120.0,6.866666666666666,12
view0__BMLmovi__Subject_44_F_MoSh__Subject_44_F_18,view0,/bigdata/users/quansj/datasets/Doppler/wilddoppler/legacy/datasets/AMASS_SMPLX_2022/BMLmovi/Subject_44_F_MoSh/Subject_44_F_18_stageii.npz,4.0,0.0,1.0,1101,120.0,9.166666666666666,17
view0__BMLmovi__Subject_44_F_MoSh__Subject_44_F_19,view0,/bigdata/users/quansj/datasets/Doppler/wilddoppler/legacy/datasets/AMASS_SMPLX_2022/BMLmovi/Subject_44_F_MoSh/Subject_44_F_19_stageii.npz,4.0,0.0,1.0,409,120.0,3.4,5
view0__BMLmovi__Subject_44_F_MoSh__Subject_44_F_1,view0,/bigdata/users/quansj/datasets/Doppler/wilddoppler/legacy/datasets/AMASS_SMPLX_2022/BMLmovi/Subject_44_F_MoSh/Subject_44_F_1_stageii.npz,4.0,0.0,1.0,373,120.0,3.1,5
view0__BMLmovi__Subject_44_F_MoSh__Subject_44_F_20,view0,/bigdata/users/quansj/datasets/Doppler/wilddoppler/legacy/datasets/AMASS_SMPLX_2022/BMLmovi/Subject_44_F_MoSh/Subject_44_F_20_stageii.npz,4.0,0.0,1.0,1929,120.0,16.066666666666666,31
view0__BMLmovi__Subject_44_F_MoSh__Subject_44_F_21,view0,/bigdata/users/quansj/datasets/Doppler/wilddoppler/legacy/datasets/AMASS_SMPLX_2022/BMLmovi/Subject_44_F_MoSh/Subject_44_F_21_stageii.npz,4.0,0.0,1.0,457,120.0,3.8,6
view0__BMLmovi__Subject_44_F_MoSh__Subject_44_F_2,view0,/bigdata/users/quansj/datasets/Doppler/wilddoppler/legacy/datasets/AMASS_SMPLX_2022/BMLmovi/Subject_44_F_MoSh/Subject_44_F_2_stageii.npz,4.0,0.0,1.0,433,120.0,3.6,6
view0__BMLmovi__Subject_44_F_MoSh__Subject_44_F_3,view0,/bigdata/users/quansj/datasets/Doppler/wilddoppler/legacy/datasets/AMASS_SMPLX_2022/BMLmovi/Subject_44_F_MoSh/Subject_44_F_3_stageii.npz,4.0,0.0,1.0,1457,120.0,12.133333333333333,23
view0__BMLmovi__Subject_44_F_MoSh__Subject_44_F_4,view0,/bigdata/users/quansj/datasets/Doppler/wilddoppler/legacy/datasets/AMASS_SMPLX_2022/BMLmovi/Subject_44_F_MoSh/Subject_44_F_4_stageii.npz,4.0,0.0,1.0,389,120.0,3.2333333333333334,5
view0__BMLmovi__Subject_44_F_MoSh__Subject_44_F_5,view0,/bigdata/users/quansj/datasets/Doppler/wilddoppler/legacy/datasets/AMASS_SMPLX_2022/BMLmovi/Subject_44_F_MoSh/Subject_44_F_5_stageii.npz,4.0,0.0,1.0,393,120.0,3.2666666666666666,5
view0__BMLmovi__Subject_44_F_MoSh__Subject_44_F_6,view0,/bigdata/users/quansj/datasets/Doppler/wilddoppler/legacy/datasets/AMASS_SMPLX_2022/BMLmovi/Subject_44_F_MoSh/Subject_44_F_6_stageii.npz,4.0,0.0,1.0,1265,120.0,10.533333333333333,20
view0__BMLmovi__Subject_44_F_MoSh__Subject_44_F_7,view0,/bigdata/users/quansj/datasets/Doppler/wilddoppler/legacy/datasets/AMASS_SMPLX_2022/BMLmovi/Subject_44_F_MoSh/Subject_44_F_7_stageii.npz,4.0,0.0,1.0,437,120.0,3.6333333333333333,6
view0__BMLmovi__Subject_44_F_MoSh__Subject_44_F_8,view0,/bigdata/users/quansj/datasets/Doppler/wilddoppler/legacy/datasets/AMASS_SMPLX_2022/BMLmovi/Subject_44_F_MoSh/Subject_44_F_8_stageii.npz,4.0,0.0,1.0,785,120.0,6.533333333333333,12
view0__BMLmovi__Subject_44_F_MoSh__Subject_44_F_9,view0,/bigdata/users/quansj/datasets/Doppler/wilddoppler/legacy/datasets/AMASS_SMPLX_2022/BMLmovi/Subject_44_F_MoSh/Subject_44_F_9_stageii.npz,4.0,0.0,1.0,541,120.0,4.5,8
view0__BMLmovi__Subject_45_F_MoSh__Subject_45_F_10,view0,/bigdata/users/quansj/datasets/Doppler/wilddoppler/legacy/datasets/AMASS_SMPLX_2022/BMLmovi/Subject_45_F_MoSh/Subject_45_F_10_stageii.npz,4.0,0.0,1.0,957,120.0,7.966666666666667,14
view0__BMLmovi__Subject_45_F_MoSh__Subject_45_F_11,view0,/bigdata/users/quansj/datasets/Doppler/wilddoppler/legacy/datasets/AMASS_SMPLX_2022/BMLmovi/Subject_45_F_MoSh/Subject_45_F_11_stageii.npz,4.0,0.0,1.0,397,120.0,3.3,5
view0__BMLmovi__Subject_45_F_MoSh__Subject_45_F_12,view0,/bigdata/users/quansj/datasets/Doppler/wilddoppler/legacy/datasets/AMASS_SMPLX_2022/BMLmovi/Subject_45_F_MoSh/Subject_45_F_12_stageii.npz,4.0,0.0,1.0,793,120.0,6.6,12
view0__BMLmovi__Subject_45_F_MoSh__Subject_45_F_13,view0,/bigdata/users/quansj/datasets/Doppler/wilddoppler/legacy/datasets/AMASS_SMPLX_2022/BMLmovi/Subject_45_F_MoSh/Subject_45_F_13_stageii.npz,4.0,0.0,1.0,365,120.0,3.033333333333333,5
view0__BMLmovi__Subject_45_F_MoSh__Subject_45_F_14,view0,/bigdata/users/quansj/datasets/Doppler/wilddoppler/legacy/datasets/AMASS_SMPLX_2022/BMLmovi/Subject_45_F_MoSh/Subject_45_F_14_stageii.npz,4.0,0.0,1.0,913,120.0,7.6,14
view0__BMLmovi__Subject_45_F_MoSh__Subject_45_F_15,view0,/bigdata/users/quansj/datasets/Doppler/wilddoppler/legacy/datasets/AMASS_SMPLX_2022/BMLmovi/Subject_45_F_MoSh/Subject_45_F_15_stageii.npz,4.0,0.0,1.0,1077,120.0,8.966666666666667,16
view0__BMLmovi__Subject_45_F_MoSh__Subject_45_F_16,view0,/bigdata/users/quansj/datasets/Doppler/wilddoppler/legacy/datasets/AMASS_SMPLX_2022/BMLmovi/Subject_45_F_MoSh/Subject_45_F_16_stageii.npz,4.0,0.0,1.0,481,120.0,4.0,7
view0__BMLmovi__Subject_45_F_MoSh__Subject_45_F_17,view0,/bigdata/users/quansj/datasets/Doppler/wilddoppler/legacy/datasets/AMASS_SMPLX_2022/BMLmovi/Subject_45_F_MoSh/Subject_45_F_17_stageii.npz,4.0,0.0,1.0,409,120.0,3.4,5
view0__BMLmovi__Subject_45_F_MoSh__Subject_45_F_18,view0,/bigdata/users/quansj/datasets/Doppler/wilddoppler/legacy/datasets/AMASS_SMPLX_2022/BMLmovi/Subject_45_F_MoSh/Subject_45_F_18_stageii.npz,4.0,0.0,1.0,289,120.0,2.4,3
view0__BMLmovi__Subject_45_F_MoSh__Subject_45_F_19,view0,/bigdata/users/quansj/datasets/Doppler/wilddoppler/legacy/datasets/AMASS_SMPLX_2022/BMLmovi/Subject_45_F_MoSh/Subject_45_F_19_stageii.npz,4.0,0.0,1.0,445,120.0,3.7,6
view0__BMLmovi__Subject_45_F_MoSh__Subject_45_F_1,view0,/bigdata/users/quansj/datasets/Doppler/wilddoppler/legacy/datasets/AMASS_SMPLX_2022/BMLmovi/Subject_45_F_MoSh/Subject_45_F_1_stageii.npz,4.0,0.0,1.0,353,120.0,2.933333333333333,4
view0__BMLmovi__Subject_45_F_MoSh__Subject_45_F_20,view0,/bigdata/users/quansj/datasets/Doppler/wilddoppler/legacy/datasets/AMASS_SMPLX_2022/BMLmovi/Subject_45_F_MoSh/Subject_45_F_20_stageii.npz,4.0,0.0,1.0,1289,120.0,10.733333333333333,20
view0__BMLmovi__Subject_45_F_MoSh__Subject_45_F_21,view0,/bigdata/users/quansj/datasets/Doppler/wilddoppler/legacy/datasets/AMASS_SMPLX_2022/BMLmovi/Subject_45_F_MoSh/Subject_45_F_21_stageii.npz,4.0,0.0,1.0,413,120.0,3.433333333333333,5
view0__BMLmovi__Subject_45_F_MoSh__Subject_45_F_2,view0,/bigdata/users/quansj/datasets/Doppler/wilddoppler/legacy/datasets/AMASS_SMPLX_2022/BMLmovi/Subject_45_F_MoSh/Subject_45_F_2_stageii.npz,4.0,0.0,1.0,297,120.0,2.466666666666667,3
view0__BMLmovi__Subject_45_F_MoSh__Subject_45_F_3,view0,/bigdata/users/quansj/datasets/Doppler/wilddoppler/legacy/datasets/AMASS_SMPLX_2022/BMLmovi/Subject_45_F_MoSh/Subject_45_F_3_stageii.npz,4.0,0.0,1.0,1141,120.0,9.5,18
view0__BMLmovi__Subject_45_F_MoSh__Subject_45_F_4,view0,/bigdata/users/quansj/datasets/Doppler/wilddoppler/legacy/datasets/AMASS_SMPLX_2022/BMLmovi/Subject_45_F_MoSh/Subject_45_F_4_stageii.npz,4.0,0.0,1.0,453,120.0,3.7666666666666666,6
view0__BMLmovi__Subject_45_F_MoSh__Subject_45_F_5,view0,/bigdata/users/quansj/datasets/Doppler/wilddoppler/legacy/datasets/AMASS_SMPLX_2022/BMLmovi/Subject_45_F_MoSh/Subject_45_F_5_stageii.npz,4.0,0.0,1.0,401,120.0,3.3333333333333335,5
view0__BMLmovi__Subject_45_F_MoSh__Subject_45_F_6,view0,/bigdata/users/quansj/datasets/Doppler/wilddoppler/legacy/datasets/AMASS_SMPLX_2022/BMLmovi/Subject_45_F_MoSh/Subject_45_F_6_stageii.npz,4.0,0.0,1.0,457,120.0,3.8,6
view0__BMLmovi__Subject_45_F_MoSh__Subject_45_F_7,view0,/bigdata/users/quansj/datasets/Doppler/wilddoppler/legacy/datasets/AMASS_SMPLX_2022/BMLmovi/Subject_45_F_MoSh/Subject_45_F_7_stageii.npz,4.0,0.0,1.0,689,120.0,5.733333333333333,10
view0__BMLmovi__Subject_45_F_MoSh__Subject_45_F_8,view0,/bigdata/users/quansj/datasets/Doppler/wilddoppler/legacy/datasets/AMASS_SMPLX_2022/BMLmovi/Subject_45_F_MoSh/Subject_45_F_8_stageii.npz,4.0,0.0,1.0,457,120.0,3.8,6
view0__BMLmovi__Subject_45_F_MoSh__Subject_45_F_9,view0,/bigdata/users/quansj/datasets/Doppler/wilddoppler/legacy/datasets/AMASS_SMPLX_2022/BMLmovi/Subject_45_F_MoSh/Subject_45_F_9_stageii.npz,4.0,0.0,1.0,481,120.0,4.0,7
view0__BMLmovi__Subject_46_F_MoSh__Subject_46_F_10,view0,/bigdata/users/quansj/datasets/Doppler/wilddoppler/legacy/datasets/AMASS_SMPLX_2022/BMLmovi/Subject_46_F_MoSh/Subject_46_F_10_stageii.npz,4.0,0.0,1.0,949,120.0,7.9,14
view0__BMLmovi__Subject_46_F_MoSh__Subject_46_F_11,view0,/bigdata/users/quansj/datasets/Doppler/wilddoppler/legacy/datasets/AMASS_SMPLX_2022/BMLmovi/Subject_46_F_MoSh/Subject_46_F_11_stageii.npz,4.0,0.0,1.0,693,120.0,5.766666666666667,10
view0__BMLmovi__Subject_46_F_MoSh__Subject_46_F_12,view0,/bigdata/users/quansj/datasets/Doppler/wilddoppler/legacy/datasets/AMASS_SMPLX_2022/BMLmovi/Subject_46_F_MoSh/Subject_46_F_12_stageii.npz,4.0,0.0,1.0,1125,120.0,9.366666666666667,17
view0__BMLmovi__Subject_46_F_MoSh__Subject_46_F_13,view0,/bigdata/users/quansj/datasets/Doppler/wilddoppler/legacy/datasets/AMASS_SMPLX_2022/BMLmovi/Subject_46_F_MoSh/Subject_46_F_13_stageii.npz,4.0,0.0,1.0,445,120.0,3.7,6
view0__BMLmovi__Subject_46_F_MoSh__Subject_46_F_14,view0,/bigdata/users/quansj/datasets/Doppler/wilddoppler/legacy/datasets/AMASS_SMPLX_2022/BMLmovi/Subject_46_F_MoSh/Subject_46_F_14_stageii.npz,4.0,0.0,1.0,965,120.0,8.033333333333333,15
view0__BMLmovi__Subject_46_F_MoSh__Subject_46_F_15,view0,/bigdata/users/quansj/datasets/Doppler/wilddoppler/legacy/datasets/AMASS_SMPLX_2022/BMLmovi/Subject_46_F_MoSh/Subject_46_F_15_stageii.npz,4.0,0.0,1.0,1137,120.0,9.466666666666667,17
view0__BMLmovi__Subject_46_F_MoSh__Subject_46_F_16,view0,/bigdata/users/quansj/datasets/Doppler/wilddoppler/legacy/datasets/AMASS_SMPLX_2022/BMLmovi/Subject_46_F_MoSh/Subject_46_F_16_stageii.npz,4.0,0.0,1.0,461,120.0,3.8333333333333335,6
view0__BMLmovi__Subject_46_F_MoSh__Subject_46_F_17,view0,/bigdata/users/quansj/datasets/Doppler/wilddoppler/legacy/datasets/AMASS_SMPLX_2022/BMLmovi/Subject_46_F_MoSh/Subject_46_F_17_stageii.npz,4.0,0.0,1.0,693,120.0,5.766666666666667,10
view0__BMLmovi__Subject_46_F_MoSh__Subject_46_F_18,view0,/bigdata/users/quansj/datasets/Doppler/wilddoppler/legacy/datasets/AMASS_SMPLX_2022/BMLmovi/Subject_46_F_MoSh/Subject_46_F_18_stageii.npz,4.0,0.0,1.0,405,120.0,3.3666666666666667,5
view0__BMLmovi__Subject_46_F_MoSh__Subject_46_F_19,view0,/bigdata/users/quansj/datasets/Doppler/wilddoppler/legacy/datasets/AMASS_SMPLX_2022/BMLmovi/Subject_46_F_MoSh/Subject_46_F_19_stageii.npz,4.0,0.0,1.0,977,120.0,8.133333333333333,15
view0__BMLmovi__Subject_46_F_MoSh__Subject_46_F_1,view0,/bigdata/users/quansj/datasets/Doppler/wilddoppler/legacy/datasets/AMASS_SMPLX_2022/BMLmovi/Subject_46_F_MoSh/Subject_46_F_1_stageii.npz,4.0,0.0,1.0,325,120.0,2.7,4
view0__BMLmovi__Subject_46_F_MoSh__Subject_46_F_20,view0,/bigdata/users/quansj/datasets/Doppler/wilddoppler/legacy/datasets/AMASS_SMPLX_2022/BMLmovi/Subject_46_F_MoSh/Subject_46_F_20_stageii.npz,4.0,0.0,1.0,641,120.0,5.333333333333333,9
view0__BMLmovi__Subject_46_F_MoSh__Subject_46_F_21,view0,/bigdata/users/quansj/datasets/Doppler/wilddoppler/legacy/datasets/AMASS_SMPLX_2022/BMLmovi/Subject_46_F_MoSh/Subject_46_F_21_stageii.npz,4.0,0.0,1.0,1137,120.0,9.466666666666667,17
view0__BMLmovi__Subject_46_F_MoSh__Subject_46_F_2,view0,/bigdata/users/quansj/datasets/Doppler/wilddoppler/legacy/datasets/AMASS_SMPLX_2022/BMLmovi/Subject_46_F_MoSh/Subject_46_F_2_stageii.npz,4.0,0.0,1.0,573,120.0,4.766666666666667,8
view0__BMLmovi__Subject_46_F_MoSh__Subject_46_F_3,view0,/bigdata/users/quansj/datasets/Doppler/wilddoppler/legacy/datasets/AMASS_SMPLX_2022/BMLmovi/Subject_46_F_MoSh/Subject_46_F_3_stageii.npz,4.0,0.0,1.0,445,120.0,3.7,6
view0__BMLmovi__Subject_46_F_MoSh__Subject_46_F_4,view0,/bigdata/users/quansj/datasets/Doppler/wilddoppler/legacy/datasets/AMASS_SMPLX_2022/BMLmovi/Subject_46_F_MoSh/Subject_46_F_4_stageii.npz,4.0,0.0,1.0,481,120.0,4.0,7
view0__BMLmovi__Subject_46_F_MoSh__Subject_46_F_5,view0,/bigdata/users/quansj/datasets/Doppler/wilddoppler/legacy/datasets/AMASS_SMPLX_2022/BMLmovi/Subject_46_F_MoSh/Subject_46_F_5_stageii.npz,4.0,0.0,1.0,521,120.0,4.333333333333333,7
view0__BMLmovi__Subject_46_F_MoSh__Subject_46_F_6,view0,/bigdata/users/quansj/datasets/Doppler/wilddoppler/legacy/datasets/AMASS_SMPLX_2022/BMLmovi/Subject_46_F_MoSh/Subject_46_F_6_stageii.npz,4.0,0.0,1.0,493,120.0,4.1,7
view0__BMLmovi__Subject_46_F_MoSh__Subject_46_F_7,view0,/bigdata/users/quansj/datasets/Doppler/wilddoppler/legacy/datasets/AMASS_SMPLX_2022/BMLmovi/Subject_46_F_MoSh/Subject_46_F_7_stageii.npz,4.0,0.0,1.0,517,120.0,4.3,7
view0__BMLmovi__Subject_46_F_MoSh__Subject_46_F_8,view0,/bigdata/users/quansj/datasets/Doppler/wilddoppler/legacy/datasets/AMASS_SMPLX_2022/BMLmovi/Subject_46_F_MoSh/Subject_46_F_8_stageii.npz,4.0,0.0,1.0,549,120.0,4.566666666666666,8
view0__BMLmovi__Subject_46_F_MoSh__Subject_46_F_9,view0,/bigdata/users/quansj/datasets/Doppler/wilddoppler/legacy/datasets/AMASS_SMPLX_2022/BMLmovi/Subject_46_F_MoSh/Subject_46_F_9_stageii.npz,4.0,0.0,1.0,569,120.0,4.733333333333333,8
view0__BMLmovi__Subject_47_F_MoSh__Subject_47_F_10,view0,/bigdata/users/quansj/datasets/Doppler/wilddoppler/legacy/datasets/AMASS_SMPLX_2022/BMLmovi/Subject_47_F_MoSh/Subject_47_F_10_stageii.npz,4.0,0.0,1.0,953,120.0,7.933333333333334,14
view0__BMLmovi__Subject_47_F_MoSh__Subject_47_F_11,view0,/bigdata/users/quansj/datasets/Doppler/wilddoppler/legacy/datasets/AMASS_SMPLX_2022/BMLmovi/Subject_47_F_MoSh/Subject_47_F_11_stageii.npz,4.0,0.0,1.0,345,120.0,2.8666666666666667,4
view0__BMLmovi__Subject_47_F_MoSh__Subject_47_F_12,view0,/bigdata/users/quansj/datasets/Doppler/wilddoppler/legacy/datasets/AMASS_SMPLX_2022/BMLmovi/Subject_47_F_MoSh/Subject_47_F_12_stageii.npz,4.0,0.0,1.0,469,120.0,3.9,6
view0__BMLmovi__Subject_47_F_MoSh__Subject_47_F_13,view0,/bigdata/users/quansj/datasets/Doppler/wilddoppler/legacy/datasets/AMASS_SMPLX_2022/BMLmovi/Subject_47_F_MoSh/Subject_47_F_13_stageii.npz,4.0,0.0,1.0,497,120.0,4.133333333333334,7
view0__BMLmovi__Subject_47_F_MoSh__Subject_47_F_14,view0,/bigdata/users/quansj/datasets/Doppler/wilddoppler/legacy/datasets/AMASS_SMPLX_2022/BMLmovi/Subject_47_F_MoSh/Subject_47_F_14_stageii.npz,4.0,0.0,1.0,993,120.0,8.266666666666667,15
view0__BMLmovi__Subject_47_F_MoSh__Subject_47_F_15,view0,/bigdata/users/quansj/datasets/Doppler/wilddoppler/legacy/datasets/AMASS_SMPLX_2022/BMLmovi/Subject_47_F_MoSh/Subject_47_F_15_stageii.npz,4.0,0.0,1.0,537,120.0,4.466666666666667,7
view0__BMLmovi__Subject_47_F_MoSh__Subject_47_F_16,view0,/bigdata/users/quansj/datasets/Doppler/wilddoppler/legacy/datasets/AMASS_SMPLX_2022/BMLmovi/Subject_47_F_MoSh/Subject_47_F_16_stageii.npz,4.0,0.0,1.0,549,120.0,4.566666666666666,8
view0__BMLmovi__Subject_47_F_MoSh__Subject_47_F_17,view0,/bigdata/users/quansj/datasets/Doppler/wilddoppler/legacy/datasets/AMASS_SMPLX_2022/BMLmovi/Subject_47_F_MoSh/Subject_47_F_17_stageii.npz,4.0,0.0,1.0,1017,120.0,8.466666666666667,15
view0__BMLmovi__Subject_47_F_MoSh__Subject_47_F_18,view0,/bigdata/users/quansj/datasets/Doppler/wilddoppler/legacy/datasets/AMASS_SMPLX_2022/BMLmovi/Subject_47_F_MoSh/Subject_47_F_18_stageii.npz,4.0,0.0,1.0,573,120.0,4.766666666666667,8
view0__BMLmovi__Subject_47_F_MoSh__Subject_47_F_19,view0,/bigdata/users/quansj/datasets/Doppler/wilddoppler/legacy/datasets/AMASS_SMPLX_2022/BMLmovi/Subject_47_F_MoSh/Subject_47_F_19_stageii.npz,4.0,0.0,1.0,569,120.0,4.733333333333333,8
view0__BMLmovi__Subject_47_F_MoSh__Subject_47_F_1,view0,/bigdata/users/quansj/datasets/Doppler/wilddoppler/legacy/datasets/AMASS_SMPLX_2022/BMLmovi/Subject_47_F_MoSh/Subject_47_F_1_stageii.npz,4.0,0.0,1.0,921,120.0,7.666666666666667,14
view0__BMLmovi__Subject_47_F_MoSh__Subject_47_F_20,view0,/bigdata/users/quansj/datasets/Doppler/wilddoppler/legacy/datasets/AMASS_SMPLX_2022/BMLmovi/Subject_47_F_MoSh/Subject_47_F_20_stageii.npz,4.0,0.0,1.0,1089,120.0,9.066666666666666,17
view0__BMLmovi__Subject_47_F_MoSh__Subject_47_F_21,view0,/bigdata/users/quansj/datasets/Doppler/wilddoppler/legacy/datasets/AMASS_SMPLX_2022/BMLmovi/Subject_47_F_MoSh/Subject_47_F_21_stageii.npz,4.0,0.0,1.0,1461,120.0,12.166666666666666,23
view0__BMLmovi__Subject_47_F_MoSh__Subject_47_F_2,view0,/bigdata/users/quansj/datasets/Doppler/wilddoppler/legacy/datasets/AMASS_SMPLX_2022/BMLmovi/Subject_47_F_MoSh/Subject_47_F_2_stageii.npz,4.0,0.0,1.0,609,120.0,5.066666666666666,9
view0__BMLmovi__Subject_47_F_MoSh__Subject_47_F_3,view0,/bigdata/users/quansj/datasets/Doppler/wilddoppler/legacy/datasets/AMASS_SMPLX_2022/BMLmovi/Subject_47_F_MoSh/Subject_47_F_3_stageii.npz,4.0,0.0,1.0,1105,120.0,9.2,17
view0__BMLmovi__Subject_47_F_MoSh__Subject_47_F_4,view0,/bigdata/users/quansj/datasets/Doppler/wilddoppler/legacy/datasets/AMASS_SMPLX_2022/BMLmovi/Subject_47_F_MoSh/Subject_47_F_4_stageii.npz,4.0,0.0,1.0,817,120.0,6.8,12
view0__BMLmovi__Subject_47_F_MoSh__Subject_47_F_5,view0,/bigdata/users/quansj/datasets/Doppler/wilddoppler/legacy/datasets/AMASS_SMPLX_2022/BMLmovi/Subject_47_F_MoSh/Subject_47_F_5_stageii.npz,4.0,0.0,1.0,705,120.0,5.866666666666666,10
view0__BMLmovi__Subject_47_F_MoSh__Subject_47_F_6,view0,/bigdata/users/quansj/datasets/Doppler/wilddoppler/legacy/datasets/AMASS_SMPLX_2022/BMLmovi/Subject_47_F_MoSh/Subject_47_F_6_stageii.npz,4.0,0.0,1.0,837,120.0,6.966666666666667,12
view0__BMLmovi__Subject_47_F_MoSh__Subject_47_F_7,view0,/bigdata/users/quansj/datasets/Doppler/wilddoppler/legacy/datasets/AMASS_SMPLX_2022/BMLmovi/Subject_47_F_MoSh/Subject_47_F_7_stageii.npz,4.0,0.0,1.0,589,120.0,4.9,8
view0__BMLmovi__Subject_47_F_MoSh__Subject_47_F_8,view0,/bigdata/users/quansj/datasets/Doppler/wilddoppler/legacy/datasets/AMASS_SMPLX_2022/BMLmovi/Subject_47_F_MoSh/Subject_47_F_8_stageii.npz,4.0,0.0,1.0,1117,120.0,9.3,17
view0__BMLmovi__Subject_47_F_MoSh__Subject_47_F_9,view0,/bigdata/users/quansj/datasets/Doppler/wilddoppler/legacy/datasets/AMASS_SMPLX_2022/BMLmovi/Subject_47_F_MoSh/Subject_47_F_9_stageii.npz,4.0,0.0,1.0,1017,120.0,8.466666666666667,15
view0__BMLmovi__Subject_48_F_MoSh__Subject_48_F_10,view0,/bigdata/users/quansj/datasets/Doppler/wilddoppler/legacy/datasets/AMASS_SMPLX_2022/BMLmovi/Subject_48_F_MoSh/Subject_48_F_10_stageii.npz,4.0,0.0,1.0,773,120.0,6.433333333333334,11
view0__BMLmovi__Subject_48_F_MoSh__Subject_48_F_11,view0,/bigdata/users/quansj/datasets/Doppler/wilddoppler/legacy/datasets/AMASS_SMPLX_2022/BMLmovi/Subject_48_F_MoSh/Subject_48_F_11_stageii.npz,4.0,0.0,1.0,557,120.0,4.633333333333334,8
view0__BMLmovi__Subject_48_F_MoSh__Subject_48_F_12,view0,/bigdata/users/quansj/datasets/Doppler/wilddoppler/legacy/datasets/AMASS_SMPLX_2022/BMLmovi/Subject_48_F_MoSh/Subject_48_F_12_stageii.npz,4.0,0.0,1.0,801,120.0,6.666666666666667,12
view0__BMLmovi__Subject_48_F_MoSh__Subject_48_F_13,view0,/bigdata/users/quansj/datasets/Doppler/wilddoppler/legacy/datasets/AMASS_SMPLX_2022/BMLmovi/Subject_48_F_MoSh/Subject_48_F_13_stageii.npz,4.0,0.0,1.0,725,120.0,6.033333333333333,11
view0__BMLmovi__Subject_48_F_MoSh__Subject_48_F_14,view0,/bigdata/users/quansj/datasets/Doppler/wilddoppler/legacy/datasets/AMASS_SMPLX_2022/BMLmovi/Subject_48_F_MoSh/Subject_48_F_14_stageii.npz,4.0,0.0,1.0,589,120.0,4.9,8
view0__BMLmovi__Subject_48_F_MoSh__Subject_48_F_15,view0,/bigdata/users/quansj/datasets/Doppler/wilddoppler/legacy/datasets/AMASS_SMPLX_2022/BMLmovi/Subject_48_F_MoSh/Subject_48_F_15_stageii.npz,4.0,0.0,1.0,1277,120.0,10.633333333333333,20
view0__BMLmovi__Subject_48_F_MoSh__Subject_48_F_16,view0,/bigdata/users/quansj/datasets/Doppler/wilddoppler/legacy/datasets/AMASS_SMPLX_2022/BMLmovi/Subject_48_F_MoSh/Subject_48_F_16_stageii.npz,4.0,0.0,1.0,1253,120.0,10.433333333333334,19
view0__BMLmovi__Subject_48_F_MoSh__Subject_48_F_17,view0,/bigdata/users/quansj/datasets/Doppler/wilddoppler/legacy/datasets/AMASS_SMPLX_2022/BMLmovi/Subject_48_F_MoSh/Subject_48_F_17_stageii.npz,4.0,0.0,1.0,533,120.0,4.433333333333334,7
view0__BMLmovi__Subject_48_F_MoSh__Subject_48_F_18,view0,/bigdata/users/quansj/datasets/Doppler/wilddoppler/legacy/datasets/AMASS_SMPLX_2022/BMLmovi/Subject_48_F_MoSh/Subject_48_F_18_stageii.npz,4.0,0.0,1.0,1237,120.0,10.3,19
view0__BMLmovi__Subject_48_F_MoSh__Subject_48_F_19,view0,/bigdata/users/quansj/datasets/Doppler/wilddoppler/legacy/datasets/AMASS_SMPLX_2022/BMLmovi/Subject_48_F_MoSh/Subject_48_F_19_stageii.npz,4.0,0.0,1.0,1097,120.0,9.133333333333333,17
view0__BMLmovi__Subject_48_F_MoSh__Subject_48_F_1,view0,/bigdata/users/quansj/datasets/Doppler/wilddoppler/legacy/datasets/AMASS_SMPLX_2022/BMLmovi/Subject_48_F_MoSh/Subject_48_F_1_stageii.npz,4.0,0.0,1.0,589,120.0,4.9,8
view0__BMLmovi__Subject_48_F_MoSh__Subject_48_F_20,view0,/bigdata/users/quansj/datasets/Doppler/wilddoppler/legacy/datasets/AMASS_SMPLX_2022/BMLmovi/Subject_48_F_MoSh/Subject_48_F_20_stageii.npz,4.0,0.0,1.0,1057,120.0,8.8,16
view0__BMLmovi__Subject_48_F_MoSh__Subject_48_F_21,view0,/bigdata/users/quansj/datasets/Doppler/wilddoppler/legacy/datasets/AMASS_SMPLX_2022/BMLmovi/Subject_48_F_MoSh/Subject_48_F_21_stageii.npz,4.0,0.0,1.0,1293,120.0,10.766666666666667,20
view0__BMLmovi__Subject_48_F_MoSh__Subject_48_F_2,view0,/bigdata/users/quansj/datasets/Doppler/wilddoppler/legacy/datasets/AMASS_SMPLX_2022/BMLmovi/Subject_48_F_MoSh/Subject_48_F_2_stageii.npz,4.0,0.0,1.0,481,120.0,4.0,7
view0__BMLmovi__Subject_48_F_MoSh__Subject_48_F_3,view0,/bigdata/users/quansj/datasets/Doppler/wilddoppler/legacy/datasets/AMASS_SMPLX_2022/BMLmovi/Subject_48_F_MoSh/Subject_48_F_3_stageii.npz,4.0,0.0,1.0,461,120.0,3.8333333333333335,6
view0__BMLmovi__Subject_48_F_MoSh__Subject_48_F_4,view0,/bigdata/users/quansj/datasets/Doppler/wilddoppler/legacy/datasets/AMASS_SMPLX_2022/BMLmovi/Subject_48_F_MoSh/Subject_48_F_4_stageii.npz,4.0,0.0,1.0,613,120.0,5.1,9
view0__BMLmovi__Subject_48_F_MoSh__Subject_48_F_5,view0,/bigdata/users/quansj/datasets/Doppler/wilddoppler/legacy/datasets/AMASS_SMPLX_2022/BMLmovi/Subject_48_F_MoSh/Subject_48_F_5_stageii.npz,4.0,0.0,1.0,573,120.0,4.766666666666667,8
view0__BMLmovi__Subject_48_F_MoSh__Subject_48_F_6,view0,/bigdata/users/quansj/datasets/Doppler/wilddoppler/legacy/datasets/AMASS_SMPLX_2022/BMLmovi/Subject_48_F_MoSh/Subject_48_F_6_stageii.npz,4.0,0.0,1.0,533,120.0,4.433333333333334,7
view0__BMLmovi__Subject_48_F_MoSh__Subject_48_F_7,view0,/bigdata/users/quansj/datasets/Doppler/wilddoppler/legacy/datasets/AMASS_SMPLX_2022/BMLmovi/Subject_48_F_MoSh/Subject_48_F_7_stageii.npz,4.0,0.0,1.0,673,120.0,5.6,10
view0__BMLmovi__Subject_48_F_MoSh__Subject_48_F_8,view0,/bigdata/users/quansj/datasets/Doppler/wilddoppler/legacy/datasets/AMASS_SMPLX_2022/BMLmovi/Subject_48_F_MoSh/Subject_48_F_8_stageii.npz,4.0,0.0,1.0,517,120.0,4.3,7
view0__BMLmovi__Subject_48_F_MoSh__Subject_48_F_9,view0,/bigdata/users/quansj/datasets/Doppler/wilddoppler/legacy/datasets/AMASS_SMPLX_2022/BMLmovi/Subject_48_F_MoSh/Subject_48_F_9_stageii.npz,4.0,0.0,1.0,913,120.0,7.6,14
view0__BMLmovi__Subject_49_F_MoSh__Subject_49_F_10,view0,/bigdata/users/quansj/datasets/Doppler/wilddoppler/legacy/datasets/AMASS_SMPLX_2022/BMLmovi/Subject_49_F_MoSh/Subject_49_F_10_stageii.npz,4.0,0.0,1.0,593,120.0,4.933333333333334,8
view0__BMLmovi__Subject_49_F_MoSh__Subject_49_F_11,view0,/bigdata/users/quansj/datasets/Doppler/wilddoppler/legacy/datasets/AMASS_SMPLX_2022/BMLmovi/Subject_49_F_MoSh/Subject_49_F_11_stageii.npz,4.0,0.0,1.0,653,120.0,5.433333333333334,9
view0__BMLmovi__Subject_49_F_MoSh__Subject_49_F_12,view0,/bigdata/users/quansj/datasets/Doppler/wilddoppler/legacy/datasets/AMASS_SMPLX_2022/BMLmovi/Subject_49_F_MoSh/Subject_49_F_12_stageii.npz,4.0,0.0,1.0,633,120.0,5.266666666666667,9
view0__BMLmovi__Subject_49_F_MoSh__Subject_49_F_13,view0,/bigdata/users/quansj/datasets/Doppler/wilddoppler/legacy/datasets/AMASS_SMPLX_2022/BMLmovi/Subject_49_F_MoSh/Subject_49_F_13_stageii.npz,4.0,0.0,1.0,613,120.0,5.1,9
view0__BMLmovi__Subject_49_F_MoSh__Subject_49_F_14,view0,/bigdata/users/quansj/datasets/Doppler/wilddoppler/legacy/datasets/AMASS_SMPLX_2022/BMLmovi/Subject_49_F_MoSh/Subject_49_F_14_stageii.npz,4.0,0.0,1.0,1201,120.0,10.0,19
view0__BMLmovi__Subject_49_F_MoSh__Subject_49_F_15,view0,/bigdata/users/quansj/datasets/Doppler/wilddoppler/legacy/datasets/AMASS_SMPLX_2022/BMLmovi/Subject_49_F_MoSh/Subject_49_F_15_stageii.npz,4.0,0.0,1.0,1045,120.0,8.7,16
view0__BMLmovi__Subject_49_F_MoSh__Subject_49_F_16,view0,/bigdata/users/quansj/datasets/Doppler/wilddoppler/legacy/datasets/AMASS_SMPLX_2022/BMLmovi/Subject_49_F_MoSh/Subject_49_F_16_stageii.npz,4.0,0.0,1.0,501,120.0,4.166666666666667,7
view0__BMLmovi__Subject_49_F_MoSh__Subject_49_F_17,view0,/bigdata/users/quansj/datasets/Doppler/wilddoppler/legacy/datasets/AMASS_SMPLX_2022/BMLmovi/Subject_49_F_MoSh/Subject_49_F_17_stageii.npz,4.0,0.0,1.0,789,120.0,6.566666666666666,12
view0__BMLmovi__Subject_49_F_MoSh__Subject_49_F_18,view0,/bigdata/users/quansj/datasets/Doppler/wilddoppler/legacy/datasets/AMASS_SMPLX_2022/BMLmovi/Subject_49_F_MoSh/Subject_49_F_18_stageii.npz,4.0,0.0,1.0,557,120.0,4.633333333333334,8
view0__BMLmovi__Subject_49_F_MoSh__Subject_49_F_1,view0,/bigdata/users/quansj/datasets/Doppler/wilddoppler/legacy/datasets/AMASS_SMPLX_2022/BMLmovi/Subject_49_F_MoSh/Subject_49_F_1_stageii.npz,4.0,0.0,1.0,705,120.0,5.866666666666666,10
view0__BMLmovi__Subject_49_F_MoSh__Subject_49_F_20,view0,/bigdata/users/quansj/datasets/Doppler/wilddoppler/legacy/datasets/AMASS_SMPLX_2022/BMLmovi/Subject_49_F_MoSh/Subject_49_F_20_stageii.npz,4.0,0.0,1.0,1281,120.0,10.666666666666666,20
view0__BMLmovi__Subject_49_F_MoSh__Subject_49_F_21,view0,/bigdata/users/quansj/datasets/Doppler/wilddoppler/legacy/datasets/AMASS_SMPLX_2022/BMLmovi/Subject_49_F_MoSh/Subject_49_F_21_stageii.npz,4.0,0.0,1.0,469,120.0,3.9,6
view0__BMLmovi__Subject_49_F_MoSh__Subject_49_F_2,view0,/bigdata/users/quansj/datasets/Doppler/wilddoppler/legacy/datasets/AMASS_SMPLX_2022/BMLmovi/Subject_49_F_MoSh/Subject_49_F_2_stageii.npz,4.0,0.0,1.0,929,120.0,7.733333333333333,14
view0__BMLmovi__Subject_49_F_MoSh__Subject_49_F_3,view0,/bigdata/users/quansj/datasets/Doppler/wilddoppler/legacy/datasets/AMASS_SMPLX_2022/BMLmovi/Subject_49_F_MoSh/Subject_49_F_3_stageii.npz,4.0,0.0,1.0,605,120.0,5.033333333333333,9
view0__BMLmovi__Subject_49_F_MoSh__Subject_49_F_4,view0,/bigdata/users/quansj/datasets/Doppler/wilddoppler/legacy/datasets/AMASS_SMPLX_2022/BMLmovi/Subject_49_F_MoSh/Subject_49_F_4_stageii.npz,4.0,0.0,1.0,589,120.0,4.9,8
view0__BMLmovi__Subject_49_F_MoSh__Subject_49_F_5,view0,/bigdata/users/quansj/datasets/Doppler/wilddoppler/legacy/datasets/AMASS_SMPLX_2022/BMLmovi/Subject_49_F_MoSh/Subject_49_F_5_stageii.npz,4.0,0.0,1.0,801,120.0,6.666666666666667,12
view0__BMLmovi__Subject_49_F_MoSh__Subject_49_F_6,view0,/bigdata/users/quansj/datasets/Doppler/wilddoppler/legacy/datasets/AMASS_SMPLX_2022/BMLmovi/Subject_49_F_MoSh/Subject_49_F_6_stageii.npz,4.0,0.0,1.0,745,120.0,6.2,11
view0__BMLmovi__Subject_49_F_MoSh__Subject_49_F_7,view0,/bigdata/users/quansj/datasets/Doppler/wilddoppler/legacy/datasets/AMASS_SMPLX_2022/BMLmovi/Subject_49_F_MoSh/Subject_49_F_7_stageii.npz,4.0,0.0,1.0,1349,120.0,11.233333333333333,21
view0__BMLmovi__Subject_49_F_MoSh__Subject_49_F_8,view0,/bigdata/users/quansj/datasets/Doppler/wilddoppler/legacy/datasets/AMASS_SMPLX_2022/BMLmovi/Subject_49_F_MoSh/Subject_49_F_8_stageii.npz,4.0,0.0,1.0,405,120.0,3.3666666666666667,5
view0__BMLmovi__Subject_49_F_MoSh__Subject_49_F_9,view0,/bigdata/users/quansj/datasets/Doppler/wilddoppler/legacy/datasets/AMASS_SMPLX_2022/BMLmovi/Subject_49_F_MoSh/Subject_49_F_9_stageii.npz,4.0,0.0,1.0,569,120.0,4.733333333333333,8
view0__BMLmovi__Subject_4_F_MoSh__Subject_4_F_10,view0,/bigdata/users/quansj/datasets/Doppler/wilddoppler/legacy/datasets/AMASS_SMPLX_2022/BMLmovi/Subject_4_F_MoSh/Subject_4_F_10_stageii.npz,4.0,0.0,1.0,269,120.0,2.2333333333333334,3
view0__BMLmovi__Subject_4_F_MoSh__Subject_4_F_11,view0,/bigdata/users/quansj/datasets/Doppler/wilddoppler/legacy/datasets/AMASS_SMPLX_2022/BMLmovi/Subject_4_F_MoSh/Subject_4_F_11_stageii.npz,4.0,0.0,1.0,949,120.0,7.9,14
view0__BMLmovi__Subject_4_F_MoSh__Subject_4_F_12,view0,/bigdata/users/quansj/datasets/Doppler/wilddoppler/legacy/datasets/AMASS_SMPLX_2022/BMLmovi/Subject_4_F_MoSh/Subject_4_F_12_stageii.npz,4.0,0.0,1.0,249,120.0,2.066666666666667,3
view0__BMLmovi__Subject_4_F_MoSh__Subject_4_F_13,view0,/bigdata/users/quansj/datasets/Doppler/wilddoppler/legacy/datasets/AMASS_SMPLX_2022/BMLmovi/Subject_4_F_MoSh/Subject_4_F_13_stageii.npz,4.0,0.0,1.0,657,120.0,5.466666666666667,9
view0__BMLmovi__Subject_4_F_MoSh__Subject_4_F_14,view0,/bigdata/users/quansj/datasets/Doppler/wilddoppler/legacy/datasets/AMASS_SMPLX_2022/BMLmovi/Subject_4_F_MoSh/Subject_4_F_14_stageii.npz,4.0,0.0,1.0,613,120.0,5.1,9
view0__BMLmovi__Subject_4_F_MoSh__Subject_4_F_15,view0,/bigdata/users/quansj/datasets/Doppler/wilddoppler/legacy/datasets/AMASS_SMPLX_2022/BMLmovi/Subject_4_F_MoSh/Subject_4_F_15_stageii.npz,4.0,0.0,1.0,401,120.0,3.3333333333333335,5
view0__BMLmovi__Subject_4_F_MoSh__Subject_4_F_16,view0,/bigdata/users/quansj/datasets/Doppler/wilddoppler/legacy/datasets/AMASS_SMPLX_2022/BMLmovi/Subject_4_F_MoSh/Subject_4_F_16_stageii.npz,4.0,0.0,1.0,401,120.0,3.3333333333333335,5
view0__BMLmovi__Subject_4_F_MoSh__Subject_4_F_17,view0,/bigdata/users/quansj/datasets/Doppler/wilddoppler/legacy/datasets/AMASS_SMPLX_2022/BMLmovi/Subject_4_F_MoSh/Subject_4_F_17_stageii.npz,4.0,0.0,1.0,533,120.0,4.433333333333334,7
view0__BMLmovi__Subject_4_F_MoSh__Subject_4_F_18,view0,/bigdata/users/quansj/datasets/Doppler/wilddoppler/legacy/datasets/AMASS_SMPLX_2022/BMLmovi/Subject_4_F_MoSh/Subject_4_F_18_stageii.npz,4.0,0.0,1.0,293,120.0,2.433333333333333,3
view0__BMLmovi__Subject_4_F_MoSh__Subject_4_F_19,view0,/bigdata/users/quansj/datasets/Doppler/wilddoppler/legacy/datasets/AMASS_SMPLX_2022/BMLmovi/Subject_4_F_MoSh/Subject_4_F_19_stageii.npz,4.0,0.0,1.0,641,120.0,5.333333333333333,9
view0__BMLmovi__Subject_4_F_MoSh__Subject_4_F_1,view0,/bigdata/users/quansj/datasets/Doppler/wilddoppler/legacy/datasets/AMASS_SMPLX_2022/BMLmovi/Subject_4_F_MoSh/Subject_4_F_1_stageii.npz,4.0,0.0,1.0,189,120.0,1.5666666666666667,2
view0__BMLmovi__Subject_4_F_MoSh__Subject_4_F_20,view0,/bigdata/users/quansj/datasets/Doppler/wilddoppler/legacy/datasets/AMASS_SMPLX_2022/BMLmovi/Subject_4_F_MoSh/Subject_4_F_20_stageii.npz,4.0,0.0,1.0,389,120.0,3.2333333333333334,5
view0__BMLmovi__Subject_4_F_MoSh__Subject_4_F_21,view0,/bigdata/users/quansj/datasets/Doppler/wilddoppler/legacy/datasets/AMASS_SMPLX_2022/BMLmovi/Subject_4_F_MoSh/Subject_4_F_21_stageii.npz,4.0,0.0,1.0,805,120.0,6.7,12
view0__BMLmovi__Subject_4_F_MoSh__Subject_4_F_2,view0,/bigdata/users/quansj/datasets/Doppler/wilddoppler/legacy/datasets/AMASS_SMPLX_2022/BMLmovi/Subject_4_F_MoSh/Subject_4_F_2_stageii.npz,4.0,0.0,1.0,213,120.0,1.7666666666666666,2
view0__BMLmovi__Subject_4_F_MoSh__Subject_4_F_3,view0,/bigdata/users/quansj/datasets/Doppler/wilddoppler/legacy/datasets/AMASS_SMPLX_2022/BMLmovi/Subject_4_F_MoSh/Subject_4_F_3_stageii.npz,4.0,0.0,1.0,733,120.0,6.1,11
view0__BMLmovi__Subject_4_F_MoSh__Subject_4_F_4,view0,/bigdata/users/quansj/datasets/Doppler/wilddoppler/legacy/datasets/AMASS_SMPLX_2022/BMLmovi/Subject_4_F_MoSh/Subject_4_F_4_stageii.npz,4.0,0.0,1.0,237,120.0,1.9666666666666666,2
view0__BMLmovi__Subject_4_F_MoSh__Subject_4_F_5,view0,/bigdata/users/quansj/datasets/Doppler/wilddoppler/legacy/datasets/AMASS_SMPLX_2022/BMLmovi/Subject_4_F_MoSh/Subject_4_F_5_stageii.npz,4.0,0.0,1.0,225,120.0,1.8666666666666667,2
view0__BMLmovi__Subject_4_F_MoSh__Subject_4_F_6,view0,/bigdata/users/quansj/datasets/Doppler/wilddoppler/legacy/datasets/AMASS_SMPLX_2022/BMLmovi/Subject_4_F_MoSh/Subject_4_F_6_stageii.npz,4.0,0.0,1.0,257,120.0,2.1333333333333333,3
view0__BMLmovi__Subject_4_F_MoSh__Subject_4_F_7,view0,/bigdata/users/quansj/datasets/Doppler/wilddoppler/legacy/datasets/AMASS_SMPLX_2022/BMLmovi/Subject_4_F_MoSh/Subject_4_F_7_stageii.npz,4.0,0.0,1.0,421,120.0,3.5,6
view0__BMLmovi__Subject_4_F_MoSh__Subject_4_F_8,view0,/bigdata/users/quansj/datasets/Doppler/wilddoppler/legacy/datasets/AMASS_SMPLX_2022/BMLmovi/Subject_4_F_MoSh/Subject_4_F_8_stageii.npz,4.0,0.0,1.0,317,120.0,2.6333333333333333,4
view0__BMLmovi__Subject_4_F_MoSh__Subject_4_F_9,view0,/bigdata/users/quansj/datasets/Doppler/wilddoppler/legacy/datasets/AMASS_SMPLX_2022/BMLmovi/Subject_4_F_MoSh/Subject_4_F_9_stageii.npz,4.0,0.0,1.0,285,120.0,2.3666666666666667,3
view0__BMLmovi__Subject_50_F_MoSh__Subject_50_F_10,view0,/bigdata/users/quansj/datasets/Doppler/wilddoppler/legacy/datasets/AMASS_SMPLX_2022/BMLmovi/Subject_50_F_MoSh/Subject_50_F_10_stageii.npz,4.0,0.0,1.0,353,120.0,2.933333333333333,4
view0__BMLmovi__Subject_50_F_MoSh__Subject_50_F_11,view0,/bigdata/users/quansj/datasets/Doppler/wilddoppler/legacy/datasets/AMASS_SMPLX_2022/BMLmovi/Subject_50_F_MoSh/Subject_50_F_11_stageii.npz,4.0,0.0,1.0,1085,120.0,9.033333333333333,17
view0__BMLmovi__Subject_50_F_MoSh__Subject_50_F_12,view0,/bigdata/users/quansj/datasets/Doppler/wilddoppler/legacy/datasets/AMASS_SMPLX_2022/BMLmovi/Subject_50_F_MoSh/Subject_50_F_12_stageii.npz,4.0,0.0,1.0,341,120.0,2.8333333333333335,4
view0__BMLmovi__Subject_50_F_MoSh__Subject_50_F_13,view0,/bigdata/users/quansj/datasets/Doppler/wilddoppler/legacy/datasets/AMASS_SMPLX_2022/BMLmovi/Subject_50_F_MoSh/Subject_50_F_13_stageii.npz,4.0,0.0,1.0,705,120.0,5.866666666666666,10
view0__BMLmovi__Subject_50_F_MoSh__Subject_50_F_14,view0,/bigdata/users/quansj/datasets/Doppler/wilddoppler/legacy/datasets/AMASS_SMPLX_2022/BMLmovi/Subject_50_F_MoSh/Subject_50_F_14_stageii.npz,4.0,0.0,1.0,673,120.0,5.6,10
view0__BMLmovi__Subject_50_F_MoSh__Subject_50_F_15,view0,/bigdata/users/quansj/datasets/Doppler/wilddoppler/legacy/datasets/AMASS_SMPLX_2022/BMLmovi/Subject_50_F_MoSh/Subject_50_F_15_stageii.npz,4.0,0.0,1.0,777,120.0,6.466666666666667,11
view0__BMLmovi__Subject_50_F_MoSh__Subject_50_F_16,view0,/bigdata/users/quansj/datasets/Doppler/wilddoppler/legacy/datasets/AMASS_SMPLX_2022/BMLmovi/Subject_50_F_MoSh/Subject_50_F_16_stageii.npz,4.0,0.0,1.0,401,120.0,3.3333333333333335,5
view0__BMLmovi__Subject_50_F_MoSh__Subject_50_F_17,view0,/bigdata/users/quansj/datasets/Doppler/wilddoppler/legacy/datasets/AMASS_SMPLX_2022/BMLmovi/Subject_50_F_MoSh/Subject_50_F_17_stageii.npz,4.0,0.0,1.0,481,120.0,4.0,7
view0__BMLmovi__Subject_50_F_MoSh__Subject_50_F_18,view0,/bigdata/users/quansj/datasets/Doppler/wilddoppler/legacy/datasets/AMASS_SMPLX_2022/BMLmovi/Subject_50_F_MoSh/Subject_50_F_18_stageii.npz,4.0,0.0,1.0,1297,120.0,10.8,20
view0__BMLmovi__Subject_50_F_MoSh__Subject_50_F_19,view0,/bigdata/users/quansj/datasets/Doppler/wilddoppler/legacy/datasets/AMASS_SMPLX_2022/BMLmovi/Subject_50_F_MoSh/Subject_50_F_19_stageii.npz,4.0,0.0,1.0,713,120.0,5.933333333333334,10
view0__BMLmovi__Subject_50_F_MoSh__Subject_50_F_1,view0,/bigdata/users/quansj/datasets/Doppler/wilddoppler/legacy/datasets/AMASS_SMPLX_2022/BMLmovi/Subject_50_F_MoSh/Subject_50_F_1_stageii.npz,4.0,0.0,1.0,601,120.0,5.0,9
view0__BMLmovi__Subject_50_F_MoSh__Subject_50_F_20,view0,/bigdata/users/quansj/datasets/Doppler/wilddoppler/legacy/datasets/AMASS_SMPLX_2022/BMLmovi/Subject_50_F_MoSh/Subject_50_F_20_stageii.npz,4.0,0.0,1.0,465,120.0,3.8666666666666667,6
view0__BMLmovi__Subject_50_F_MoSh__Subject_50_F_21,view0,/bigdata/users/quansj/datasets/Doppler/wilddoppler/legacy/datasets/AMASS_SMPLX_2022/BMLmovi/Subject_50_F_MoSh/Subject_50_F_21_stageii.npz,4.0,0.0,1.0,1033,120.0,8.6,16
view0__BMLmovi__Subject_50_F_MoSh__Subject_50_F_2,view0,/bigdata/users/quansj/datasets/Doppler/wilddoppler/legacy/datasets/AMASS_SMPLX_2022/BMLmovi/Subject_50_F_MoSh/Subject_50_F_2_stageii.npz,4.0,0.0,1.0,837,120.0,6.966666666666667,12
view0__BMLmovi__Subject_50_F_MoSh__Subject_50_F_3,view0,/bigdata/users/quansj/datasets/Doppler/wilddoppler/legacy/datasets/AMASS_SMPLX_2022/BMLmovi/Subject_50_F_MoSh/Subject_50_F_3_stageii.npz,4.0,0.0,1.0,1481,120.0,12.333333333333334,23
view0__BMLmovi__Subject_50_F_MoSh__Subject_50_F_4,view0,/bigdata/users/quansj/datasets/Doppler/wilddoppler/legacy/datasets/AMASS_SMPLX_2022/BMLmovi/Subject_50_F_MoSh/Subject_50_F_4_stageii.npz,4.0,0.0,1.0,1777,120.0,14.8,28
view0__BMLmovi__Subject_50_F_MoSh__Subject_50_F_5,view0,/bigdata/users/quansj/datasets/Doppler/wilddoppler/legacy/datasets/AMASS_SMPLX_2022/BMLmovi/Subject_50_F_MoSh/Subject_50_F_5_stageii.npz,4.0,0.0,1.0,273,120.0,2.2666666666666666,3
view0__BMLmovi__Subject_50_F_MoSh__Subject_50_F_6,view0,/bigdata/users/quansj/datasets/Doppler/wilddoppler/legacy/datasets/AMASS_SMPLX_2022/BMLmovi/Subject_50_F_MoSh/Subject_50_F_6_stageii.npz,4.0,0.0,1.0,529,120.0,4.4,7
view0__BMLmovi__Subject_50_F_MoSh__Subject_50_F_7,view0,/bigdata/users/quansj/datasets/Doppler/wilddoppler/legacy/datasets/AMASS_SMPLX_2022/BMLmovi/Subject_50_F_MoSh/Subject_50_F_7_stageii.npz,4.0,0.0,1.0,1305,120.0,10.866666666666667,20
view0__BMLmovi__Subject_50_F_MoSh__Subject_50_F_8,view0,/bigdata/users/quansj/datasets/Doppler/wilddoppler/legacy/datasets/AMASS_SMPLX_2022/BMLmovi/Subject_50_F_MoSh/Subject_50_F_8_stageii.npz,4.0,0.0,1.0,937,120.0,7.8,14
view0__BMLmovi__Subject_50_F_MoSh__Subject_50_F_9,view0,/bigdata/users/quansj/datasets/Doppler/wilddoppler/legacy/datasets/AMASS_SMPLX_2022/BMLmovi/Subject_50_F_MoSh/Subject_50_F_9_stageii.npz,4.0,0.0,1.0,489,120.0,4.066666666666666,7
view0__BMLmovi__Subject_51_F_MoSh__Subject_51_F_10,view0,/bigdata/users/quansj/datasets/Doppler/wilddoppler/legacy/datasets/AMASS_SMPLX_2022/BMLmovi/Subject_51_F_MoSh/Subject_51_F_10_stageii.npz,4.0,0.0,1.0,1085,120.0,9.033333333333333,17
view0__BMLmovi__Subject_51_F_MoSh__Subject_51_F_11,view0,/bigdata/users/quansj/datasets/Doppler/wilddoppler/legacy/datasets/AMASS_SMPLX_2022/BMLmovi/Subject_51_F_MoSh/Subject_51_F_11_stageii.npz,4.0,0.0,1.0,909,120.0,7.566666666666666,14
view0__BMLmovi__Subject_51_F_MoSh__Subject_51_F_12,view0,/bigdata/users/quansj/datasets/Doppler/wilddoppler/legacy/datasets/AMASS_SMPLX_2022/BMLmovi/Subject_51_F_MoSh/Subject_51_F_12_stageii.npz,4.0,0.0,1.0,1225,120.0,10.2,19
view0__BMLmovi__Subject_51_F_MoSh__Subject_51_F_13,view0,/bigdata/users/quansj/datasets/Doppler/wilddoppler/legacy/datasets/AMASS_SMPLX_2022/BMLmovi/Subject_51_F_MoSh/Subject_51_F_13_stageii.npz,4.0,0.0,1.0,609,120.0,5.066666666666666,9
view0__BMLmovi__Subject_51_F_MoSh__Subject_51_F_14,view0,/bigdata/users/quansj/datasets/Doppler/wilddoppler/legacy/datasets/AMASS_SMPLX_2022/BMLmovi/Subject_51_F_MoSh/Subject_51_F_14_stageii.npz,4.0,0.0,1.0,753,120.0,6.266666666666667,11
view0__BMLmovi__Subject_51_F_MoSh__Subject_51_F_15,view0,/bigdata/users/quansj/datasets/Doppler/wilddoppler/legacy/datasets/AMASS_SMPLX_2022/BMLmovi/Subject_51_F_MoSh/Subject_51_F_15_stageii.npz,4.0,0.0,1.0,717,120.0,5.966666666666667,10
view0__BMLmovi__Subject_51_F_MoSh__Subject_51_F_16,view0,/bigdata/users/quansj/datasets/Doppler/wilddoppler/legacy/datasets/AMASS_SMPLX_2022/BMLmovi/Subject_51_F_MoSh/Subject_51_F_16_stageii.npz,4.0,0.0,1.0,605,120.0,5.033333333333333,9
view0__BMLmovi__Subject_51_F_MoSh__Subject_51_F_17,view0,/bigdata/users/quansj/datasets/Doppler/wilddoppler/legacy/datasets/AMASS_SMPLX_2022/BMLmovi/Subject_51_F_MoSh/Subject_51_F_17_stageii.npz,4.0,0.0,1.0,933,120.0,7.766666666666667,14
view0__BMLmovi__Subject_51_F_MoSh__Subject_51_F_18,view0,/bigdata/users/quansj/datasets/Doppler/wilddoppler/legacy/datasets/AMASS_SMPLX_2022/BMLmovi/Subject_51_F_MoSh/Subject_51_F_18_stageii.npz,4.0,0.0,1.0,421,120.0,3.5,6
view0__BMLmovi__Subject_51_F_MoSh__Subject_51_F_19,view0,/bigdata/users/quansj/datasets/Doppler/wilddoppler/legacy/datasets/AMASS_SMPLX_2022/BMLmovi/Subject_51_F_MoSh/Subject_51_F_19_stageii.npz,4.0,0.0,1.0,561,120.0,4.666666666666667,8
view0__BMLmovi__Subject_51_F_MoSh__Subject_51_F_1,view0,/bigdata/users/quansj/datasets/Doppler/wilddoppler/legacy/datasets/AMASS_SMPLX_2022/BMLmovi/Subject_51_F_MoSh/Subject_51_F_1_stageii.npz,4.0,0.0,1.0,533,120.0,4.433333333333334,7
view0__BMLmovi__Subject_51_F_MoSh__Subject_51_F_20,view0,/bigdata/users/quansj/datasets/Doppler/wilddoppler/legacy/datasets/AMASS_SMPLX_2022/BMLmovi/Subject_51_F_MoSh/Subject_51_F_20_stageii.npz,4.0,0.0,1.0,633,120.0,5.266666666666667,9
view0__BMLmovi__Subject_51_F_MoSh__Subject_51_F_21,view0,/bigdata/users/quansj/datasets/Doppler/wilddoppler/legacy/datasets/AMASS_SMPLX_2022/BMLmovi/Subject_51_F_MoSh/Subject_51_F_21_stageii.npz,4.0,0.0,1.0,465,120.0,3.8666666666666667,6
view0__BMLmovi__Subject_51_F_MoSh__Subject_51_F_2,view0,/bigdata/users/quansj/datasets/Doppler/wilddoppler/legacy/datasets/AMASS_SMPLX_2022/BMLmovi/Subject_51_F_MoSh/Subject_51_F_2_stageii.npz,4.0,0.0,1.0,449,120.0,3.7333333333333334,6
view0__BMLmovi__Subject_51_F_MoSh__Subject_51_F_3,view0,/bigdata/users/quansj/datasets/Doppler/wilddoppler/legacy/datasets/AMASS_SMPLX_2022/BMLmovi/Subject_51_F_MoSh/Subject_51_F_3_stageii.npz,4.0,0.0,1.0,541,120.0,4.5,8
view0__BMLmovi__Subject_51_F_MoSh__Subject_51_F_4,view0,/bigdata/users/quansj/datasets/Doppler/wilddoppler/legacy/datasets/AMASS_SMPLX_2022/BMLmovi/Subject_51_F_MoSh/Subject_51_F_4_stageii.npz,4.0,0.0,1.0,1089,120.0,9.066666666666666,17
view0__BMLmovi__Subject_51_F_MoSh__Subject_51_F_5,view0,/bigdata/users/quansj/datasets/Doppler/wilddoppler/legacy/datasets/AMASS_SMPLX_2022/BMLmovi/Subject_51_F_MoSh/Subject_51_F_5_stageii.npz,4.0,0.0,1.0,685,120.0,5.7,10
view0__BMLmovi__Subject_51_F_MoSh__Subject_51_F_6,view0,/bigdata/users/quansj/datasets/Doppler/wilddoppler/legacy/datasets/AMASS_SMPLX_2022/BMLmovi/Subject_51_F_MoSh/Subject_51_F_6_stageii.npz,4.0,0.0,1.0,561,120.0,4.666666666666667,8
view0__BMLmovi__Subject_51_F_MoSh__Subject_51_F_7,view0,/bigdata/users/quansj/datasets/Doppler/wilddoppler/legacy/datasets/AMASS_SMPLX_2022/BMLmovi/Subject_51_F_MoSh/Subject_51_F_7_stageii.npz,4.0,0.0,1.0,1597,120.0,13.3,25
view0__BMLmovi__Subject_51_F_MoSh__Subject_51_F_8,view0,/bigdata/users/quansj/datasets/Doppler/wilddoppler/legacy/datasets/AMASS_SMPLX_2022/BMLmovi/Subject_51_F_MoSh/Subject_51_F_8_stageii.npz,4.0,0.0,1.0,621,120.0,5.166666666666667,9
view0__BMLmovi__Subject_51_F_MoSh__Subject_51_F_9,view0,/bigdata/users/quansj/datasets/Doppler/wilddoppler/legacy/datasets/AMASS_SMPLX_2022/BMLmovi/Subject_51_F_MoSh/Subject_51_F_9_stageii.npz,4.0,0.0,1.0,473,120.0,3.933333333333333,6
view0__BMLmovi__Subject_52_F_MoSh__Subject_52_F_10,view0,/bigdata/users/quansj/datasets/Doppler/wilddoppler/legacy/datasets/AMASS_SMPLX_2022/BMLmovi/Subject_52_F_MoSh/Subject_52_F_10_stageii.npz,4.0,0.0,1.0,665,120.0,5.533333333333333,10
view0__BMLmovi__Subject_52_F_MoSh__Subject_52_F_11,view0,/bigdata/users/quansj/datasets/Doppler/wilddoppler/legacy/datasets/AMASS_SMPLX_2022/BMLmovi/Subject_52_F_MoSh/Subject_52_F_11_stageii.npz,4.0,0.0,1.0,685,120.0,5.7,10
view0__BMLmovi__Subject_52_F_MoSh__Subject_52_F_12,view0,/bigdata/users/quansj/datasets/Doppler/wilddoppler/legacy/datasets/AMASS_SMPLX_2022/BMLmovi/Subject_52_F_MoSh/Subject_52_F_12_stageii.npz,4.0,0.0,1.0,893,120.0,7.433333333333334,13
view0__BMLmovi__Subject_52_F_MoSh__Subject_52_F_13,view0,/bigdata/users/quansj/datasets/Doppler/wilddoppler/legacy/datasets/AMASS_SMPLX_2022/BMLmovi/Subject_52_F_MoSh/Subject_52_F_13_stageii.npz,4.0,0.0,1.0,349,120.0,2.9,4
view0__BMLmovi__Subject_52_F_MoSh__Subject_52_F_14,view0,/bigdata/users/quansj/datasets/Doppler/wilddoppler/legacy/datasets/AMASS_SMPLX_2022/BMLmovi/Subject_52_F_MoSh/Subject_52_F_14_stageii.npz,4.0,0.0,1.0,573,120.0,4.766666666666667,8
view0__BMLmovi__Subject_52_F_MoSh__Subject_52_F_15,view0,/bigdata/users/quansj/datasets/Doppler/wilddoppler/legacy/datasets/AMASS_SMPLX_2022/BMLmovi/Subject_52_F_MoSh/Subject_52_F_15_stageii.npz,4.0,0.0,1.0,517,120.0,4.3,7
view0__BMLmovi__Subject_52_F_MoSh__Subject_52_F_16,view0,/bigdata/users/quansj/datasets/Doppler/wilddoppler/legacy/datasets/AMASS_SMPLX_2022/BMLmovi/Subject_52_F_MoSh/Subject_52_F_16_stageii.npz,4.0,0.0,1.0,1053,120.0,8.766666666666667,16
view0__BMLmovi__Subject_52_F_MoSh__Subject_52_F_17,view0,/bigdata/users/quansj/datasets/Doppler/wilddoppler/legacy/datasets/AMASS_SMPLX_2022/BMLmovi/Subject_52_F_MoSh/Subject_52_F_17_stageii.npz,4.0,0.0,1.0,477,120.0,3.966666666666667,6
view0__BMLmovi__Subject_52_F_MoSh__Subject_52_F_18,view0,/bigdata/users/quansj/datasets/Doppler/wilddoppler/legacy/datasets/AMASS_SMPLX_2022/BMLmovi/Subject_52_F_MoSh/Subject_52_F_18_stageii.npz,4.0,0.0,1.0,621,120.0,5.166666666666667,9
view0__BMLmovi__Subject_52_F_MoSh__Subject_52_F_19,view0,/bigdata/users/quansj/datasets/Doppler/wilddoppler/legacy/datasets/AMASS_SMPLX_2022/BMLmovi/Subject_52_F_MoSh/Subject_52_F_19_stageii.npz,4.0,0.0,1.0,961,120.0,8.0,15
view0__BMLmovi__Subject_52_F_MoSh__Subject_52_F_1,view0,/bigdata/users/quansj/datasets/Doppler/wilddoppler/legacy/datasets/AMASS_SMPLX_2022/BMLmovi/Subject_52_F_MoSh/Subject_52_F_1_stageii.npz,4.0,0.0,1.0,969,120.0,8.066666666666666,15
view0__BMLmovi__Subject_52_F_MoSh__Subject_52_F_20,view0,/bigdata/users/quansj/datasets/Doppler/wilddoppler/legacy/datasets/AMASS_SMPLX_2022/BMLmovi/Subject_52_F_MoSh/Subject_52_F_20_stageii.npz,4.0,0.0,1.0,945,120.0,7.866666666666666,14
view0__BMLmovi__Subject_52_F_MoSh__Subject_52_F_21,view0,/bigdata/users/quansj/datasets/Doppler/wilddoppler/legacy/datasets/AMASS_SMPLX_2022/BMLmovi/Subject_52_F_MoSh/Subject_52_F_21_stageii.npz,4.0,0.0,1.0,573,120.0,4.766666666666667,8
view0__BMLmovi__Subject_52_F_MoSh__Subject_52_F_2,view0,/bigdata/users/quansj/datasets/Doppler/wilddoppler/legacy/datasets/AMASS_SMPLX_2022/BMLmovi/Subject_52_F_MoSh/Subject_52_F_2_stageii.npz,4.0,0.0,1.0,1149,120.0,9.566666666666666,18
view0__BMLmovi__Subject_52_F_MoSh__Subject_52_F_3,view0,/bigdata/users/quansj/datasets/Doppler/wilddoppler/legacy/datasets/AMASS_SMPLX_2022/BMLmovi/Subject_52_F_MoSh/Subject_52_F_3_stageii.npz,4.0,0.0,1.0,1029,120.0,8.566666666666666,16
view0__BMLmovi__Subject_52_F_MoSh__Subject_52_F_4,view0,/bigdata/users/quansj/datasets/Doppler/wilddoppler/legacy/datasets/AMASS_SMPLX_2022/BMLmovi/Subject_52_F_MoSh/Subject_52_F_4_stageii.npz,4.0,0.0,1.0,701,120.0,5.833333333333333,10
view0__BMLmovi__Subject_52_F_MoSh__Subject_52_F_5,view0,/bigdata/users/quansj/datasets/Doppler/wilddoppler/legacy/datasets/AMASS_SMPLX_2022/BMLmovi/Subject_52_F_MoSh/Subject_52_F_5_stageii.npz,4.0,0.0,1.0,493,120.0,4.1,7
view0__BMLmovi__Subject_52_F_MoSh__Subject_52_F_6,view0,/bigdata/users/quansj/datasets/Doppler/wilddoppler/legacy/datasets/AMASS_SMPLX_2022/BMLmovi/Subject_52_F_MoSh/Subject_52_F_6_stageii.npz,4.0,0.0,1.0,417,120.0,3.466666666666667,5
view0__BMLmovi__Subject_52_F_MoSh__Subject_52_F_7,view0,/bigdata/users/quansj/datasets/Doppler/wilddoppler/legacy/datasets/AMASS_SMPLX_2022/BMLmovi/Subject_52_F_MoSh/Subject_52_F_7_stageii.npz,4.0,0.0,1.0,461,120.0,3.8333333333333335,6
view0__BMLmovi__Subject_52_F_MoSh__Subject_52_F_8,view0,/bigdata/users/quansj/datasets/Doppler/wilddoppler/legacy/datasets/AMASS_SMPLX_2022/BMLmovi/Subject_52_F_MoSh/Subject_52_F_8_stageii.npz,4.0,0.0,1.0,1301,120.0,10.833333333333334,20
view0__BMLmovi__Subject_52_F_MoSh__Subject_52_F_9,view0,/bigdata/users/quansj/datasets/Doppler/wilddoppler/legacy/datasets/AMASS_SMPLX_2022/BMLmovi/Subject_52_F_MoSh/Subject_52_F_9_stageii.npz,4.0,0.0,1.0,1381,120.0,11.5,22
view0__BMLmovi__Subject_53_F_MoSh__Subject_53_F_10,view0,/bigdata/users/quansj/datasets/Doppler/wilddoppler/legacy/datasets/AMASS_SMPLX_2022/BMLmovi/Subject_53_F_MoSh/Subject_53_F_10_stageii.npz,4.0,0.0,1.0,501,120.0,4.166666666666667,7
view0__BMLmovi__Subject_53_F_MoSh__Subject_53_F_11,view0,/bigdata/users/quansj/datasets/Doppler/wilddoppler/legacy/datasets/AMASS_SMPLX_2022/BMLmovi/Subject_53_F_MoSh/Subject_53_F_11_stageii.npz,4.0,0.0,1.0,473,120.0,3.933333333333333,6
view0__BMLmovi__Subject_53_F_MoSh__Subject_53_F_12,view0,/bigdata/users/quansj/datasets/Doppler/wilddoppler/legacy/datasets/AMASS_SMPLX_2022/BMLmovi/Subject_53_F_MoSh/Subject_53_F_12_stageii.npz,4.0,0.0,1.0,925,120.0,7.7,14
view0__BMLmovi__Subject_53_F_MoSh__Subject_53_F_13,view0,/bigdata/users/quansj/datasets/Doppler/wilddoppler/legacy/datasets/AMASS_SMPLX_2022/BMLmovi/Subject_53_F_MoSh/Subject_53_F_13_stageii.npz,4.0,0.0,1.0,1241,120.0,10.333333333333334,19
view0__BMLmovi__Subject_53_F_MoSh__Subject_53_F_14,view0,/bigdata/users/quansj/datasets/Doppler/wilddoppler/legacy/datasets/AMASS_SMPLX_2022/BMLmovi/Subject_53_F_MoSh/Subject_53_F_14_stageii.npz,4.0,0.0,1.0,1601,120.0,13.333333333333334,25
view0__BMLmovi__Subject_53_F_MoSh__Subject_53_F_15,view0,/bigdata/users/quansj/datasets/Doppler/wilddoppler/legacy/datasets/AMASS_SMPLX_2022/BMLmovi/Subject_53_F_MoSh/Subject_53_F_15_stageii.npz,4.0,0.0,1.0,589,120.0,4.9,8
view0__BMLmovi__Subject_53_F_MoSh__Subject_53_F_16,view0,/bigdata/users/quansj/datasets/Doppler/wilddoppler/legacy/datasets/AMASS_SMPLX_2022/BMLmovi/Subject_53_F_MoSh/Subject_53_F_16_stageii.npz,4.0,0.0,1.0,433,120.0,3.6,6
view0__BMLmovi__Subject_53_F_MoSh__Subject_53_F_17,view0,/bigdata/users/quansj/datasets/Doppler/wilddoppler/legacy/datasets/AMASS_SMPLX_2022/BMLmovi/Subject_53_F_MoSh/Subject_53_F_17_stageii.npz,4.0,0.0,1.0,1185,120.0,9.866666666666667,18
view0__BMLmovi__Subject_53_F_MoSh__Subject_53_F_18,view0,/bigdata/users/quansj/datasets/Doppler/wilddoppler/legacy/datasets/AMASS_SMPLX_2022/BMLmovi/Subject_53_F_MoSh/Subject_53_F_18_stageii.npz,4.0,0.0,1.0,421,120.0,3.5,6
view0__BMLmovi__Subject_53_F_MoSh__Subject_53_F_19,view0,/bigdata/users/quansj/datasets/Doppler/wilddoppler/legacy/datasets/AMASS_SMPLX_2022/BMLmovi/Subject_53_F_MoSh/Subject_53_F_19_stageii.npz,4.0,0.0,1.0,653,120.0,5.433333333333334,9
view0__BMLmovi__Subject_53_F_MoSh__Subject_53_F_1,view0,/bigdata/users/quansj/datasets/Doppler/wilddoppler/legacy/datasets/AMASS_SMPLX_2022/BMLmovi/Subject_53_F_MoSh/Subject_53_F_1_stageii.npz,4.0,0.0,1.0,1165,120.0,9.7,18
view0__BMLmovi__Subject_53_F_MoSh__Subject_53_F_20,view0,/bigdata/users/quansj/datasets/Doppler/wilddoppler/legacy/datasets/AMASS_SMPLX_2022/BMLmovi/Subject_53_F_MoSh/Subject_53_F_20_stageii.npz,4.0,0.0,1.0,1045,120.0,8.7,16
view0__BMLmovi__Subject_53_F_MoSh__Subject_53_F_21,view0,/bigdata/users/quansj/datasets/Doppler/wilddoppler/legacy/datasets/AMASS_SMPLX_2022/BMLmovi/Subject_53_F_MoSh/Subject_53_F_21_stageii.npz,4.0,0.0,1.0,625,120.0,5.2,9
view0__BMLmovi__Subject_53_F_MoSh__Subject_53_F_2,view0,/bigdata/users/quansj/datasets/Doppler/wilddoppler/legacy/datasets/AMASS_SMPLX_2022/BMLmovi/Subject_53_F_MoSh/Subject_53_F_2_stageii.npz,4.0,0.0,1.0,969,120.0,8.066666666666666,15
view0__BMLmovi__Subject_53_F_MoSh__Subject_53_F_3,view0,/bigdata/users/quansj/datasets/Doppler/wilddoppler/legacy/datasets/AMASS_SMPLX_2022/BMLmovi/Subject_53_F_MoSh/Subject_53_F_3_stageii.npz,4.0,0.0,1.0,621,120.0,5.166666666666667,9
view0__BMLmovi__Subject_53_F_MoSh__Subject_53_F_4,view0,/bigdata/users/quansj/datasets/Doppler/wilddoppler/legacy/datasets/AMASS_SMPLX_2022/BMLmovi/Subject_53_F_MoSh/Subject_53_F_4_stageii.npz,4.0,0.0,1.0,481,120.0,4.0,7
view0__BMLmovi__Subject_53_F_MoSh__Subject_53_F_5,view0,/bigdata/users/quansj/datasets/Doppler/wilddoppler/legacy/datasets/AMASS_SMPLX_2022/BMLmovi/Subject_53_F_MoSh/Subject_53_F_5_stageii.npz,4.0,0.0,1.0,441,120.0,3.6666666666666665,6
view0__BMLmovi__Subject_53_F_MoSh__Subject_53_F_6,view0,/bigdata/users/quansj/datasets/Doppler/wilddoppler/legacy/datasets/AMASS_SMPLX_2022/BMLmovi/Subject_53_F_MoSh/Subject_53_F_6_stageii.npz,4.0,0.0,1.0,553,120.0,4.6,8
view0__BMLmovi__Subject_53_F_MoSh__Subject_53_F_7,view0,/bigdata/users/quansj/datasets/Doppler/wilddoppler/legacy/datasets/AMASS_SMPLX_2022/BMLmovi/Subject_53_F_MoSh/Subject_53_F_7_stageii.npz,4.0,0.0,1.0,513,120.0,4.266666666666667,7
view0__BMLmovi__Subject_53_F_MoSh__Subject_53_F_8,view0,/bigdata/users/quansj/datasets/Doppler/wilddoppler/legacy/datasets/AMASS_SMPLX_2022/BMLmovi/Subject_53_F_MoSh/Subject_53_F_8_stageii.npz,4.0,0.0,1.0,537,120.0,4.466666666666667,7
view0__BMLmovi__Subject_53_F_MoSh__Subject_53_F_9,view0,/bigdata/users/quansj/datasets/Doppler/wilddoppler/legacy/datasets/AMASS_SMPLX_2022/BMLmovi/Subject_53_F_MoSh/Subject_53_F_9_stageii.npz,4.0,0.0,1.0,477,120.0,3.966666666666667,6
view0__BMLmovi__Subject_54_F_MoSh__Subject_54_F_10,view0,/bigdata/users/quansj/datasets/Doppler/wilddoppler/legacy/datasets/AMASS_SMPLX_2022/BMLmovi/Subject_54_F_MoSh/Subject_54_F_10_stageii.npz,4.0,0.0,1.0,681,120.0,5.666666666666667,10
view0__BMLmovi__Subject_54_F_MoSh__Subject_54_F_11,view0,/bigdata/users/quansj/datasets/Doppler/wilddoppler/legacy/datasets/AMASS_SMPLX_2022/BMLmovi/Subject_54_F_MoSh/Subject_54_F_11_stageii.npz,4.0,0.0,1.0,609,120.0,5.066666666666666,9
view0__BMLmovi__Subject_54_F_MoSh__Subject_54_F_12,view0,/bigdata/users/quansj/datasets/Doppler/wilddoppler/legacy/datasets/AMASS_SMPLX_2022/BMLmovi/Subject_54_F_MoSh/Subject_54_F_12_stageii.npz,4.0,0.0,1.0,869,120.0,7.233333333333333,13
view0__BMLmovi__Subject_54_F_MoSh__Subject_54_F_13,view0,/bigdata/users/quansj/datasets/Doppler/wilddoppler/legacy/datasets/AMASS_SMPLX_2022/BMLmovi/Subject_54_F_MoSh/Subject_54_F_13_stageii.npz,4.0,0.0,1.0,1273,120.0,10.6,20
view0__BMLmovi__Subject_54_F_MoSh__Subject_54_F_14,view0,/bigdata/users/quansj/datasets/Doppler/wilddoppler/legacy/datasets/AMASS_SMPLX_2022/BMLmovi/Subject_54_F_MoSh/Subject_54_F_14_stageii.npz,4.0,0.0,1.0,485,120.0,4.033333333333333,7
view0__BMLmovi__Subject_54_F_MoSh__Subject_54_F_15,view0,/bigdata/users/quansj/datasets/Doppler/wilddoppler/legacy/datasets/AMASS_SMPLX_2022/BMLmovi/Subject_54_F_MoSh/Subject_54_F_15_stageii.npz,4.0,0.0,1.0,429,120.0,3.566666666666667,6
view0__BMLmovi__Subject_54_F_MoSh__Subject_54_F_16,view0,/bigdata/users/quansj/datasets/Doppler/wilddoppler/legacy/datasets/AMASS_SMPLX_2022/BMLmovi/Subject_54_F_MoSh/Subject_54_F_16_stageii.npz,4.0,0.0,1.0,1129,120.0,9.4,17
view0__BMLmovi__Subject_54_F_MoSh__Subject_54_F_17,view0,/bigdata/users/quansj/datasets/Doppler/wilddoppler/legacy/datasets/AMASS_SMPLX_2022/BMLmovi/Subject_54_F_MoSh/Subject_54_F_17_stageii.npz,4.0,0.0,1.0,433,120.0,3.6,6
view0__BMLmovi__Subject_54_F_MoSh__Subject_54_F_18,view0,/bigdata/users/quansj/datasets/Doppler/wilddoppler/legacy/datasets/AMASS_SMPLX_2022/BMLmovi/Subject_54_F_MoSh/Subject_54_F_18_stageii.npz,4.0,0.0,1.0,705,120.0,5.866666666666666,10
view0__BMLmovi__Subject_54_F_MoSh__Subject_54_F_19,view0,/bigdata/users/quansj/datasets/Doppler/wilddoppler/legacy/datasets/AMASS_SMPLX_2022/BMLmovi/Subject_54_F_MoSh/Subject_54_F_19_stageii.npz,4.0,0.0,1.0,1133,120.0,9.433333333333334,17
view0__BMLmovi__Subject_54_F_MoSh__Subject_54_F_1,view0,/bigdata/users/quansj/datasets/Doppler/wilddoppler/legacy/datasets/AMASS_SMPLX_2022/BMLmovi/Subject_54_F_MoSh/Subject_54_F_1_stageii.npz,4.0,0.0,1.0,529,120.0,4.4,7
view0__BMLmovi__Subject_54_F_MoSh__Subject_54_F_20,view0,/bigdata/users/quansj/datasets/Doppler/wilddoppler/legacy/datasets/AMASS_SMPLX_2022/BMLmovi/Subject_54_F_MoSh/Subject_54_F_20_stageii.npz,4.0,0.0,1.0,661,120.0,5.5,10
view0__BMLmovi__Subject_54_F_MoSh__Subject_54_F_21,view0,/bigdata/users/quansj/datasets/Doppler/wilddoppler/legacy/datasets/AMASS_SMPLX_2022/BMLmovi/Subject_54_F_MoSh/Subject_54_F_21_stageii.npz,4.0,0.0,1.0,485,120.0,4.033333333333333,7
view0__BMLmovi__Subject_54_F_MoSh__Subject_54_F_2,view0,/bigdata/users/quansj/datasets/Doppler/wilddoppler/legacy/datasets/AMASS_SMPLX_2022/BMLmovi/Subject_54_F_MoSh/Subject_54_F_2_stageii.npz,4.0,0.0,1.0,873,120.0,7.266666666666667,13
view0__BMLmovi__Subject_54_F_MoSh__Subject_54_F_3,view0,/bigdata/users/quansj/datasets/Doppler/wilddoppler/legacy/datasets/AMASS_SMPLX_2022/BMLmovi/Subject_54_F_MoSh/Subject_54_F_3_stageii.npz,4.0,0.0,1.0,1189,120.0,9.9,18
view0__BMLmovi__Subject_54_F_MoSh__Subject_54_F_4,view0,/bigdata/users/quansj/datasets/Doppler/wilddoppler/legacy/datasets/AMASS_SMPLX_2022/BMLmovi/Subject_54_F_MoSh/Subject_54_F_4_stageii.npz,4.0,0.0,1.0,1225,120.0,10.2,19
view0__BMLmovi__Subject_54_F_MoSh__Subject_54_F_5,view0,/bigdata/users/quansj/datasets/Doppler/wilddoppler/legacy/datasets/AMASS_SMPLX_2022/BMLmovi/Subject_54_F_MoSh/Subject_54_F_5_stageii.npz,4.0,0.0,1.0,553,120.0,4.6,8
view0__BMLmovi__Subject_54_F_MoSh__Subject_54_F_6,view0,/bigdata/users/quansj/datasets/Doppler/wilddoppler/legacy/datasets/AMASS_SMPLX_2022/BMLmovi/Subject_54_F_MoSh/Subject_54_F_6_stageii.npz,4.0,0.0,1.0,665,120.0,5.533333333333333,10
view0__BMLmovi__Subject_54_F_MoSh__Subject_54_F_7,view0,/bigdata/users/quansj/datasets/Doppler/wilddoppler/legacy/datasets/AMASS_SMPLX_2022/BMLmovi/Subject_54_F_MoSh/Subject_54_F_7_stageii.npz,4.0,0.0,1.0,429,120.0,3.566666666666667,6
view0__BMLmovi__Subject_54_F_MoSh__Subject_54_F_8,view0,/bigdata/users/quansj/datasets/Doppler/wilddoppler/legacy/datasets/AMASS_SMPLX_2022/BMLmovi/Subject_54_F_MoSh/Subject_54_F_8_stageii.npz,4.0,0.0,1.0,585,120.0,4.866666666666666,8
view0__BMLmovi__Subject_54_F_MoSh__Subject_54_F_9,view0,/bigdata/users/quansj/datasets/Doppler/wilddoppler/legacy/datasets/AMASS_SMPLX_2022/BMLmovi/Subject_54_F_MoSh/Subject_54_F_9_stageii.npz,4.0,0.0,1.0,737,120.0,6.133333333333334,11
view0__BMLmovi__Subject_55_F_MoSh__Subject_55_F_10,view0,/bigdata/users/quansj/datasets/Doppler/wilddoppler/legacy/datasets/AMASS_SMPLX_2022/BMLmovi/Subject_55_F_MoSh/Subject_55_F_10_stageii.npz,4.0,0.0,1.0,437,120.0,3.6333333333333333,6
view0__BMLmovi__Subject_55_F_MoSh__Subject_55_F_11,view0,/bigdata/users/quansj/datasets/Doppler/wilddoppler/legacy/datasets/AMASS_SMPLX_2022/BMLmovi/Subject_55_F_MoSh/Subject_55_F_11_stageii.npz,4.0,0.0,1.0,917,120.0,7.633333333333334,14
view0__BMLmovi__Subject_55_F_MoSh__Subject_55_F_12,view0,/bigdata/users/quansj/datasets/Doppler/wilddoppler/legacy/datasets/AMASS_SMPLX_2022/BMLmovi/Subject_55_F_MoSh/Subject_55_F_12_stageii.npz,4.0,0.0,1.0,441,120.0,3.6666666666666665,6
view0__BMLmovi__Subject_55_F_MoSh__Subject_55_F_13,view0,/bigdata/users/quansj/datasets/Doppler/wilddoppler/legacy/datasets/AMASS_SMPLX_2022/BMLmovi/Subject_55_F_MoSh/Subject_55_F_13_stageii.npz,4.0,0.0,1.0,497,120.0,4.133333333333334,7
view0__BMLmovi__Subject_55_F_MoSh__Subject_55_F_14,view0,/bigdata/users/quansj/datasets/Doppler/wilddoppler/legacy/datasets/AMASS_SMPLX_2022/BMLmovi/Subject_55_F_MoSh/Subject_55_F_14_stageii.npz,4.0,0.0,1.0,649,120.0,5.4,9
view0__BMLmovi__Subject_55_F_MoSh__Subject_55_F_15,view0,/bigdata/users/quansj/datasets/Doppler/wilddoppler/legacy/datasets/AMASS_SMPLX_2022/BMLmovi/Subject_55_F_MoSh/Subject_55_F_15_stageii.npz,4.0,0.0,1.0,465,120.0,3.8666666666666667,6
view0__BMLmovi__Subject_55_F_MoSh__Subject_55_F_16,view0,/bigdata/users/quansj/datasets/Doppler/wilddoppler/legacy/datasets/AMASS_SMPLX_2022/BMLmovi/Subject_55_F_MoSh/Subject_55_F_16_stageii.npz,4.0,0.0,1.0,1457,120.0,12.133333333333333,23
view0__BMLmovi__Subject_55_F_MoSh__Subject_55_F_17,view0,/bigdata/users/quansj/datasets/Doppler/wilddoppler/legacy/datasets/AMASS_SMPLX_2022/BMLmovi/Subject_55_F_MoSh/Subject_55_F_17_stageii.npz,4.0,0.0,1.0,573,120.0,4.766666666666667,8
view0__BMLmovi__Subject_55_F_MoSh__Subject_55_F_18,view0,/bigdata/users/quansj/datasets/Doppler/wilddoppler/legacy/datasets/AMASS_SMPLX_2022/BMLmovi/Subject_55_F_MoSh/Subject_55_F_18_stageii.npz,4.0,0.0,1.0,1021,120.0,8.5,16
view0__BMLmovi__Subject_55_F_MoSh__Subject_55_F_19,view0,/bigdata/users/quansj/datasets/Doppler/wilddoppler/legacy/datasets/AMASS_SMPLX_2022/BMLmovi/Subject_55_F_MoSh/Subject_55_F_19_stageii.npz,4.0,0.0,1.0,573,120.0,4.766666666666667,8
view0__BMLmovi__Subject_55_F_MoSh__Subject_55_F_1,view0,/bigdata/users/quansj/datasets/Doppler/wilddoppler/legacy/datasets/AMASS_SMPLX_2022/BMLmovi/Subject_55_F_MoSh/Subject_55_F_1_stageii.npz,4.0,0.0,1.0,733,120.0,6.1,11
view0__BMLmovi__Subject_55_F_MoSh__Subject_55_F_20,view0,/bigdata/users/quansj/datasets/Doppler/wilddoppler/legacy/datasets/AMASS_SMPLX_2022/BMLmovi/Subject_55_F_MoSh/Subject_55_F_20_stageii.npz,4.0,0.0,1.0,913,120.0,7.6,14
view0__BMLmovi__Subject_55_F_MoSh__Subject_55_F_21,view0,/bigdata/users/quansj/datasets/Doppler/wilddoppler/legacy/datasets/AMASS_SMPLX_2022/BMLmovi/Subject_55_F_MoSh/Subject_55_F_21_stageii.npz,4.0,0.0,1.0,993,120.0,8.266666666666667,15
view0__BMLmovi__Subject_55_F_MoSh__Subject_55_F_2,view0,/bigdata/users/quansj/datasets/Doppler/wilddoppler/legacy/datasets/AMASS_SMPLX_2022/BMLmovi/Subject_55_F_MoSh/Subject_55_F_2_stageii.npz,4.0,0.0,1.0,449,120.0,3.7333333333333334,6
view0__BMLmovi__Subject_55_F_MoSh__Subject_55_F_3,view0,/bigdata/users/quansj/datasets/Doppler/wilddoppler/legacy/datasets/AMASS_SMPLX_2022/BMLmovi/Subject_55_F_MoSh/Subject_55_F_3_stageii.npz,4.0,0.0,1.0,437,120.0,3.6333333333333333,6
view0__BMLmovi__Subject_55_F_MoSh__Subject_55_F_4,view0,/bigdata/users/quansj/datasets/Doppler/wilddoppler/legacy/datasets/AMASS_SMPLX_2022/BMLmovi/Subject_55_F_MoSh/Subject_55_F_4_stageii.npz,4.0,0.0,1.0,437,120.0,3.6333333333333333,6
view0__BMLmovi__Subject_55_F_MoSh__Subject_55_F_5,view0,/bigdata/users/quansj/datasets/Doppler/wilddoppler/legacy/datasets/AMASS_SMPLX_2022/BMLmovi/Subject_55_F_MoSh/Subject_55_F_5_stageii.npz,4.0,0.0,1.0,573,120.0,4.766666666666667,8
view0__BMLmovi__Subject_55_F_MoSh__Subject_55_F_6,view0,/bigdata/users/quansj/datasets/Doppler/wilddoppler/legacy/datasets/AMASS_SMPLX_2022/BMLmovi/Subject_55_F_MoSh/Subject_55_F_6_stageii.npz,4.0,0.0,1.0,769,120.0,6.4,11
view0__BMLmovi__Subject_55_F_MoSh__Subject_55_F_7,view0,/bigdata/users/quansj/datasets/Doppler/wilddoppler/legacy/datasets/AMASS_SMPLX_2022/BMLmovi/Subject_55_F_MoSh/Subject_55_F_7_stageii.npz,4.0,0.0,1.0,1233,120.0,10.266666666666667,19
view0__BMLmovi__Subject_55_F_MoSh__Subject_55_F_8,view0,/bigdata/users/quansj/datasets/Doppler/wilddoppler/legacy/datasets/AMASS_SMPLX_2022/BMLmovi/Subject_55_F_MoSh/Subject_55_F_8_stageii.npz,4.0,0.0,1.0,913,120.0,7.6,14
view0__BMLmovi__Subject_55_F_MoSh__Subject_55_F_9,view0,/bigdata/users/quansj/datasets/Doppler/wilddoppler/legacy/datasets/AMASS_SMPLX_2022/BMLmovi/Subject_55_F_MoSh/Subject_55_F_9_stageii.npz,4.0,0.0,1.0,633,120.0,5.266666666666667,9
view0__BMLmovi__Subject_56_F_MoSh__Subject_56_F_10,view0,/bigdata/users/quansj/datasets/Doppler/wilddoppler/legacy/datasets/AMASS_SMPLX_2022/BMLmovi/Subject_56_F_MoSh/Subject_56_F_10_stageii.npz,4.0,0.0,1.0,417,120.0,3.466666666666667,5
view0__BMLmovi__Subject_56_F_MoSh__Subject_56_F_11,view0,/bigdata/users/quansj/datasets/Doppler/wilddoppler/legacy/datasets/AMASS_SMPLX_2022/BMLmovi/Subject_56_F_MoSh/Subject_56_F_11_stageii.npz,4.0,0.0,1.0,441,120.0,3.6666666666666665,6
view0__BMLmovi__Subject_56_F_MoSh__Subject_56_F_12,view0,/bigdata/users/quansj/datasets/Doppler/wilddoppler/legacy/datasets/AMASS_SMPLX_2022/BMLmovi/Subject_56_F_MoSh/Subject_56_F_12_stageii.npz,4.0,0.0,1.0,1177,120.0,9.8,18
view0__BMLmovi__Subject_56_F_MoSh__Subject_56_F_13,view0,/bigdata/users/quansj/datasets/Doppler/wilddoppler/legacy/datasets/AMASS_SMPLX_2022/BMLmovi/Subject_56_F_MoSh/Subject_56_F_13_stageii.npz,4.0,0.0,1.0,1177,120.0,9.8,18
view0__BMLmovi__Subject_56_F_MoSh__Subject_56_F_14,view0,/bigdata/users/quansj/datasets/Doppler/wilddoppler/legacy/datasets/AMASS_SMPLX_2022/BMLmovi/Subject_56_F_MoSh/Subject_56_F_14_stageii.npz,4.0,0.0,1.0,477,120.0,3.966666666666667,6
view0__BMLmovi__Subject_56_F_MoSh__Subject_56_F_15,view0,/bigdata/users/quansj/datasets/Doppler/wilddoppler/legacy/datasets/AMASS_SMPLX_2022/BMLmovi/Subject_56_F_MoSh/Subject_56_F_15_stageii.npz,4.0,0.0,1.0,853,120.0,7.1,13
view0__BMLmovi__Subject_56_F_MoSh__Subject_56_F_16,view0,/bigdata/users/quansj/datasets/Doppler/wilddoppler/legacy/datasets/AMASS_SMPLX_2022/BMLmovi/Subject_56_F_MoSh/Subject_56_F_16_stageii.npz,4.0,0.0,1.0,481,120.0,4.0,7
view0__BMLmovi__Subject_56_F_MoSh__Subject_56_F_17,view0,/bigdata/users/quansj/datasets/Doppler/wilddoppler/legacy/datasets/AMASS_SMPLX_2022/BMLmovi/Subject_56_F_MoSh/Subject_56_F_17_stageii.npz,4.0,0.0,1.0,1029,120.0,8.566666666666666,16
view0__BMLmovi__Subject_56_F_MoSh__Subject_56_F_18,view0,/bigdata/users/quansj/datasets/Doppler/wilddoppler/legacy/datasets/AMASS_SMPLX_2022/BMLmovi/Subject_56_F_MoSh/Subject_56_F_18_stageii.npz,4.0,0.0,1.0,757,120.0,6.3,11
view0__BMLmovi__Subject_56_F_MoSh__Subject_56_F_19,view0,/bigdata/users/quansj/datasets/Doppler/wilddoppler/legacy/datasets/AMASS_SMPLX_2022/BMLmovi/Subject_56_F_MoSh/Subject_56_F_19_stageii.npz,4.0,0.0,1.0,873,120.0,7.266666666666667,13
view0__BMLmovi__Subject_56_F_MoSh__Subject_56_F_1,view0,/bigdata/users/quansj/datasets/Doppler/wilddoppler/legacy/datasets/AMASS_SMPLX_2022/BMLmovi/Subject_56_F_MoSh/Subject_56_F_1_stageii.npz,4.0,0.0,1.0,477,120.0,3.966666666666667,6
view0__BMLmovi__Subject_56_F_MoSh__Subject_56_F_20,view0,/bigdata/users/quansj/datasets/Doppler/wilddoppler/legacy/datasets/AMASS_SMPLX_2022/BMLmovi/Subject_56_F_MoSh/Subject_56_F_20_stageii.npz,4.0,0.0,1.0,849,120.0,7.066666666666666,13
view0__BMLmovi__Subject_56_F_MoSh__Subject_56_F_21,view0,/bigdata/users/quansj/datasets/Doppler/wilddoppler/legacy/datasets/AMASS_SMPLX_2022/BMLmovi/Subject_56_F_MoSh/Subject_56_F_21_stageii.npz,4.0,0.0,1.0,541,120.0,4.5,8
view0__BMLmovi__Subject_56_F_MoSh__Subject_56_F_2,view0,/bigdata/users/quansj/datasets/Doppler/wilddoppler/legacy/datasets/AMASS_SMPLX_2022/BMLmovi/Subject_56_F_MoSh/Subject_56_F_2_stageii.npz,4.0,0.0,1.0,453,120.0,3.7666666666666666,6
view0__BMLmovi__Subject_56_F_MoSh__Subject_56_F_3,view0,/bigdata/users/quansj/datasets/Doppler/wilddoppler/legacy/datasets/AMASS_SMPLX_2022/BMLmovi/Subject_56_F_MoSh/Subject_56_F_3_stageii.npz,4.0,0.0,1.0,493,120.0,4.1,7
view0__BMLmovi__Subject_56_F_MoSh__Subject_56_F_4,view0,/bigdata/users/quansj/datasets/Doppler/wilddoppler/legacy/datasets/AMASS_SMPLX_2022/BMLmovi/Subject_56_F_MoSh/Subject_56_F_4_stageii.npz,4.0,0.0,1.0,765,120.0,6.366666666666666,11
view0__BMLmovi__Subject_56_F_MoSh__Subject_56_F_5,view0,/bigdata/users/quansj/datasets/Doppler/wilddoppler/legacy/datasets/AMASS_SMPLX_2022/BMLmovi/Subject_56_F_MoSh/Subject_56_F_5_stageii.npz,4.0,0.0,1.0,465,120.0,3.8666666666666667,6
view0__BMLmovi__Subject_56_F_MoSh__Subject_56_F_6,view0,/bigdata/users/quansj/datasets/Doppler/wilddoppler/legacy/datasets/AMASS_SMPLX_2022/BMLmovi/Subject_56_F_MoSh/Subject_56_F_6_stageii.npz,4.0,0.0,1.0,365,120.0,3.033333333333333,5
view0__BMLmovi__Subject_56_F_MoSh__Subject_56_F_7,view0,/bigdata/users/quansj/datasets/Doppler/wilddoppler/legacy/datasets/AMASS_SMPLX_2022/BMLmovi/Subject_56_F_MoSh/Subject_56_F_7_stageii.npz,4.0,0.0,1.0,549,120.0,4.566666666666666,8
view0__BMLmovi__Subject_56_F_MoSh__Subject_56_F_8,view0,/bigdata/users/quansj/datasets/Doppler/wilddoppler/legacy/datasets/AMASS_SMPLX_2022/BMLmovi/Subject_56_F_MoSh/Subject_56_F_8_stageii.npz,4.0,0.0,1.0,1089,120.0,9.066666666666666,17
view0__BMLmovi__Subject_56_F_MoSh__Subject_56_F_9,view0,/bigdata/users/quansj/datasets/Doppler/wilddoppler/legacy/datasets/AMASS_SMPLX_2022/BMLmovi/Subject_56_F_MoSh/Subject_56_F_9_stageii.npz,4.0,0.0,1.0,497,120.0,4.133333333333334,7
view0__BMLmovi__Subject_57_F_MoSh__Subject_57_F_10,view0,/bigdata/users/quansj/datasets/Doppler/wilddoppler/legacy/datasets/AMASS_SMPLX_2022/BMLmovi/Subject_57_F_MoSh/Subject_57_F_10_stageii.npz,4.0,0.0,1.0,1253,120.0,10.433333333333334,19
view0__BMLmovi__Subject_57_F_MoSh__Subject_57_F_11,view0,/bigdata/users/quansj/datasets/Doppler/wilddoppler/legacy/datasets/AMASS_SMPLX_2022/BMLmovi/Subject_57_F_MoSh/Subject_57_F_11_stageii.npz,4.0,0.0,1.0,433,120.0,3.6,6
view0__BMLmovi__Subject_57_F_MoSh__Subject_57_F_12,view0,/bigdata/users/quansj/datasets/Doppler/wilddoppler/legacy/datasets/AMASS_SMPLX_2022/BMLmovi/Subject_57_F_MoSh/Subject_57_F_12_stageii.npz,4.0,0.0,1.0,585,120.0,4.866666666666666,8
view0__BMLmovi__Subject_57_F_MoSh__Subject_57_F_13,view0,/bigdata/users/quansj/datasets/Doppler/wilddoppler/legacy/datasets/AMASS_SMPLX_2022/BMLmovi/Subject_57_F_MoSh/Subject_57_F_13_stageii.npz,4.0,0.0,1.0,501,120.0,4.166666666666667,7
view0__BMLmovi__Subject_57_F_MoSh__Subject_57_F_14,view0,/bigdata/users/quansj/datasets/Doppler/wilddoppler/legacy/datasets/AMASS_SMPLX_2022/BMLmovi/Subject_57_F_MoSh/Subject_57_F_14_stageii.npz,4.0,0.0,1.0,1385,120.0,11.533333333333333,22
view0__BMLmovi__Subject_57_F_MoSh__Subject_57_F_15,view0,/bigdata/users/quansj/datasets/Doppler/wilddoppler/legacy/datasets/AMASS_SMPLX_2022/BMLmovi/Subject_57_F_MoSh/Subject_57_F_15_stageii.npz,4.0,0.0,1.0,545,120.0,4.533333333333333,8
view0__BMLmovi__Subject_57_F_MoSh__Subject_57_F_16,view0,/bigdata/users/quansj/datasets/Doppler/wilddoppler/legacy/datasets/AMASS_SMPLX_2022/BMLmovi/Subject_57_F_MoSh/Subject_57_F_16_stageii.npz,4.0,0.0,1.0,613,120.0,5.1,9
view0__BMLmovi__Subject_57_F_MoSh__Subject_57_F_17,view0,/bigdata/users/quansj/datasets/Doppler/wilddoppler/legacy/datasets/AMASS_SMPLX_2022/BMLmovi/Subject_57_F_MoSh/Subject_57_F_17_stageii.npz,4.0,0.0,1.0,565,120.0,4.7,8
view0__BMLmovi__Subject_57_F_MoSh__Subject_57_F_18,view0,/bigdata/users/quansj/datasets/Doppler/wilddoppler/legacy/datasets/AMASS_SMPLX_2022/BMLmovi/Subject_57_F_MoSh/Subject_57_F_18_stageii.npz,4.0,0.0,1.0,549,120.0,4.566666666666666,8
view0__BMLmovi__Subject_57_F_MoSh__Subject_57_F_19,view0,/bigdata/users/quansj/datasets/Doppler/wilddoppler/legacy/datasets/AMASS_SMPLX_2022/BMLmovi/Subject_57_F_MoSh/Subject_57_F_19_stageii.npz,4.0,0.0,1.0,609,120.0,5.066666666666666,9
view0__BMLmovi__Subject_57_F_MoSh__Subject_57_F_1,view0,/bigdata/users/quansj/datasets/Doppler/wilddoppler/legacy/datasets/AMASS_SMPLX_2022/BMLmovi/Subject_57_F_MoSh/Subject_57_F_1_stageii.npz,4.0,0.0,1.0,529,120.0,4.4,7
view0__BMLmovi__Subject_57_F_MoSh__Subject_57_F_20,view0,/bigdata/users/quansj/datasets/Doppler/wilddoppler/legacy/datasets/AMASS_SMPLX_2022/BMLmovi/Subject_57_F_MoSh/Subject_57_F_20_stageii.npz,4.0,0.0,1.0,777,120.0,6.466666666666667,11
view0__BMLmovi__Subject_57_F_MoSh__Subject_57_F_21,view0,/bigdata/users/quansj/datasets/Doppler/wilddoppler/legacy/datasets/AMASS_SMPLX_2022/BMLmovi/Subject_57_F_MoSh/Subject_57_F_21_stageii.npz,4.0,0.0,1.0,597,120.0,4.966666666666667,8
view0__BMLmovi__Subject_57_F_MoSh__Subject_57_F_2,view0,/bigdata/users/quansj/datasets/Doppler/wilddoppler/legacy/datasets/AMASS_SMPLX_2022/BMLmovi/Subject_57_F_MoSh/Subject_57_F_2_stageii.npz,4.0,0.0,1.0,633,120.0,5.266666666666667,9
view0__BMLmovi__Subject_57_F_MoSh__Subject_57_F_3,view0,/bigdata/users/quansj/datasets/Doppler/wilddoppler/legacy/datasets/AMASS_SMPLX_2022/BMLmovi/Subject_57_F_MoSh/Subject_57_F_3_stageii.npz,4.0,0.0,1.0,1129,120.0,9.4,17
view0__BMLmovi__Subject_57_F_MoSh__Subject_57_F_4,view0,/bigdata/users/quansj/datasets/Doppler/wilddoppler/legacy/datasets/AMASS_SMPLX_2022/BMLmovi/Subject_57_F_MoSh/Subject_57_F_4_stageii.npz,4.0,0.0,1.0,1189,120.0,9.9,18
view0__BMLmovi__Subject_57_F_MoSh__Subject_57_F_5,view0,/bigdata/users/quansj/datasets/Doppler/wilddoppler/legacy/datasets/AMASS_SMPLX_2022/BMLmovi/Subject_57_F_MoSh/Subject_57_F_5_stageii.npz,4.0,0.0,1.0,1405,120.0,11.7,22
view0__BMLmovi__Subject_57_F_MoSh__Subject_57_F_6,view0,/bigdata/users/quansj/datasets/Doppler/wilddoppler/legacy/datasets/AMASS_SMPLX_2022/BMLmovi/Subject_57_F_MoSh/Subject_57_F_6_stageii.npz,4.0,0.0,1.0,721,120.0,6.0,11
view0__BMLmovi__Subject_57_F_MoSh__Subject_57_F_7,view0,/bigdata/users/quansj/datasets/Doppler/wilddoppler/legacy/datasets/AMASS_SMPLX_2022/BMLmovi/Subject_57_F_MoSh/Subject_57_F_7_stageii.npz,4.0,0.0,1.0,1689,120.0,14.066666666666666,27
view0__BMLmovi__Subject_57_F_MoSh__Subject_57_F_9,view0,/bigdata/users/quansj/datasets/Doppler/wilddoppler/legacy/datasets/AMASS_SMPLX_2022/BMLmovi/Subject_57_F_MoSh/Subject_57_F_9_stageii.npz,4.0,0.0,1.0,941,120.0,7.833333333333333,14
view0__BMLmovi__Subject_58_F_MoSh__Subject_58_F_10,view0,/bigdata/users/quansj/datasets/Doppler/wilddoppler/legacy/datasets/AMASS_SMPLX_2022/BMLmovi/Subject_58_F_MoSh/Subject_58_F_10_stageii.npz,4.0,0.0,1.0,1093,120.0,9.1,17
view0__BMLmovi__Subject_58_F_MoSh__Subject_58_F_11,view0,/bigdata/users/quansj/datasets/Doppler/wilddoppler/legacy/datasets/AMASS_SMPLX_2022/BMLmovi/Subject_58_F_MoSh/Subject_58_F_11_stageii.npz,4.0,0.0,1.0,481,120.0,4.0,7
view0__BMLmovi__Subject_58_F_MoSh__Subject_58_F_12,view0,/bigdata/users/quansj/datasets/Doppler/wilddoppler/legacy/datasets/AMASS_SMPLX_2022/BMLmovi/Subject_58_F_MoSh/Subject_58_F_12_stageii.npz,4.0,0.0,1.0,513,120.0,4.266666666666667,7
view0__BMLmovi__Subject_58_F_MoSh__Subject_58_F_13,view0,/bigdata/users/quansj/datasets/Doppler/wilddoppler/legacy/datasets/AMASS_SMPLX_2022/BMLmovi/Subject_58_F_MoSh/Subject_58_F_13_stageii.npz,4.0,0.0,1.0,1129,120.0,9.4,17
view0__BMLmovi__Subject_58_F_MoSh__Subject_58_F_14,view0,/bigdata/users/quansj/datasets/Doppler/wilddoppler/legacy/datasets/AMASS_SMPLX_2022/BMLmovi/Subject_58_F_MoSh/Subject_58_F_14_stageii.npz,4.0,0.0,1.0,505,120.0,4.2,7
view0__BMLmovi__Subject_58_F_MoSh__Subject_58_F_15,view0,/bigdata/users/quansj/datasets/Doppler/wilddoppler/legacy/datasets/AMASS_SMPLX_2022/BMLmovi/Subject_58_F_MoSh/Subject_58_F_15_stageii.npz,4.0,0.0,1.0,549,120.0,4.566666666666666,8
view0__BMLmovi__Subject_58_F_MoSh__Subject_58_F_16,view0,/bigdata/users/quansj/datasets/Doppler/wilddoppler/legacy/datasets/AMASS_SMPLX_2022/BMLmovi/Subject_58_F_MoSh/Subject_58_F_16_stageii.npz,4.0,0.0,1.0,1325,120.0,11.033333333333333,21
view0__BMLmovi__Subject_58_F_MoSh__Subject_58_F_17,view0,/bigdata/users/quansj/datasets/Doppler/wilddoppler/legacy/datasets/AMASS_SMPLX_2022/BMLmovi/Subject_58_F_MoSh/Subject_58_F_17_stageii.npz,4.0,0.0,1.0,709,120.0,5.9,10
view0__BMLmovi__Subject_58_F_MoSh__Subject_58_F_18,view0,/bigdata/users/quansj/datasets/Doppler/wilddoppler/legacy/datasets/AMASS_SMPLX_2022/BMLmovi/Subject_58_F_MoSh/Subject_58_F_18_stageii.npz,4.0,0.0,1.0,353,120.0,2.933333333333333,4
view0__BMLmovi__Subject_58_F_MoSh__Subject_58_F_19,view0,/bigdata/users/quansj/datasets/Doppler/wilddoppler/legacy/datasets/AMASS_SMPLX_2022/BMLmovi/Subject_58_F_MoSh/Subject_58_F_19_stageii.npz,4.0,0.0,1.0,713,120.0,5.933333333333334,10
view0__BMLmovi__Subject_58_F_MoSh__Subject_58_F_1,view0,/bigdata/users/quansj/datasets/Doppler/wilddoppler/legacy/datasets/AMASS_SMPLX_2022/BMLmovi/Subject_58_F_MoSh/Subject_58_F_1_stageii.npz,4.0,0.0,1.0,653,120.0,5.433333333333334,9
view0__BMLmovi__Subject_58_F_MoSh__Subject_58_F_20,view0,/bigdata/users/quansj/datasets/Doppler/wilddoppler/legacy/datasets/AMASS_SMPLX_2022/BMLmovi/Subject_58_F_MoSh/Subject_58_F_20_stageii.npz,4.0,0.0,1.0,449,120.0,3.7333333333333334,6
view0__BMLmovi__Subject_58_F_MoSh__Subject_58_F_21,view0,/bigdata/users/quansj/datasets/Doppler/wilddoppler/legacy/datasets/AMASS_SMPLX_2022/BMLmovi/Subject_58_F_MoSh/Subject_58_F_21_stageii.npz,4.0,0.0,1.0,725,120.0,6.033333333333333,11
view0__BMLmovi__Subject_58_F_MoSh__Subject_58_F_2,view0,/bigdata/users/quansj/datasets/Doppler/wilddoppler/legacy/datasets/AMASS_SMPLX_2022/BMLmovi/Subject_58_F_MoSh/Subject_58_F_2_stageii.npz,4.0,0.0,1.0,957,120.0,7.966666666666667,14
view0__BMLmovi__Subject_58_F_MoSh__Subject_58_F_3,view0,/bigdata/users/quansj/datasets/Doppler/wilddoppler/legacy/datasets/AMASS_SMPLX_2022/BMLmovi/Subject_58_F_MoSh/Subject_58_F_3_stageii.npz,4.0,0.0,1.0,1141,120.0,9.5,18
view0__BMLmovi__Subject_58_F_MoSh__Subject_58_F_4,view0,/bigdata/users/quansj/datasets/Doppler/wilddoppler/legacy/datasets/AMASS_SMPLX_2022/BMLmovi/Subject_58_F_MoSh/Subject_58_F_4_stageii.npz,4.0,0.0,1.0,1245,120.0,10.366666666666667,19
view0__BMLmovi__Subject_58_F_MoSh__Subject_58_F_5,view0,/bigdata/users/quansj/datasets/Doppler/wilddoppler/legacy/datasets/AMASS_SMPLX_2022/BMLmovi/Subject_58_F_MoSh/Subject_58_F_5_stageii.npz,4.0,0.0,1.0,1701,120.0,14.166666666666666,27
view0__BMLmovi__Subject_58_F_MoSh__Subject_58_F_6,view0,/bigdata/users/quansj/datasets/Doppler/wilddoppler/legacy/datasets/AMASS_SMPLX_2022/BMLmovi/Subject_58_F_MoSh/Subject_58_F_6_stageii.npz,4.0,0.0,1.0,1097,120.0,9.133333333333333,17
view0__BMLmovi__Subject_58_F_MoSh__Subject_58_F_7,view0,/bigdata/users/quansj/datasets/Doppler/wilddoppler/legacy/datasets/AMASS_SMPLX_2022/BMLmovi/Subject_58_F_MoSh/Subject_58_F_7_stageii.npz,4.0,0.0,1.0,985,120.0,8.2,15
view0__BMLmovi__Subject_58_F_MoSh__Subject_58_F_8,view0,/bigdata/users/quansj/datasets/Doppler/wilddoppler/legacy/datasets/AMASS_SMPLX_2022/BMLmovi/Subject_58_F_MoSh/Subject_58_F_8_stageii.npz,4.0,0.0,1.0,865,120.0,7.2,13
view0__BMLmovi__Subject_58_F_MoSh__Subject_58_F_9,view0,/bigdata/users/quansj/datasets/Doppler/wilddoppler/legacy/datasets/AMASS_SMPLX_2022/BMLmovi/Subject_58_F_MoSh/Subject_58_F_9_stageii.npz,4.0,0.0,1.0,429,120.0,3.566666666666667,6
view0__BMLmovi__Subject_59_F_MoSh__Subject_59_F_10,view0,/bigdata/users/quansj/datasets/Doppler/wilddoppler/legacy/datasets/AMASS_SMPLX_2022/BMLmovi/Subject_59_F_MoSh/Subject_59_F_10_stageii.npz,4.0,0.0,1.0,897,120.0,7.466666666666667,13
view0__BMLmovi__Subject_59_F_MoSh__Subject_59_F_11,view0,/bigdata/users/quansj/datasets/Doppler/wilddoppler/legacy/datasets/AMASS_SMPLX_2022/BMLmovi/Subject_59_F_MoSh/Subject_59_F_11_stageii.npz,4.0,0.0,1.0,529,120.0,4.4,7
view0__BMLmovi__Subject_59_F_MoSh__Subject_59_F_12,view0,/bigdata/users/quansj/datasets/Doppler/wilddoppler/legacy/datasets/AMASS_SMPLX_2022/BMLmovi/Subject_59_F_MoSh/Subject_59_F_12_stageii.npz,4.0,0.0,1.0,757,120.0,6.3,11
view0__BMLmovi__Subject_59_F_MoSh__Subject_59_F_13,view0,/bigdata/users/quansj/datasets/Doppler/wilddoppler/legacy/datasets/AMASS_SMPLX_2022/BMLmovi/Subject_59_F_MoSh/Subject_59_F_13_stageii.npz,4.0,0.0,1.0,1177,120.0,9.8,18
view0__BMLmovi__Subject_59_F_MoSh__Subject_59_F_14,view0,/bigdata/users/quansj/datasets/Doppler/wilddoppler/legacy/datasets/AMASS_SMPLX_2022/BMLmovi/Subject_59_F_MoSh/Subject_59_F_14_stageii.npz,4.0,0.0,1.0,981,120.0,8.166666666666666,15
view0__BMLmovi__Subject_59_F_MoSh__Subject_59_F_15,view0,/bigdata/users/quansj/datasets/Doppler/wilddoppler/legacy/datasets/AMASS_SMPLX_2022/BMLmovi/Subject_59_F_MoSh/Subject_59_F_15_stageii.npz,4.0,0.0,1.0,529,120.0,4.4,7
view0__BMLmovi__Subject_59_F_MoSh__Subject_59_F_16,view0,/bigdata/users/quansj/datasets/Doppler/wilddoppler/legacy/datasets/AMASS_SMPLX_2022/BMLmovi/Subject_59_F_MoSh/Subject_59_F_16_stageii.npz,4.0,0.0,1.0,373,120.0,3.1,5
view0__BMLmovi__Subject_59_F_MoSh__Subject_59_F_17,view0,/bigdata/users/quansj/datasets/Doppler/wilddoppler/legacy/datasets/AMASS_SMPLX_2022/BMLmovi/Subject_59_F_MoSh/Subject_59_F_17_stageii.npz,4.0,0.0,1.0,609,120.0,5.066666666666666,9
view0__BMLmovi__Subject_59_F_MoSh__Subject_59_F_18,view0,/bigdata/users/quansj/datasets/Doppler/wilddoppler/legacy/datasets/AMASS_SMPLX_2022/BMLmovi/Subject_59_F_MoSh/Subject_59_F_18_stageii.npz,4.0,0.0,1.0,625,120.0,5.2,9
view0__BMLmovi__Subject_59_F_MoSh__Subject_59_F_19,view0,/bigdata/users/quansj/datasets/Doppler/wilddoppler/legacy/datasets/AMASS_SMPLX_2022/BMLmovi/Subject_59_F_MoSh/Subject_59_F_19_stageii.npz,4.0,0.0,1.0,689,120.0,5.733333333333333,10
view0__BMLmovi__Subject_59_F_MoSh__Subject_59_F_1,view0,/bigdata/users/quansj/datasets/Doppler/wilddoppler/legacy/datasets/AMASS_SMPLX_2022/BMLmovi/Subject_59_F_MoSh/Subject_59_F_1_stageii.npz,4.0,0.0,1.0,1121,120.0,9.333333333333334,17
view0__BMLmovi__Subject_59_F_MoSh__Subject_59_F_20,view0,/bigdata/users/quansj/datasets/Doppler/wilddoppler/legacy/datasets/AMASS_SMPLX_2022/BMLmovi/Subject_59_F_MoSh/Subject_59_F_20_stageii.npz,4.0,0.0,1.0,569,120.0,4.733333333333333,8
view0__BMLmovi__Subject_59_F_MoSh__Subject_59_F_21,view0,/bigdata/users/quansj/datasets/Doppler/wilddoppler/legacy/datasets/AMASS_SMPLX_2022/BMLmovi/Subject_59_F_MoSh/Subject_59_F_21_stageii.npz,4.0,0.0,1.0,557,120.0,4.633333333333334,8
view0__BMLmovi__Subject_59_F_MoSh__Subject_59_F_2,view0,/bigdata/users/quansj/datasets/Doppler/wilddoppler/legacy/datasets/AMASS_SMPLX_2022/BMLmovi/Subject_59_F_MoSh/Subject_59_F_2_stageii.npz,4.0,0.0,1.0,873,120.0,7.266666666666667,13
view0__BMLmovi__Subject_59_F_MoSh__Subject_59_F_3,view0,/bigdata/users/quansj/datasets/Doppler/wilddoppler/legacy/datasets/AMASS_SMPLX_2022/BMLmovi/Subject_59_F_MoSh/Subject_59_F_3_stageii.npz,4.0,0.0,1.0,1157,120.0,9.633333333333333,18
view0__BMLmovi__Subject_59_F_MoSh__Subject_59_F_4,view0,/bigdata/users/quansj/datasets/Doppler/wilddoppler/legacy/datasets/AMASS_SMPLX_2022/BMLmovi/Subject_59_F_MoSh/Subject_59_F_4_stageii.npz,4.0,0.0,1.0,573,120.0,4.766666666666667,8
view0__BMLmovi__Subject_59_F_MoSh__Subject_59_F_5,view0,/bigdata/users/quansj/datasets/Doppler/wilddoppler/legacy/datasets/AMASS_SMPLX_2022/BMLmovi/Subject_59_F_MoSh/Subject_59_F_5_stageii.npz,4.0,0.0,1.0,493,120.0,4.1,7
view0__BMLmovi__Subject_59_F_MoSh__Subject_59_F_6,view0,/bigdata/users/quansj/datasets/Doppler/wilddoppler/legacy/datasets/AMASS_SMPLX_2022/BMLmovi/Subject_59_F_MoSh/Subject_59_F_6_stageii.npz,4.0,0.0,1.0,1641,120.0,13.666666666666666,26
view0__BMLmovi__Subject_59_F_MoSh__Subject_59_F_7,view0,/bigdata/users/quansj/datasets/Doppler/wilddoppler/legacy/datasets/AMASS_SMPLX_2022/BMLmovi/Subject_59_F_MoSh/Subject_59_F_7_stageii.npz,4.0,0.0,1.0,1441,120.0,12.0,23
view0__BMLmovi__Subject_59_F_MoSh__Subject_59_F_8,view0,/bigdata/users/quansj/datasets/Doppler/wilddoppler/legacy/datasets/AMASS_SMPLX_2022/BMLmovi/Subject_59_F_MoSh/Subject_59_F_8_stageii.npz,4.0,0.0,1.0,1485,120.0,12.366666666666667,23
view0__BMLmovi__Subject_59_F_MoSh__Subject_59_F_9,view0,/bigdata/users/quansj/datasets/Doppler/wilddoppler/legacy/datasets/AMASS_SMPLX_2022/BMLmovi/Subject_59_F_MoSh/Subject_59_F_9_stageii.npz,4.0,0.0,1.0,769,120.0,6.4,11
view0__BMLmovi__Subject_5_F_MoSh__Subject_5_F_10,view0,/bigdata/users/quansj/datasets/Doppler/wilddoppler/legacy/datasets/AMASS_SMPLX_2022/BMLmovi/Subject_5_F_MoSh/Subject_5_F_10_stageii.npz,4.0,0.0,1.0,357,120.0,2.966666666666667,4
view0__BMLmovi__Subject_5_F_MoSh__Subject_5_F_11,view0,/bigdata/users/quansj/datasets/Doppler/wilddoppler/legacy/datasets/AMASS_SMPLX_2022/BMLmovi/Subject_5_F_MoSh/Subject_5_F_11_stageii.npz,4.0,0.0,1.0,501,120.0,4.166666666666667,7
view0__BMLmovi__Subject_5_F_MoSh__Subject_5_F_12,view0,/bigdata/users/quansj/datasets/Doppler/wilddoppler/legacy/datasets/AMASS_SMPLX_2022/BMLmovi/Subject_5_F_MoSh/Subject_5_F_12_stageii.npz,4.0,0.0,1.0,553,120.0,4.6,8
view0__BMLmovi__Subject_5_F_MoSh__Subject_5_F_13,view0,/bigdata/users/quansj/datasets/Doppler/wilddoppler/legacy/datasets/AMASS_SMPLX_2022/BMLmovi/Subject_5_F_MoSh/Subject_5_F_13_stageii.npz,4.0,0.0,1.0,285,120.0,2.3666666666666667,3
view0__BMLmovi__Subject_5_F_MoSh__Subject_5_F_14,view0,/bigdata/users/quansj/datasets/Doppler/wilddoppler/legacy/datasets/AMASS_SMPLX_2022/BMLmovi/Subject_5_F_MoSh/Subject_5_F_14_stageii.npz,4.0,0.0,1.0,805,120.0,6.7,12
view0__BMLmovi__Subject_5_F_MoSh__Subject_5_F_15,view0,/bigdata/users/quansj/datasets/Doppler/wilddoppler/legacy/datasets/AMASS_SMPLX_2022/BMLmovi/Subject_5_F_MoSh/Subject_5_F_15_stageii.npz,4.0,0.0,1.0,257,120.0,2.1333333333333333,3
view0__BMLmovi__Subject_5_F_MoSh__Subject_5_F_16,view0,/bigdata/users/quansj/datasets/Doppler/wilddoppler/legacy/datasets/AMASS_SMPLX_2022/BMLmovi/Subject_5_F_MoSh/Subject_5_F_16_stageii.npz,4.0,0.0,1.0,933,120.0,7.766666666666667,14
view0__BMLmovi__Subject_5_F_MoSh__Subject_5_F_17,view0,/bigdata/users/quansj/datasets/Doppler/wilddoppler/legacy/datasets/AMASS_SMPLX_2022/BMLmovi/Subject_5_F_MoSh/Subject_5_F_17_stageii.npz,4.0,0.0,1.0,437,120.0,3.6333333333333333,6
view0__BMLmovi__Subject_5_F_MoSh__Subject_5_F_18,view0,/bigdata/users/quansj/datasets/Doppler/wilddoppler/legacy/datasets/AMASS_SMPLX_2022/BMLmovi/Subject_5_F_MoSh/Subject_5_F_18_stageii.npz,4.0,0.0,1.0,309,120.0,2.566666666666667,4
view0__BMLmovi__Subject_5_F_MoSh__Subject_5_F_19,view0,/bigdata/users/quansj/datasets/Doppler/wilddoppler/legacy/datasets/AMASS_SMPLX_2022/BMLmovi/Subject_5_F_MoSh/Subject_5_F_19_stageii.npz,4.0,0.0,1.0,433,120.0,3.6,6
view0__BMLmovi__Subject_5_F_MoSh__Subject_5_F_1,view0,/bigdata/users/quansj/datasets/Doppler/wilddoppler/legacy/datasets/AMASS_SMPLX_2022/BMLmovi/Subject_5_F_MoSh/Subject_5_F_1_stageii.npz,4.0,0.0,1.0,365,120.0,3.033333333333333,5
view0__BMLmovi__Subject_5_F_MoSh__Subject_5_F_20,view0,/bigdata/users/quansj/datasets/Doppler/wilddoppler/legacy/datasets/AMASS_SMPLX_2022/BMLmovi/Subject_5_F_MoSh/Subject_5_F_20_stageii.npz,4.0,0.0,1.0,477,120.0,3.966666666666667,6
view0__BMLmovi__Subject_5_F_MoSh__Subject_5_F_21,view0,/bigdata/users/quansj/datasets/Doppler/wilddoppler/legacy/datasets/AMASS_SMPLX_2022/BMLmovi/Subject_5_F_MoSh/Subject_5_F_21_stageii.npz,4.0,0.0,1.0,1085,120.0,9.033333333333333,17
view0__BMLmovi__Subject_5_F_MoSh__Subject_5_F_2,view0,/bigdata/users/quansj/datasets/Doppler/wilddoppler/legacy/datasets/AMASS_SMPLX_2022/BMLmovi/Subject_5_F_MoSh/Subject_5_F_2_stageii.npz,4.0,0.0,1.0,417,120.0,3.466666666666667,5
view0__BMLmovi__Subject_5_F_MoSh__Subject_5_F_3,view0,/bigdata/users/quansj/datasets/Doppler/wilddoppler/legacy/datasets/AMASS_SMPLX_2022/BMLmovi/Subject_5_F_MoSh/Subject_5_F_3_stageii.npz,4.0,0.0,1.0,257,120.0,2.1333333333333333,3
view0__BMLmovi__Subject_5_F_MoSh__Subject_5_F_4,view0,/bigdata/users/quansj/datasets/Doppler/wilddoppler/legacy/datasets/AMASS_SMPLX_2022/BMLmovi/Subject_5_F_MoSh/Subject_5_F_4_stageii.npz,4.0,0.0,1.0,337,120.0,2.8,4
view0__BMLmovi__Subject_5_F_MoSh__Subject_5_F_5,view0,/bigdata/users/quansj/datasets/Doppler/wilddoppler/legacy/datasets/AMASS_SMPLX_2022/BMLmovi/Subject_5_F_MoSh/Subject_5_F_5_stageii.npz,4.0,0.0,1.0,401,120.0,3.3333333333333335,5
view0__BMLmovi__Subject_5_F_MoSh__Subject_5_F_6,view0,/bigdata/users/quansj/datasets/Doppler/wilddoppler/legacy/datasets/AMASS_SMPLX_2022/BMLmovi/Subject_5_F_MoSh/Subject_5_F_6_stageii.npz,4.0,0.0,1.0,421,120.0,3.5,6
view0__BMLmovi__Subject_5_F_MoSh__Subject_5_F_7,view0,/bigdata/users/quansj/datasets/Doppler/wilddoppler/legacy/datasets/AMASS_SMPLX_2022/BMLmovi/Subject_5_F_MoSh/Subject_5_F_7_stageii.npz,4.0,0.0,1.0,769,120.0,6.4,11
view0__BMLmovi__Subject_5_F_MoSh__Subject_5_F_8,view0,/bigdata/users/quansj/datasets/Doppler/wilddoppler/legacy/datasets/AMASS_SMPLX_2022/BMLmovi/Subject_5_F_MoSh/Subject_5_F_8_stageii.npz,4.0,0.0,1.0,321,120.0,2.6666666666666665,4
view0__BMLmovi__Subject_5_F_MoSh__Subject_5_F_9,view0,/bigdata/users/quansj/datasets/Doppler/wilddoppler/legacy/datasets/AMASS_SMPLX_2022/BMLmovi/Subject_5_F_MoSh/Subject_5_F_9_stageii.npz,4.0,0.0,1.0,285,120.0,2.3666666666666667,3
view0__BMLmovi__Subject_60_F_MoSh__Subject_60_F_10,view0,/bigdata/users/quansj/datasets/Doppler/wilddoppler/legacy/datasets/AMASS_SMPLX_2022/BMLmovi/Subject_60_F_MoSh/Subject_60_F_10_stageii.npz,4.0,0.0,1.0,841,120.0,7.0,13
view0__BMLmovi__Subject_60_F_MoSh__Subject_60_F_11,view0,/bigdata/users/quansj/datasets/Doppler/wilddoppler/legacy/datasets/AMASS_SMPLX_2022/BMLmovi/Subject_60_F_MoSh/Subject_60_F_11_stageii.npz,4.0,0.0,1.0,533,120.0,4.433333333333334,7
view0__BMLmovi__Subject_60_F_MoSh__Subject_60_F_12,view0,/bigdata/users/quansj/datasets/Doppler/wilddoppler/legacy/datasets/AMASS_SMPLX_2022/BMLmovi/Subject_60_F_MoSh/Subject_60_F_12_stageii.npz,4.0,0.0,1.0,413,120.0,3.433333333333333,5
view0__BMLmovi__Subject_60_F_MoSh__Subject_60_F_13,view0,/bigdata/users/quansj/datasets/Doppler/wilddoppler/legacy/datasets/AMASS_SMPLX_2022/BMLmovi/Subject_60_F_MoSh/Subject_60_F_13_stageii.npz,4.0,0.0,1.0,1265,120.0,10.533333333333333,20
view0__BMLmovi__Subject_60_F_MoSh__Subject_60_F_14,view0,/bigdata/users/quansj/datasets/Doppler/wilddoppler/legacy/datasets/AMASS_SMPLX_2022/BMLmovi/Subject_60_F_MoSh/Subject_60_F_14_stageii.npz,4.0,0.0,1.0,457,120.0,3.8,6
view0__BMLmovi__Subject_60_F_MoSh__Subject_60_F_15,view0,/bigdata/users/quansj/datasets/Doppler/wilddoppler/legacy/datasets/AMASS_SMPLX_2022/BMLmovi/Subject_60_F_MoSh/Subject_60_F_15_stageii.npz,4.0,0.0,1.0,489,120.0,4.066666666666666,7
view0__BMLmovi__Subject_60_F_MoSh__Subject_60_F_16,view0,/bigdata/users/quansj/datasets/Doppler/wilddoppler/legacy/datasets/AMASS_SMPLX_2022/BMLmovi/Subject_60_F_MoSh/Subject_60_F_16_stageii.npz,4.0,0.0,1.0,945,120.0,7.866666666666666,14
view0__BMLmovi__Subject_60_F_MoSh__Subject_60_F_17,view0,/bigdata/users/quansj/datasets/Doppler/wilddoppler/legacy/datasets/AMASS_SMPLX_2022/BMLmovi/Subject_60_F_MoSh/Subject_60_F_17_stageii.npz,4.0,0.0,1.0,545,120.0,4.533333333333333,8
view0__BMLmovi__Subject_60_F_MoSh__Subject_60_F_18,view0,/bigdata/users/quansj/datasets/Doppler/wilddoppler/legacy/datasets/AMASS_SMPLX_2022/BMLmovi/Subject_60_F_MoSh/Subject_60_F_18_stageii.npz,4.0,0.0,1.0,513,120.0,4.266666666666667,7
view0__BMLmovi__Subject_60_F_MoSh__Subject_60_F_19,view0,/bigdata/users/quansj/datasets/Doppler/wilddoppler/legacy/datasets/AMASS_SMPLX_2022/BMLmovi/Subject_60_F_MoSh/Subject_60_F_19_stageii.npz,4.0,0.0,1.0,601,120.0,5.0,9
view0__BMLmovi__Subject_60_F_MoSh__Subject_60_F_1,view0,/bigdata/users/quansj/datasets/Doppler/wilddoppler/legacy/datasets/AMASS_SMPLX_2022/BMLmovi/Subject_60_F_MoSh/Subject_60_F_1_stageii.npz,4.0,0.0,1.0,1317,120.0,10.966666666666667,20
view0__BMLmovi__Subject_60_F_MoSh__Subject_60_F_20,view0,/bigdata/users/quansj/datasets/Doppler/wilddoppler/legacy/datasets/AMASS_SMPLX_2022/BMLmovi/Subject_60_F_MoSh/Subject_60_F_20_stageii.npz,4.0,0.0,1.0,1141,120.0,9.5,18
view0__BMLmovi__Subject_60_F_MoSh__Subject_60_F_21,view0,/bigdata/users/quansj/datasets/Doppler/wilddoppler/legacy/datasets/AMASS_SMPLX_2022/BMLmovi/Subject_60_F_MoSh/Subject_60_F_21_stageii.npz,4.0,0.0,1.0,613,120.0,5.1,9
view0__BMLmovi__Subject_60_F_MoSh__Subject_60_F_2,view0,/bigdata/users/quansj/datasets/Doppler/wilddoppler/legacy/datasets/AMASS_SMPLX_2022/BMLmovi/Subject_60_F_MoSh/Subject_60_F_2_stageii.npz,4.0,0.0,1.0,601,120.0,5.0,9
view0__BMLmovi__Subject_60_F_MoSh__Subject_60_F_3,view0,/bigdata/users/quansj/datasets/Doppler/wilddoppler/legacy/datasets/AMASS_SMPLX_2022/BMLmovi/Subject_60_F_MoSh/Subject_60_F_3_stageii.npz,4.0,0.0,1.0,529,120.0,4.4,7
view0__BMLmovi__Subject_60_F_MoSh__Subject_60_F_4,view0,/bigdata/users/quansj/datasets/Doppler/wilddoppler/legacy/datasets/AMASS_SMPLX_2022/BMLmovi/Subject_60_F_MoSh/Subject_60_F_4_stageii.npz,4.0,0.0,1.0,317,120.0,2.6333333333333333,4
view0__BMLmovi__Subject_60_F_MoSh__Subject_60_F_5,view0,/bigdata/users/quansj/datasets/Doppler/wilddoppler/legacy/datasets/AMASS_SMPLX_2022/BMLmovi/Subject_60_F_MoSh/Subject_60_F_5_stageii.npz,4.0,0.0,1.0,581,120.0,4.833333333333333,8
view0__BMLmovi__Subject_60_F_MoSh__Subject_60_F_6,view0,/bigdata/users/quansj/datasets/Doppler/wilddoppler/legacy/datasets/AMASS_SMPLX_2022/BMLmovi/Subject_60_F_MoSh/Subject_60_F_6_stageii.npz,4.0,0.0,1.0,1465,120.0,12.2,23
view0__BMLmovi__Subject_60_F_MoSh__Subject_60_F_7,view0,/bigdata/users/quansj/datasets/Doppler/wilddoppler/legacy/datasets/AMASS_SMPLX_2022/BMLmovi/Subject_60_F_MoSh/Subject_60_F_7_stageii.npz,4.0,0.0,1.0,501,120.0,4.166666666666667,7
view0__BMLmovi__Subject_60_F_MoSh__Subject_60_F_8,view0,/bigdata/users/quansj/datasets/Doppler/wilddoppler/legacy/datasets/AMASS_SMPLX_2022/BMLmovi/Subject_60_F_MoSh/Subject_60_F_8_stageii.npz,4.0,0.0,1.0,653,120.0,5.433333333333334,9
view0__BMLmovi__Subject_60_F_MoSh__Subject_60_F_9,view0,/bigdata/users/quansj/datasets/Doppler/wilddoppler/legacy/datasets/AMASS_SMPLX_2022/BMLmovi/Subject_60_F_MoSh/Subject_60_F_9_stageii.npz,4.0,0.0,1.0,465,120.0,3.8666666666666667,6
view0__BMLmovi__Subject_61_F_MoSh__Subject_61_F_10,view0,/bigdata/users/quansj/datasets/Doppler/wilddoppler/legacy/datasets/AMASS_SMPLX_2022/BMLmovi/Subject_61_F_MoSh/Subject_61_F_10_stageii.npz,4.0,0.0,1.0,1361,120.0,11.333333333333334,21
view0__BMLmovi__Subject_61_F_MoSh__Subject_61_F_11,view0,/bigdata/users/quansj/datasets/Doppler/wilddoppler/legacy/datasets/AMASS_SMPLX_2022/BMLmovi/Subject_61_F_MoSh/Subject_61_F_11_stageii.npz,4.0,0.0,1.0,1421,120.0,11.833333333333334,22
view0__BMLmovi__Subject_61_F_MoSh__Subject_61_F_12,view0,/bigdata/users/quansj/datasets/Doppler/wilddoppler/legacy/datasets/AMASS_SMPLX_2022/BMLmovi/Subject_61_F_MoSh/Subject_61_F_12_stageii.npz,4.0,0.0,1.0,749,120.0,6.233333333333333,11
view0__BMLmovi__Subject_61_F_MoSh__Subject_61_F_13,view0,/bigdata/users/quansj/datasets/Doppler/wilddoppler/legacy/datasets/AMASS_SMPLX_2022/BMLmovi/Subject_61_F_MoSh/Subject_61_F_13_stageii.npz,4.0,0.0,1.0,589,120.0,4.9,8
view0__BMLmovi__Subject_61_F_MoSh__Subject_61_F_14,view0,/bigdata/users/quansj/datasets/Doppler/wilddoppler/legacy/datasets/AMASS_SMPLX_2022/BMLmovi/Subject_61_F_MoSh/Subject_61_F_14_stageii.npz,4.0,0.0,1.0,465,120.0,3.8666666666666667,6
view0__BMLmovi__Subject_61_F_MoSh__Subject_61_F_15,view0,/bigdata/users/quansj/datasets/Doppler/wilddoppler/legacy/datasets/AMASS_SMPLX_2022/BMLmovi/Subject_61_F_MoSh/Subject_61_F_15_stageii.npz,4.0,0.0,1.0,465,120.0,3.8666666666666667,6
view0__BMLmovi__Subject_61_F_MoSh__Subject_61_F_16,view0,/bigdata/users/quansj/datasets/Doppler/wilddoppler/legacy/datasets/AMASS_SMPLX_2022/BMLmovi/Subject_61_F_MoSh/Subject_61_F_16_stageii.npz,4.0,0.0,1.0,581,120.0,4.833333333333333,8
view0__BMLmovi__Subject_61_F_MoSh__Subject_61_F_17,view0,/bigdata/users/quansj/datasets/Doppler/wilddoppler/legacy/datasets/AMASS_SMPLX_2022/BMLmovi/Subject_61_F_MoSh/Subject_61_F_17_stageii.npz,4.0,0.0,1.0,441,120.0,3.6666666666666665,6
view0__BMLmovi__Subject_61_F_MoSh__Subject_61_F_18,view0,/bigdata/users/quansj/datasets/Doppler/wilddoppler/legacy/datasets/AMASS_SMPLX_2022/BMLmovi/Subject_61_F_MoSh/Subject_61_F_18_stageii.npz,4.0,0.0,1.0,521,120.0,4.333333333333333,7
view0__BMLmovi__Subject_61_F_MoSh__Subject_61_F_19,view0,/bigdata/users/quansj/datasets/Doppler/wilddoppler/legacy/datasets/AMASS_SMPLX_2022/BMLmovi/Subject_61_F_MoSh/Subject_61_F_19_stageii.npz,4.0,0.0,1.0,1261,120.0,10.5,20
view0__BMLmovi__Subject_61_F_MoSh__Subject_61_F_1,view0,/bigdata/users/quansj/datasets/Doppler/wilddoppler/legacy/datasets/AMASS_SMPLX_2022/BMLmovi/Subject_61_F_MoSh/Subject_61_F_1_stageii.npz,4.0,0.0,1.0,621,120.0,5.166666666666667,9
view0__BMLmovi__Subject_61_F_MoSh__Subject_61_F_20,view0,/bigdata/users/quansj/datasets/Doppler/wilddoppler/legacy/datasets/AMASS_SMPLX_2022/BMLmovi/Subject_61_F_MoSh/Subject_61_F_20_stageii.npz,4.0,0.0,1.0,525,120.0,4.366666666666666,7
view0__BMLmovi__Subject_61_F_MoSh__Subject_61_F_21,view0,/bigdata/users/quansj/datasets/Doppler/wilddoppler/legacy/datasets/AMASS_SMPLX_2022/BMLmovi/Subject_61_F_MoSh/Subject_61_F_21_stageii.npz,4.0,0.0,1.0,513,120.0,4.266666666666667,7
view0__BMLmovi__Subject_61_F_MoSh__Subject_61_F_2,view0,/bigdata/users/quansj/datasets/Doppler/wilddoppler/legacy/datasets/AMASS_SMPLX_2022/BMLmovi/Subject_61_F_MoSh/Subject_61_F_2_stageii.npz,4.0,0.0,1.0,509,120.0,4.233333333333333,7
view0__BMLmovi__Subject_61_F_MoSh__Subject_61_F_3,view0,/bigdata/users/quansj/datasets/Doppler/wilddoppler/legacy/datasets/AMASS_SMPLX_2022/BMLmovi/Subject_61_F_MoSh/Subject_61_F_3_stageii.npz,4.0,0.0,1.0,2533,120.0,21.1,41
view0__BMLmovi__Subject_61_F_MoSh__Subject_61_F_4,view0,/bigdata/users/quansj/datasets/Doppler/wilddoppler/legacy/datasets/AMASS_SMPLX_2022/BMLmovi/Subject_61_F_MoSh/Subject_61_F_4_stageii.npz,4.0,0.0,1.0,545,120.0,4.533333333333333,8
view0__BMLmovi__Subject_61_F_MoSh__Subject_61_F_5,view0,/bigdata/users/quansj/datasets/Doppler/wilddoppler/legacy/datasets/AMASS_SMPLX_2022/BMLmovi/Subject_61_F_MoSh/Subject_61_F_5_stageii.npz,4.0,0.0,1.0,537,120.0,4.466666666666667,7
view0__BMLmovi__Subject_61_F_MoSh__Subject_61_F_6,view0,/bigdata/users/quansj/datasets/Doppler/wilddoppler/legacy/datasets/AMASS_SMPLX_2022/BMLmovi/Subject_61_F_MoSh/Subject_61_F_6_stageii.npz,4.0,0.0,1.0,497,120.0,4.133333333333334,7
view0__BMLmovi__Subject_61_F_MoSh__Subject_61_F_7,view0,/bigdata/users/quansj/datasets/Doppler/wilddoppler/legacy/datasets/AMASS_SMPLX_2022/BMLmovi/Subject_61_F_MoSh/Subject_61_F_7_stageii.npz,4.0,0.0,1.0,1245,120.0,10.366666666666667,19
view0__BMLmovi__Subject_61_F_MoSh__Subject_61_F_8,view0,/bigdata/users/quansj/datasets/Doppler/wilddoppler/legacy/datasets/AMASS_SMPLX_2022/BMLmovi/Subject_61_F_MoSh/Subject_61_F_8_stageii.npz,4.0,0.0,1.0,413,120.0,3.433333333333333,5
view0__BMLmovi__Subject_61_F_MoSh__Subject_61_F_9,view0,/bigdata/users/quansj/datasets/Doppler/wilddoppler/legacy/datasets/AMASS_SMPLX_2022/BMLmovi/Subject_61_F_MoSh/Subject_61_F_9_stageii.npz,4.0,0.0,1.0,921,120.0,7.666666666666667,14
view0__BMLmovi__Subject_62_F_MoSh__Subject_62_F_10,view0,/bigdata/users/quansj/datasets/Doppler/wilddoppler/legacy/datasets/AMASS_SMPLX_2022/BMLmovi/Subject_62_F_MoSh/Subject_62_F_10_stageii.npz,4.0,0.0,1.0,693,120.0,5.766666666666667,10
view0__BMLmovi__Subject_62_F_MoSh__Subject_62_F_11,view0,/bigdata/users/quansj/datasets/Doppler/wilddoppler/legacy/datasets/AMASS_SMPLX_2022/BMLmovi/Subject_62_F_MoSh/Subject_62_F_11_stageii.npz,4.0,0.0,1.0,609,120.0,5.066666666666666,9
view0__BMLmovi__Subject_62_F_MoSh__Subject_62_F_12,view0,/bigdata/users/quansj/datasets/Doppler/wilddoppler/legacy/datasets/AMASS_SMPLX_2022/BMLmovi/Subject_62_F_MoSh/Subject_62_F_12_stageii.npz,4.0,0.0,1.0,389,120.0,3.2333333333333334,5
view0__BMLmovi__Subject_62_F_MoSh__Subject_62_F_13,view0,/bigdata/users/quansj/datasets/Doppler/wilddoppler/legacy/datasets/AMASS_SMPLX_2022/BMLmovi/Subject_62_F_MoSh/Subject_62_F_13_stageii.npz,4.0,0.0,1.0,365,120.0,3.033333333333333,5
view0__BMLmovi__Subject_62_F_MoSh__Subject_62_F_14,view0,/bigdata/users/quansj/datasets/Doppler/wilddoppler/legacy/datasets/AMASS_SMPLX_2022/BMLmovi/Subject_62_F_MoSh/Subject_62_F_14_stageii.npz,4.0,0.0,1.0,469,120.0,3.9,6
view0__BMLmovi__Subject_62_F_MoSh__Subject_62_F_15,view0,/bigdata/users/quansj/datasets/Doppler/wilddoppler/legacy/datasets/AMASS_SMPLX_2022/BMLmovi/Subject_62_F_MoSh/Subject_62_F_15_stageii.npz,4.0,0.0,1.0,397,120.0,3.3,5
view0__BMLmovi__Subject_62_F_MoSh__Subject_62_F_16,view0,/bigdata/users/quansj/datasets/Doppler/wilddoppler/legacy/datasets/AMASS_SMPLX_2022/BMLmovi/Subject_62_F_MoSh/Subject_62_F_16_stageii.npz,4.0,0.0,1.0,1105,120.0,9.2,17
view0__BMLmovi__Subject_62_F_MoSh__Subject_62_F_17,view0,/bigdata/users/quansj/datasets/Doppler/wilddoppler/legacy/datasets/AMASS_SMPLX_2022/BMLmovi/Subject_62_F_MoSh/Subject_62_F_17_stageii.npz,4.0,0.0,1.0,825,120.0,6.866666666666666,12
view0__BMLmovi__Subject_62_F_MoSh__Subject_62_F_18,view0,/bigdata/users/quansj/datasets/Doppler/wilddoppler/legacy/datasets/AMASS_SMPLX_2022/BMLmovi/Subject_62_F_MoSh/Subject_62_F_18_stageii.npz,4.0,0.0,1.0,545,120.0,4.533333333333333,8
view0__BMLmovi__Subject_62_F_MoSh__Subject_62_F_19,view0,/bigdata/users/quansj/datasets/Doppler/wilddoppler/legacy/datasets/AMASS_SMPLX_2022/BMLmovi/Subject_62_F_MoSh/Subject_62_F_19_stageii.npz,4.0,0.0,1.0,989,120.0,8.233333333333333,15
view0__BMLmovi__Subject_62_F_MoSh__Subject_62_F_1,view0,/bigdata/users/quansj/datasets/Doppler/wilddoppler/legacy/datasets/AMASS_SMPLX_2022/BMLmovi/Subject_62_F_MoSh/Subject_62_F_1_stageii.npz,4.0,0.0,1.0,541,120.0,4.5,8
view0__BMLmovi__Subject_62_F_MoSh__Subject_62_F_20,view0,/bigdata/users/quansj/datasets/Doppler/wilddoppler/legacy/datasets/AMASS_SMPLX_2022/BMLmovi/Subject_62_F_MoSh/Subject_62_F_20_stageii.npz,4.0,0.0,1.0,1189,120.0,9.9,18
view0__BMLmovi__Subject_62_F_MoSh__Subject_62_F_21,view0,/bigdata/users/quansj/datasets/Doppler/wilddoppler/legacy/datasets/AMASS_SMPLX_2022/BMLmovi/Subject_62_F_MoSh/Subject_62_F_21_stageii.npz,4.0,0.0,1.0,429,120.0,3.566666666666667,6
view0__BMLmovi__Subject_62_F_MoSh__Subject_62_F_2,view0,/bigdata/users/quansj/datasets/Doppler/wilddoppler/legacy/datasets/AMASS_SMPLX_2022/BMLmovi/Subject_62_F_MoSh/Subject_62_F_2_stageii.npz,4.0,0.0,1.0,481,120.0,4.0,7
view0__BMLmovi__Subject_62_F_MoSh__Subject_62_F_3,view0,/bigdata/users/quansj/datasets/Doppler/wilddoppler/legacy/datasets/AMASS_SMPLX_2022/BMLmovi/Subject_62_F_MoSh/Subject_62_F_3_stageii.npz,4.0,0.0,1.0,577,120.0,4.8,8
view0__BMLmovi__Subject_62_F_MoSh__Subject_62_F_4,view0,/bigdata/users/quansj/datasets/Doppler/wilddoppler/legacy/datasets/AMASS_SMPLX_2022/BMLmovi/Subject_62_F_MoSh/Subject_62_F_4_stageii.npz,4.0,0.0,1.0,485,120.0,4.033333333333333,7
view0__BMLmovi__Subject_62_F_MoSh__Subject_62_F_5,view0,/bigdata/users/quansj/datasets/Doppler/wilddoppler/legacy/datasets/AMASS_SMPLX_2022/BMLmovi/Subject_62_F_MoSh/Subject_62_F_5_stageii.npz,4.0,0.0,1.0,1009,120.0,8.4,15
view0__BMLmovi__Subject_62_F_MoSh__Subject_62_F_6,view0,/bigdata/users/quansj/datasets/Doppler/wilddoppler/legacy/datasets/AMASS_SMPLX_2022/BMLmovi/Subject_62_F_MoSh/Subject_62_F_6_stageii.npz,4.0,0.0,1.0,1353,120.0,11.266666666666667,21
view0__BMLmovi__Subject_62_F_MoSh__Subject_62_F_7,view0,/bigdata/users/quansj/datasets/Doppler/wilddoppler/legacy/datasets/AMASS_SMPLX_2022/BMLmovi/Subject_62_F_MoSh/Subject_62_F_7_stageii.npz,4.0,0.0,1.0,473,120.0,3.933333333333333,6
view0__BMLmovi__Subject_62_F_MoSh__Subject_62_F_8,view0,/bigdata/users/quansj/datasets/Doppler/wilddoppler/legacy/datasets/AMASS_SMPLX_2022/BMLmovi/Subject_62_F_MoSh/Subject_62_F_8_stageii.npz,4.0,0.0,1.0,473,120.0,3.933333333333333,6
view0__BMLmovi__Subject_62_F_MoSh__Subject_62_F_9,view0,/bigdata/users/quansj/datasets/Doppler/wilddoppler/legacy/datasets/AMASS_SMPLX_2022/BMLmovi/Subject_62_F_MoSh/Subject_62_F_9_stageii.npz,4.0,0.0,1.0,445,120.0,3.7,6
view0__BMLmovi__Subject_63_F_MoSh__Subject_63_F_10,view0,/bigdata/users/quansj/datasets/Doppler/wilddoppler/legacy/datasets/AMASS_SMPLX_2022/BMLmovi/Subject_63_F_MoSh/Subject_63_F_10_stageii.npz,4.0,0.0,1.0,1153,120.0,9.6,18
view0__BMLmovi__Subject_63_F_MoSh__Subject_63_F_11,view0,/bigdata/users/quansj/datasets/Doppler/wilddoppler/legacy/datasets/AMASS_SMPLX_2022/BMLmovi/Subject_63_F_MoSh/Subject_63_F_11_stageii.npz,4.0,0.0,1.0,1289,120.0,10.733333333333333,20
view0__BMLmovi__Subject_63_F_MoSh__Subject_63_F_12,view0,/bigdata/users/quansj/datasets/Doppler/wilddoppler/legacy/datasets/AMASS_SMPLX_2022/BMLmovi/Subject_63_F_MoSh/Subject_63_F_12_stageii.npz,4.0,0.0,1.0,373,120.0,3.1,5
view0__BMLmovi__Subject_63_F_MoSh__Subject_63_F_13,view0,/bigdata/users/quansj/datasets/Doppler/wilddoppler/legacy/datasets/AMASS_SMPLX_2022/BMLmovi/Subject_63_F_MoSh/Subject_63_F_13_stageii.npz,4.0,0.0,1.0,417,120.0,3.466666666666667,5
view0__BMLmovi__Subject_63_F_MoSh__Subject_63_F_14,view0,/bigdata/users/quansj/datasets/Doppler/wilddoppler/legacy/datasets/AMASS_SMPLX_2022/BMLmovi/Subject_63_F_MoSh/Subject_63_F_14_stageii.npz,4.0,0.0,1.0,469,120.0,3.9,6
view0__BMLmovi__Subject_63_F_MoSh__Subject_63_F_15,view0,/bigdata/users/quansj/datasets/Doppler/wilddoppler/legacy/datasets/AMASS_SMPLX_2022/BMLmovi/Subject_63_F_MoSh/Subject_63_F_15_stageii.npz,4.0,0.0,1.0,397,120.0,3.3,5
view0__BMLmovi__Subject_63_F_MoSh__Subject_63_F_16,view0,/bigdata/users/quansj/datasets/Doppler/wilddoppler/legacy/datasets/AMASS_SMPLX_2022/BMLmovi/Subject_63_F_MoSh/Subject_63_F_16_stageii.npz,4.0,0.0,1.0,397,120.0,3.3,5
view0__BMLmovi__Subject_63_F_MoSh__Subject_63_F_17,view0,/bigdata/users/quansj/datasets/Doppler/wilddoppler/legacy/datasets/AMASS_SMPLX_2022/BMLmovi/Subject_63_F_MoSh/Subject_63_F_17_stageii.npz,4.0,0.0,1.0,365,120.0,3.033333333333333,5
view0__BMLmovi__Subject_63_F_MoSh__Subject_63_F_18,view0,/bigdata/users/quansj/datasets/Doppler/wilddoppler/legacy/datasets/AMASS_SMPLX_2022/BMLmovi/Subject_63_F_MoSh/Subject_63_F_18_stageii.npz,4.0,0.0,1.0,441,120.0,3.6666666666666665,6
view0__BMLmovi__Subject_63_F_MoSh__Subject_63_F_19,view0,/bigdata/users/quansj/datasets/Doppler/wilddoppler/legacy/datasets/AMASS_SMPLX_2022/BMLmovi/Subject_63_F_MoSh/Subject_63_F_19_stageii.npz,4.0,0.0,1.0,1025,120.0,8.533333333333333,16
view0__BMLmovi__Subject_63_F_MoSh__Subject_63_F_1,view0,/bigdata/users/quansj/datasets/Doppler/wilddoppler/legacy/datasets/AMASS_SMPLX_2022/BMLmovi/Subject_63_F_MoSh/Subject_63_F_1_stageii.npz,4.0,0.0,1.0,705,120.0,5.866666666666666,10
view0__BMLmovi__Subject_63_F_MoSh__Subject_63_F_20,view0,/bigdata/users/quansj/datasets/Doppler/wilddoppler/legacy/datasets/AMASS_SMPLX_2022/BMLmovi/Subject_63_F_MoSh/Subject_63_F_20_stageii.npz,4.0,0.0,1.0,409,120.0,3.4,5
view0__BMLmovi__Subject_63_F_MoSh__Subject_63_F_21,view0,/bigdata/users/quansj/datasets/Doppler/wilddoppler/legacy/datasets/AMASS_SMPLX_2022/BMLmovi/Subject_63_F_MoSh/Subject_63_F_21_stageii.npz,4.0,0.0,1.0,1141,120.0,9.5,18
view0__BMLmovi__Subject_63_F_MoSh__Subject_63_F_2,view0,/bigdata/users/quansj/datasets/Doppler/wilddoppler/legacy/datasets/AMASS_SMPLX_2022/BMLmovi/Subject_63_F_MoSh/Subject_63_F_2_stageii.npz,4.0,0.0,1.0,473,120.0,3.933333333333333,6
view0__BMLmovi__Subject_63_F_MoSh__Subject_63_F_3,view0,/bigdata/users/quansj/datasets/Doppler/wilddoppler/legacy/datasets/AMASS_SMPLX_2022/BMLmovi/Subject_63_F_MoSh/Subject_63_F_3_stageii.npz,4.0,0.0,1.0,437,120.0,3.6333333333333333,6
view0__BMLmovi__Subject_63_F_MoSh__Subject_63_F_4,view0,/bigdata/users/quansj/datasets/Doppler/wilddoppler/legacy/datasets/AMASS_SMPLX_2022/BMLmovi/Subject_63_F_MoSh/Subject_63_F_4_stageii.npz,4.0,0.0,1.0,989,120.0,8.233333333333333,15
view0__BMLmovi__Subject_63_F_MoSh__Subject_63_F_5,view0,/bigdata/users/quansj/datasets/Doppler/wilddoppler/legacy/datasets/AMASS_SMPLX_2022/BMLmovi/Subject_63_F_MoSh/Subject_63_F_5_stageii.npz,4.0,0.0,1.0,1185,120.0,9.866666666666667,18
view0__BMLmovi__Subject_63_F_MoSh__Subject_63_F_6,view0,/bigdata/users/quansj/datasets/Doppler/wilddoppler/legacy/datasets/AMASS_SMPLX_2022/BMLmovi/Subject_63_F_MoSh/Subject_63_F_6_stageii.npz,4.0,0.0,1.0,549,120.0,4.566666666666666,8
view0__BMLmovi__Subject_63_F_MoSh__Subject_63_F_7,view0,/bigdata/users/quansj/datasets/Doppler/wilddoppler/legacy/datasets/AMASS_SMPLX_2022/BMLmovi/Subject_63_F_MoSh/Subject_63_F_7_stageii.npz,4.0,0.0,1.0,669,120.0,5.566666666666666,10
view0__BMLmovi__Subject_63_F_MoSh__Subject_63_F_8,view0,/bigdata/users/quansj/datasets/Doppler/wilddoppler/legacy/datasets/AMASS_SMPLX_2022/BMLmovi/Subject_63_F_MoSh/Subject_63_F_8_stageii.npz,4.0,0.0,1.0,541,120.0,4.5,8
view0__BMLmovi__Subject_63_F_MoSh__Subject_63_F_9,view0,/bigdata/users/quansj/datasets/Doppler/wilddoppler/legacy/datasets/AMASS_SMPLX_2022/BMLmovi/Subject_63_F_MoSh/Subject_63_F_9_stageii.npz,4.0,0.0,1.0,477,120.0,3.966666666666667,6
view0__BMLmovi__Subject_64_F_MoSh__Subject_64_F_10,view0,/bigdata/users/quansj/datasets/Doppler/wilddoppler/legacy/datasets/AMASS_SMPLX_2022/BMLmovi/Subject_64_F_MoSh/Subject_64_F_10_stageii.npz,4.0,0.0,1.0,1305,120.0,10.866666666666667,20
view0__BMLmovi__Subject_64_F_MoSh__Subject_64_F_11,view0,/bigdata/users/quansj/datasets/Doppler/wilddoppler/legacy/datasets/AMASS_SMPLX_2022/BMLmovi/Subject_64_F_MoSh/Subject_64_F_11_stageii.npz,4.0,0.0,1.0,577,120.0,4.8,8
view0__BMLmovi__Subject_64_F_MoSh__Subject_64_F_12,view0,/bigdata/users/quansj/datasets/Doppler/wilddoppler/legacy/datasets/AMASS_SMPLX_2022/BMLmovi/Subject_64_F_MoSh/Subject_64_F_12_stageii.npz,4.0,0.0,1.0,525,120.0,4.366666666666666,7
view0__BMLmovi__Subject_64_F_MoSh__Subject_64_F_13,view0,/bigdata/users/quansj/datasets/Doppler/wilddoppler/legacy/datasets/AMASS_SMPLX_2022/BMLmovi/Subject_64_F_MoSh/Subject_64_F_13_stageii.npz,4.0,0.0,1.0,465,120.0,3.8666666666666667,6
view0__BMLmovi__Subject_64_F_MoSh__Subject_64_F_14,view0,/bigdata/users/quansj/datasets/Doppler/wilddoppler/legacy/datasets/AMASS_SMPLX_2022/BMLmovi/Subject_64_F_MoSh/Subject_64_F_14_stageii.npz,4.0,0.0,1.0,473,120.0,3.933333333333333,6
view0__BMLmovi__Subject_64_F_MoSh__Subject_64_F_15,view0,/bigdata/users/quansj/datasets/Doppler/wilddoppler/legacy/datasets/AMASS_SMPLX_2022/BMLmovi/Subject_64_F_MoSh/Subject_64_F_15_stageii.npz,4.0,0.0,1.0,753,120.0,6.266666666666667,11
view0__BMLmovi__Subject_64_F_MoSh__Subject_64_F_16,view0,/bigdata/users/quansj/datasets/Doppler/wilddoppler/legacy/datasets/AMASS_SMPLX_2022/BMLmovi/Subject_64_F_MoSh/Subject_64_F_16_stageii.npz,4.0,0.0,1.0,1085,120.0,9.033333333333333,17
view0__BMLmovi__Subject_64_F_MoSh__Subject_64_F_17,view0,/bigdata/users/quansj/datasets/Doppler/wilddoppler/legacy/datasets/AMASS_SMPLX_2022/BMLmovi/Subject_64_F_MoSh/Subject_64_F_17_stageii.npz,4.0,0.0,1.0,1261,120.0,10.5,20
view0__BMLmovi__Subject_64_F_MoSh__Subject_64_F_18,view0,/bigdata/users/quansj/datasets/Doppler/wilddoppler/legacy/datasets/AMASS_SMPLX_2022/BMLmovi/Subject_64_F_MoSh/Subject_64_F_18_stageii.npz,4.0,0.0,1.0,633,120.0,5.266666666666667,9
view0__BMLmovi__Subject_64_F_MoSh__Subject_64_F_19,view0,/bigdata/users/quansj/datasets/Doppler/wilddoppler/legacy/datasets/AMASS_SMPLX_2022/BMLmovi/Subject_64_F_MoSh/Subject_64_F_19_stageii.npz,4.0,0.0,1.0,481,120.0,4.0,7
view0__BMLmovi__Subject_64_F_MoSh__Subject_64_F_1,view0,/bigdata/users/quansj/datasets/Doppler/wilddoppler/legacy/datasets/AMASS_SMPLX_2022/BMLmovi/Subject_64_F_MoSh/Subject_64_F_1_stageii.npz,4.0,0.0,1.0,477,120.0,3.966666666666667,6
view0__BMLmovi__Subject_64_F_MoSh__Subject_64_F_20,view0,/bigdata/users/quansj/datasets/Doppler/wilddoppler/legacy/datasets/AMASS_SMPLX_2022/BMLmovi/Subject_64_F_MoSh/Subject_64_F_20_stageii.npz,4.0,0.0,1.0,525,120.0,4.366666666666666,7
view0__BMLmovi__Subject_64_F_MoSh__Subject_64_F_21,view0,/bigdata/users/quansj/datasets/Doppler/wilddoppler/legacy/datasets/AMASS_SMPLX_2022/BMLmovi/Subject_64_F_MoSh/Subject_64_F_21_stageii.npz,4.0,0.0,1.0,889,120.0,7.4,13
view0__BMLmovi__Subject_64_F_MoSh__Subject_64_F_2,view0,/bigdata/users/quansj/datasets/Doppler/wilddoppler/legacy/datasets/AMASS_SMPLX_2022/BMLmovi/Subject_64_F_MoSh/Subject_64_F_2_stageii.npz,4.0,0.0,1.0,465,120.0,3.8666666666666667,6
view0__BMLmovi__Subject_64_F_MoSh__Subject_64_F_3,view0,/bigdata/users/quansj/datasets/Doppler/wilddoppler/legacy/datasets/AMASS_SMPLX_2022/BMLmovi/Subject_64_F_MoSh/Subject_64_F_3_stageii.npz,4.0,0.0,1.0,465,120.0,3.8666666666666667,6
view0__BMLmovi__Subject_64_F_MoSh__Subject_64_F_4,view0,/bigdata/users/quansj/datasets/Doppler/wilddoppler/legacy/datasets/AMASS_SMPLX_2022/BMLmovi/Subject_64_F_MoSh/Subject_64_F_4_stageii.npz,4.0,0.0,1.0,629,120.0,5.233333333333333,9
view0__BMLmovi__Subject_64_F_MoSh__Subject_64_F_5,view0,/bigdata/users/quansj/datasets/Doppler/wilddoppler/legacy/datasets/AMASS_SMPLX_2022/BMLmovi/Subject_64_F_MoSh/Subject_64_F_5_stageii.npz,4.0,0.0,1.0,817,120.0,6.8,12
view0__BMLmovi__Subject_64_F_MoSh__Subject_64_F_6,view0,/bigdata/users/quansj/datasets/Doppler/wilddoppler/legacy/datasets/AMASS_SMPLX_2022/BMLmovi/Subject_64_F_MoSh/Subject_64_F_6_stageii.npz,4.0,0.0,1.0,569,120.0,4.733333333333333,8
view0__BMLmovi__Subject_64_F_MoSh__Subject_64_F_7,view0,/bigdata/users/quansj/datasets/Doppler/wilddoppler/legacy/datasets/AMASS_SMPLX_2022/BMLmovi/Subject_64_F_MoSh/Subject_64_F_7_stageii.npz,4.0,0.0,1.0,453,120.0,3.7666666666666666,6
view0__BMLmovi__Subject_64_F_MoSh__Subject_64_F_8,view0,/bigdata/users/quansj/datasets/Doppler/wilddoppler/legacy/datasets/AMASS_SMPLX_2022/BMLmovi/Subject_64_F_MoSh/Subject_64_F_8_stageii.npz,4.0,0.0,1.0,457,120.0,3.8,6
view0__BMLmovi__Subject_64_F_MoSh__Subject_64_F_9,view0,/bigdata/users/quansj/datasets/Doppler/wilddoppler/legacy/datasets/AMASS_SMPLX_2022/BMLmovi/Subject_64_F_MoSh/Subject_64_F_9_stageii.npz,4.0,0.0,1.0,1197,120.0,9.966666666666667,18
view0__BMLmovi__Subject_65_F_MoSh__Subject_65_F_10,view0,/bigdata/users/quansj/datasets/Doppler/wilddoppler/legacy/datasets/AMASS_SMPLX_2022/BMLmovi/Subject_65_F_MoSh/Subject_65_F_10_stageii.npz,4.0,0.0,1.0,761,120.0,6.333333333333333,11
view0__BMLmovi__Subject_65_F_MoSh__Subject_65_F_11,view0,/bigdata/users/quansj/datasets/Doppler/wilddoppler/legacy/datasets/AMASS_SMPLX_2022/BMLmovi/Subject_65_F_MoSh/Subject_65_F_11_stageii.npz,4.0,0.0,1.0,509,120.0,4.233333333333333,7
view0__BMLmovi__Subject_65_F_MoSh__Subject_65_F_12,view0,/bigdata/users/quansj/datasets/Doppler/wilddoppler/legacy/datasets/AMASS_SMPLX_2022/BMLmovi/Subject_65_F_MoSh/Subject_65_F_12_stageii.npz,4.0,0.0,1.0,509,120.0,4.233333333333333,7
view0__BMLmovi__Subject_65_F_MoSh__Subject_65_F_13,view0,/bigdata/users/quansj/datasets/Doppler/wilddoppler/legacy/datasets/AMASS_SMPLX_2022/BMLmovi/Subject_65_F_MoSh/Subject_65_F_13_stageii.npz,4.0,0.0,1.0,657,120.0,5.466666666666667,9
view0__BMLmovi__Subject_65_F_MoSh__Subject_65_F_14,view0,/bigdata/users/quansj/datasets/Doppler/wilddoppler/legacy/datasets/AMASS_SMPLX_2022/BMLmovi/Subject_65_F_MoSh/Subject_65_F_14_stageii.npz,4.0,0.0,1.0,1081,120.0,9.0,17
view0__BMLmovi__Subject_65_F_MoSh__Subject_65_F_15,view0,/bigdata/users/quansj/datasets/Doppler/wilddoppler/legacy/datasets/AMASS_SMPLX_2022/BMLmovi/Subject_65_F_MoSh/Subject_65_F_15_stageii.npz,4.0,0.0,1.0,537,120.0,4.466666666666667,7
view0__BMLmovi__Subject_65_F_MoSh__Subject_65_F_16,view0,/bigdata/users/quansj/datasets/Doppler/wilddoppler/legacy/datasets/AMASS_SMPLX_2022/BMLmovi/Subject_65_F_MoSh/Subject_65_F_16_stageii.npz,4.0,0.0,1.0,501,120.0,4.166666666666667,7
view0__BMLmovi__Subject_65_F_MoSh__Subject_65_F_17,view0,/bigdata/users/quansj/datasets/Doppler/wilddoppler/legacy/datasets/AMASS_SMPLX_2022/BMLmovi/Subject_65_F_MoSh/Subject_65_F_17_stageii.npz,4.0,0.0,1.0,857,120.0,7.133333333333334,13
view0__BMLmovi__Subject_65_F_MoSh__Subject_65_F_18,view0,/bigdata/users/quansj/datasets/Doppler/wilddoppler/legacy/datasets/AMASS_SMPLX_2022/BMLmovi/Subject_65_F_MoSh/Subject_65_F_18_stageii.npz,4.0,0.0,1.0,1093,120.0,9.1,17
view0__BMLmovi__Subject_65_F_MoSh__Subject_65_F_19,view0,/bigdata/users/quansj/datasets/Doppler/wilddoppler/legacy/datasets/AMASS_SMPLX_2022/BMLmovi/Subject_65_F_MoSh/Subject_65_F_19_stageii.npz,4.0,0.0,1.0,357,120.0,2.966666666666667,4
view0__BMLmovi__Subject_65_F_MoSh__Subject_65_F_1,view0,/bigdata/users/quansj/datasets/Doppler/wilddoppler/legacy/datasets/AMASS_SMPLX_2022/BMLmovi/Subject_65_F_MoSh/Subject_65_F_1_stageii.npz,4.0,0.0,1.0,337,120.0,2.8,4
view0__BMLmovi__Subject_65_F_MoSh__Subject_65_F_20,view0,/bigdata/users/quansj/datasets/Doppler/wilddoppler/legacy/datasets/AMASS_SMPLX_2022/BMLmovi/Subject_65_F_MoSh/Subject_65_F_20_stageii.npz,4.0,0.0,1.0,453,120.0,3.7666666666666666,6
view0__BMLmovi__Subject_65_F_MoSh__Subject_65_F_21,view0,/bigdata/users/quansj/datasets/Doppler/wilddoppler/legacy/datasets/AMASS_SMPLX_2022/BMLmovi/Subject_65_F_MoSh/Subject_65_F_21_stageii.npz,4.0,0.0,1.0,1289,120.0,10.733333333333333,20
view0__BMLmovi__Subject_65_F_MoSh__Subject_65_F_2,view0,/bigdata/users/quansj/datasets/Doppler/wilddoppler/legacy/datasets/AMASS_SMPLX_2022/BMLmovi/Subject_65_F_MoSh/Subject_65_F_2_stageii.npz,4.0,0.0,1.0,1925,120.0,16.033333333333335,31
view0__BMLmovi__Subject_65_F_MoSh__Subject_65_F_3,view0,/bigdata/users/quansj/datasets/Doppler/wilddoppler/legacy/datasets/AMASS_SMPLX_2022/BMLmovi/Subject_65_F_MoSh/Subject_65_F_3_stageii.npz,4.0,0.0,1.0,433,120.0,3.6,6
view0__BMLmovi__Subject_65_F_MoSh__Subject_65_F_4,view0,/bigdata/users/quansj/datasets/Doppler/wilddoppler/legacy/datasets/AMASS_SMPLX_2022/BMLmovi/Subject_65_F_MoSh/Subject_65_F_4_stageii.npz,4.0,0.0,1.0,1329,120.0,11.066666666666666,21
view0__BMLmovi__Subject_65_F_MoSh__Subject_65_F_5,view0,/bigdata/users/quansj/datasets/Doppler/wilddoppler/legacy/datasets/AMASS_SMPLX_2022/BMLmovi/Subject_65_F_MoSh/Subject_65_F_5_stageii.npz,4.0,0.0,1.0,433,120.0,3.6,6
view0__BMLmovi__Subject_65_F_MoSh__Subject_65_F_6,view0,/bigdata/users/quansj/datasets/Doppler/wilddoppler/legacy/datasets/AMASS_SMPLX_2022/BMLmovi/Subject_65_F_MoSh/Subject_65_F_6_stageii.npz,4.0,0.0,1.0,497,120.0,4.133333333333334,7
view0__BMLmovi__Subject_65_F_MoSh__Subject_65_F_7,view0,/bigdata/users/quansj/datasets/Doppler/wilddoppler/legacy/datasets/AMASS_SMPLX_2022/BMLmovi/Subject_65_F_MoSh/Subject_65_F_7_stageii.npz,4.0,0.0,1.0,365,120.0,3.033333333333333,5
view0__BMLmovi__Subject_65_F_MoSh__Subject_65_F_8,view0,/bigdata/users/quansj/datasets/Doppler/wilddoppler/legacy/datasets/AMASS_SMPLX_2022/BMLmovi/Subject_65_F_MoSh/Subject_65_F_8_stageii.npz,4.0,0.0,1.0,373,120.0,3.1,5
view0__BMLmovi__Subject_65_F_MoSh__Subject_65_F_9,view0,/bigdata/users/quansj/datasets/Doppler/wilddoppler/legacy/datasets/AMASS_SMPLX_2022/BMLmovi/Subject_65_F_MoSh/Subject_65_F_9_stageii.npz,4.0,0.0,1.0,549,120.0,4.566666666666666,8
view0__BMLmovi__Subject_66_F_MoSh__Subject_66_F_10,view0,/bigdata/users/quansj/datasets/Doppler/wilddoppler/legacy/datasets/AMASS_SMPLX_2022/BMLmovi/Subject_66_F_MoSh/Subject_66_F_10_stageii.npz,4.0,0.0,1.0,1225,120.0,10.2,19
view0__BMLmovi__Subject_66_F_MoSh__Subject_66_F_11,view0,/bigdata/users/quansj/datasets/Doppler/wilddoppler/legacy/datasets/AMASS_SMPLX_2022/BMLmovi/Subject_66_F_MoSh/Subject_66_F_11_stageii.npz,4.0,0.0,1.0,1745,120.0,14.533333333333333,28
view0__BMLmovi__Subject_66_F_MoSh__Subject_66_F_12,view0,/bigdata/users/quansj/datasets/Doppler/wilddoppler/legacy/datasets/AMASS_SMPLX_2022/BMLmovi/Subject_66_F_MoSh/Subject_66_F_12_stageii.npz,4.0,0.0,1.0,497,120.0,4.133333333333334,7
view0__BMLmovi__Subject_66_F_MoSh__Subject_66_F_13,view0,/bigdata/users/quansj/datasets/Doppler/wilddoppler/legacy/datasets/AMASS_SMPLX_2022/BMLmovi/Subject_66_F_MoSh/Subject_66_F_13_stageii.npz,4.0,0.0,1.0,953,120.0,7.933333333333334,14
view0__BMLmovi__Subject_66_F_MoSh__Subject_66_F_14,view0,/bigdata/users/quansj/datasets/Doppler/wilddoppler/legacy/datasets/AMASS_SMPLX_2022/BMLmovi/Subject_66_F_MoSh/Subject_66_F_14_stageii.npz,4.0,0.0,1.0,1217,120.0,10.133333333333333,19
view0__BMLmovi__Subject_66_F_MoSh__Subject_66_F_15,view0,/bigdata/users/quansj/datasets/Doppler/wilddoppler/legacy/datasets/AMASS_SMPLX_2022/BMLmovi/Subject_66_F_MoSh/Subject_66_F_15_stageii.npz,4.0,0.0,1.0,849,120.0,7.066666666666666,13
view0__BMLmovi__Subject_66_F_MoSh__Subject_66_F_16,view0,/bigdata/users/quansj/datasets/Doppler/wilddoppler/legacy/datasets/AMASS_SMPLX_2022/BMLmovi/Subject_66_F_MoSh/Subject_66_F_16_stageii.npz,4.0,0.0,1.0,1357,120.0,11.3,21
view0__BMLmovi__Subject_66_F_MoSh__Subject_66_F_17,view0,/bigdata/users/quansj/datasets/Doppler/wilddoppler/legacy/datasets/AMASS_SMPLX_2022/BMLmovi/Subject_66_F_MoSh/Subject_66_F_17_stageii.npz,4.0,0.0,1.0,549,120.0,4.566666666666666,8
view0__BMLmovi__Subject_66_F_MoSh__Subject_66_F_18,view0,/bigdata/users/quansj/datasets/Doppler/wilddoppler/legacy/datasets/AMASS_SMPLX_2022/BMLmovi/Subject_66_F_MoSh/Subject_66_F_18_stageii.npz,4.0,0.0,1.0,461,120.0,3.8333333333333335,6
view0__BMLmovi__Subject_66_F_MoSh__Subject_66_F_19,view0,/bigdata/users/quansj/datasets/Doppler/wilddoppler/legacy/datasets/AMASS_SMPLX_2022/BMLmovi/Subject_66_F_MoSh/Subject_66_F_19_stageii.npz,4.0,0.0,1.0,525,120.0,4.366666666666666,7
view0__BMLmovi__Subject_66_F_MoSh__Subject_66_F_1,view0,/bigdata/users/quansj/datasets/Doppler/wilddoppler/legacy/datasets/AMASS_SMPLX_2022/BMLmovi/Subject_66_F_MoSh/Subject_66_F_1_stageii.npz,4.0,0.0,1.0,537,120.0,4.466666666666667,7
view0__BMLmovi__Subject_66_F_MoSh__Subject_66_F_20,view0,/bigdata/users/quansj/datasets/Doppler/wilddoppler/legacy/datasets/AMASS_SMPLX_2022/BMLmovi/Subject_66_F_MoSh/Subject_66_F_20_stageii.npz,4.0,0.0,1.0,721,120.0,6.0,11
view0__BMLmovi__Subject_66_F_MoSh__Subject_66_F_21,view0,/bigdata/users/quansj/datasets/Doppler/wilddoppler/legacy/datasets/AMASS_SMPLX_2022/BMLmovi/Subject_66_F_MoSh/Subject_66_F_21_stageii.npz,4.0,0.0,1.0,625,120.0,5.2,9
view0__BMLmovi__Subject_66_F_MoSh__Subject_66_F_2,view0,/bigdata/users/quansj/datasets/Doppler/wilddoppler/legacy/datasets/AMASS_SMPLX_2022/BMLmovi/Subject_66_F_MoSh/Subject_66_F_2_stageii.npz,4.0,0.0,1.0,529,120.0,4.4,7
view0__BMLmovi__Subject_66_F_MoSh__Subject_66_F_3,view0,/bigdata/users/quansj/datasets/Doppler/wilddoppler/legacy/datasets/AMASS_SMPLX_2022/BMLmovi/Subject_66_F_MoSh/Subject_66_F_3_stageii.npz,4.0,0.0,1.0,525,120.0,4.366666666666666,7
view0__BMLmovi__Subject_66_F_MoSh__Subject_66_F_4,view0,/bigdata/users/quansj/datasets/Doppler/wilddoppler/legacy/datasets/AMASS_SMPLX_2022/BMLmovi/Subject_66_F_MoSh/Subject_66_F_4_stageii.npz,4.0,0.0,1.0,513,120.0,4.266666666666667,7
view0__BMLmovi__Subject_66_F_MoSh__Subject_66_F_5,view0,/bigdata/users/quansj/datasets/Doppler/wilddoppler/legacy/datasets/AMASS_SMPLX_2022/BMLmovi/Subject_66_F_MoSh/Subject_66_F_5_stageii.npz,4.0,0.0,1.0,521,120.0,4.333333333333333,7
view0__BMLmovi__Subject_66_F_MoSh__Subject_66_F_6,view0,/bigdata/users/quansj/datasets/Doppler/wilddoppler/legacy/datasets/AMASS_SMPLX_2022/BMLmovi/Subject_66_F_MoSh/Subject_66_F_6_stageii.npz,4.0,0.0,1.0,933,120.0,7.766666666666667,14
view0__BMLmovi__Subject_66_F_MoSh__Subject_66_F_7,view0,/bigdata/users/quansj/datasets/Doppler/wilddoppler/legacy/datasets/AMASS_SMPLX_2022/BMLmovi/Subject_66_F_MoSh/Subject_66_F_7_stageii.npz,4.0,0.0,1.0,689,120.0,5.733333333333333,10
view0__BMLmovi__Subject_66_F_MoSh__Subject_66_F_8,view0,/bigdata/users/quansj/datasets/Doppler/wilddoppler/legacy/datasets/AMASS_SMPLX_2022/BMLmovi/Subject_66_F_MoSh/Subject_66_F_8_stageii.npz,4.0,0.0,1.0,709,120.0,5.9,10
view0__BMLmovi__Subject_66_F_MoSh__Subject_66_F_9,view0,/bigdata/users/quansj/datasets/Doppler/wilddoppler/legacy/datasets/AMASS_SMPLX_2022/BMLmovi/Subject_66_F_MoSh/Subject_66_F_9_stageii.npz,4.0,0.0,1.0,669,120.0,5.566666666666666,10
view0__BMLmovi__Subject_67_F_MoSh__Subject_67_F_10,view0,/bigdata/users/quansj/datasets/Doppler/wilddoppler/legacy/datasets/AMASS_SMPLX_2022/BMLmovi/Subject_67_F_MoSh/Subject_67_F_10_stageii.npz,4.0,0.0,1.0,917,120.0,7.633333333333334,14
view0__BMLmovi__Subject_67_F_MoSh__Subject_67_F_11,view0,/bigdata/users/quansj/datasets/Doppler/wilddoppler/legacy/datasets/AMASS_SMPLX_2022/BMLmovi/Subject_67_F_MoSh/Subject_67_F_11_stageii.npz,4.0,0.0,1.0,553,120.0,4.6,8
view0__BMLmovi__Subject_67_F_MoSh__Subject_67_F_12,view0,/bigdata/users/quansj/datasets/Doppler/wilddoppler/legacy/datasets/AMASS_SMPLX_2022/BMLmovi/Subject_67_F_MoSh/Subject_67_F_12_stageii.npz,4.0,0.0,1.0,637,120.0,5.3,9
view0__BMLmovi__Subject_67_F_MoSh__Subject_67_F_13,view0,/bigdata/users/quansj/datasets/Doppler/wilddoppler/legacy/datasets/AMASS_SMPLX_2022/BMLmovi/Subject_67_F_MoSh/Subject_67_F_13_stageii.npz,4.0,0.0,1.0,481,120.0,4.0,7
view0__BMLmovi__Subject_67_F_MoSh__Subject_67_F_14,view0,/bigdata/users/quansj/datasets/Doppler/wilddoppler/legacy/datasets/AMASS_SMPLX_2022/BMLmovi/Subject_67_F_MoSh/Subject_67_F_14_stageii.npz,4.0,0.0,1.0,937,120.0,7.8,14
view0__BMLmovi__Subject_67_F_MoSh__Subject_67_F_15,view0,/bigdata/users/quansj/datasets/Doppler/wilddoppler/legacy/datasets/AMASS_SMPLX_2022/BMLmovi/Subject_67_F_MoSh/Subject_67_F_15_stageii.npz,4.0,0.0,1.0,581,120.0,4.833333333333333,8
view0__BMLmovi__Subject_67_F_MoSh__Subject_67_F_16,view0,/bigdata/users/quansj/datasets/Doppler/wilddoppler/legacy/datasets/AMASS_SMPLX_2022/BMLmovi/Subject_67_F_MoSh/Subject_67_F_16_stageii.npz,4.0,0.0,1.0,489,120.0,4.066666666666666,7
view0__BMLmovi__Subject_67_F_MoSh__Subject_67_F_17,view0,/bigdata/users/quansj/datasets/Doppler/wilddoppler/legacy/datasets/AMASS_SMPLX_2022/BMLmovi/Subject_67_F_MoSh/Subject_67_F_17_stageii.npz,4.0,0.0,1.0,517,120.0,4.3,7
view0__BMLmovi__Subject_67_F_MoSh__Subject_67_F_18,view0,/bigdata/users/quansj/datasets/Doppler/wilddoppler/legacy/datasets/AMASS_SMPLX_2022/BMLmovi/Subject_67_F_MoSh/Subject_67_F_18_stageii.npz,4.0,0.0,1.0,1545,120.0,12.866666666666667,24
view0__BMLmovi__Subject_67_F_MoSh__Subject_67_F_19,view0,/bigdata/users/quansj/datasets/Doppler/wilddoppler/legacy/datasets/AMASS_SMPLX_2022/BMLmovi/Subject_67_F_MoSh/Subject_67_F_19_stageii.npz,4.0,0.0,1.0,865,120.0,7.2,13
view0__BMLmovi__Subject_67_F_MoSh__Subject_67_F_1,view0,/bigdata/users/quansj/datasets/Doppler/wilddoppler/legacy/datasets/AMASS_SMPLX_2022/BMLmovi/Subject_67_F_MoSh/Subject_67_F_1_stageii.npz,4.0,0.0,1.0,557,120.0,4.633333333333334,8
view0__BMLmovi__Subject_67_F_MoSh__Subject_67_F_20,view0,/bigdata/users/quansj/datasets/Doppler/wilddoppler/legacy/datasets/AMASS_SMPLX_2022/BMLmovi/Subject_67_F_MoSh/Subject_67_F_20_stageii.npz,4.0,0.0,1.0,661,120.0,5.5,10
view0__BMLmovi__Subject_67_F_MoSh__Subject_67_F_21,view0,/bigdata/users/quansj/datasets/Doppler/wilddoppler/legacy/datasets/AMASS_SMPLX_2022/BMLmovi/Subject_67_F_MoSh/Subject_67_F_21_stageii.npz,4.0,0.0,1.0,1349,120.0,11.233333333333333,21
view0__BMLmovi__Subject_67_F_MoSh__Subject_67_F_2,view0,/bigdata/users/quansj/datasets/Doppler/wilddoppler/legacy/datasets/AMASS_SMPLX_2022/BMLmovi/Subject_67_F_MoSh/Subject_67_F_2_stageii.npz,4.0,0.0,1.0,721,120.0,6.0,11
view0__BMLmovi__Subject_67_F_MoSh__Subject_67_F_3,view0,/bigdata/users/quansj/datasets/Doppler/wilddoppler/legacy/datasets/AMASS_SMPLX_2022/BMLmovi/Subject_67_F_MoSh/Subject_67_F_3_stageii.npz,4.0,0.0,1.0,1329,120.0,11.066666666666666,21
view0__BMLmovi__Subject_67_F_MoSh__Subject_67_F_4,view0,/bigdata/users/quansj/datasets/Doppler/wilddoppler/legacy/datasets/AMASS_SMPLX_2022/BMLmovi/Subject_67_F_MoSh/Subject_67_F_4_stageii.npz,4.0,0.0,1.0,569,120.0,4.733333333333333,8
view0__BMLmovi__Subject_67_F_MoSh__Subject_67_F_5,view0,/bigdata/users/quansj/datasets/Doppler/wilddoppler/legacy/datasets/AMASS_SMPLX_2022/BMLmovi/Subject_67_F_MoSh/Subject_67_F_5_stageii.npz,4.0,0.0,1.0,477,120.0,3.966666666666667,6
view0__BMLmovi__Subject_67_F_MoSh__Subject_67_F_6,view0,/bigdata/users/quansj/datasets/Doppler/wilddoppler/legacy/datasets/AMASS_SMPLX_2022/BMLmovi/Subject_67_F_MoSh/Subject_67_F_6_stageii.npz,4.0,0.0,1.0,361,120.0,3.0,5
view0__BMLmovi__Subject_67_F_MoSh__Subject_67_F_7,view0,/bigdata/users/quansj/datasets/Doppler/wilddoppler/legacy/datasets/AMASS_SMPLX_2022/BMLmovi/Subject_67_F_MoSh/Subject_67_F_7_stageii.npz,4.0,0.0,1.0,417,120.0,3.466666666666667,5
view0__BMLmovi__Subject_67_F_MoSh__Subject_67_F_8,view0,/bigdata/users/quansj/datasets/Doppler/wilddoppler/legacy/datasets/AMASS_SMPLX_2022/BMLmovi/Subject_67_F_MoSh/Subject_67_F_8_stageii.npz,4.0,0.0,1.0,469,120.0,3.9,6
view0__BMLmovi__Subject_67_F_MoSh__Subject_67_F_9,view0,/bigdata/users/quansj/datasets/Doppler/wilddoppler/legacy/datasets/AMASS_SMPLX_2022/BMLmovi/Subject_67_F_MoSh/Subject_67_F_9_stageii.npz,4.0,0.0,1.0,489,120.0,4.066666666666666,7
view0__BMLmovi__Subject_68_F_MoSh__Subject_68_F_10,view0,/bigdata/users/quansj/datasets/Doppler/wilddoppler/legacy/datasets/AMASS_SMPLX_2022/BMLmovi/Subject_68_F_MoSh/Subject_68_F_10_stageii.npz,4.0,0.0,1.0,341,120.0,2.8333333333333335,4
view0__BMLmovi__Subject_68_F_MoSh__Subject_68_F_11,view0,/bigdata/users/quansj/datasets/Doppler/wilddoppler/legacy/datasets/AMASS_SMPLX_2022/BMLmovi/Subject_68_F_MoSh/Subject_68_F_11_stageii.npz,4.0,0.0,1.0,421,120.0,3.5,6
view0__BMLmovi__Subject_68_F_MoSh__Subject_68_F_12,view0,/bigdata/users/quansj/datasets/Doppler/wilddoppler/legacy/datasets/AMASS_SMPLX_2022/BMLmovi/Subject_68_F_MoSh/Subject_68_F_12_stageii.npz,4.0,0.0,1.0,509,120.0,4.233333333333333,7
view0__BMLmovi__Subject_68_F_MoSh__Subject_68_F_13,view0,/bigdata/users/quansj/datasets/Doppler/wilddoppler/legacy/datasets/AMASS_SMPLX_2022/BMLmovi/Subject_68_F_MoSh/Subject_68_F_13_stageii.npz,4.0,0.0,1.0,337,120.0,2.8,4
view0__BMLmovi__Subject_68_F_MoSh__Subject_68_F_14,view0,/bigdata/users/quansj/datasets/Doppler/wilddoppler/legacy/datasets/AMASS_SMPLX_2022/BMLmovi/Subject_68_F_MoSh/Subject_68_F_14_stageii.npz,4.0,0.0,1.0,329,120.0,2.7333333333333334,4
view0__BMLmovi__Subject_68_F_MoSh__Subject_68_F_15,view0,/bigdata/users/quansj/datasets/Doppler/wilddoppler/legacy/datasets/AMASS_SMPLX_2022/BMLmovi/Subject_68_F_MoSh/Subject_68_F_15_stageii.npz,4.0,0.0,1.0,465,120.0,3.8666666666666667,6
view0__BMLmovi__Subject_68_F_MoSh__Subject_68_F_16,view0,/bigdata/users/quansj/datasets/Doppler/wilddoppler/legacy/datasets/AMASS_SMPLX_2022/BMLmovi/Subject_68_F_MoSh/Subject_68_F_16_stageii.npz,4.0,0.0,1.0,1057,120.0,8.8,16
view0__BMLmovi__Subject_68_F_MoSh__Subject_68_F_17,view0,/bigdata/users/quansj/datasets/Doppler/wilddoppler/legacy/datasets/AMASS_SMPLX_2022/BMLmovi/Subject_68_F_MoSh/Subject_68_F_17_stageii.npz,4.0,0.0,1.0,893,120.0,7.433333333333334,13
view0__BMLmovi__Subject_68_F_MoSh__Subject_68_F_18,view0,/bigdata/users/quansj/datasets/Doppler/wilddoppler/legacy/datasets/AMASS_SMPLX_2022/BMLmovi/Subject_68_F_MoSh/Subject_68_F_18_stageii.npz,4.0,0.0,1.0,785,120.0,6.533333333333333,12
view0__BMLmovi__Subject_68_F_MoSh__Subject_68_F_19,view0,/bigdata/users/quansj/datasets/Doppler/wilddoppler/legacy/datasets/AMASS_SMPLX_2022/BMLmovi/Subject_68_F_MoSh/Subject_68_F_19_stageii.npz,4.0,0.0,1.0,441,120.0,3.6666666666666665,6
view0__BMLmovi__Subject_68_F_MoSh__Subject_68_F_1,view0,/bigdata/users/quansj/datasets/Doppler/wilddoppler/legacy/datasets/AMASS_SMPLX_2022/BMLmovi/Subject_68_F_MoSh/Subject_68_F_1_stageii.npz,4.0,0.0,1.0,421,120.0,3.5,6
view0__BMLmovi__Subject_68_F_MoSh__Subject_68_F_20,view0,/bigdata/users/quansj/datasets/Doppler/wilddoppler/legacy/datasets/AMASS_SMPLX_2022/BMLmovi/Subject_68_F_MoSh/Subject_68_F_20_stageii.npz,4.0,0.0,1.0,453,120.0,3.7666666666666666,6
view0__BMLmovi__Subject_68_F_MoSh__Subject_68_F_21,view0,/bigdata/users/quansj/datasets/Doppler/wilddoppler/legacy/datasets/AMASS_SMPLX_2022/BMLmovi/Subject_68_F_MoSh/Subject_68_F_21_stageii.npz,4.0,0.0,1.0,949,120.0,7.9,14
view0__BMLmovi__Subject_68_F_MoSh__Subject_68_F_2,view0,/bigdata/users/quansj/datasets/Doppler/wilddoppler/legacy/datasets/AMASS_SMPLX_2022/BMLmovi/Subject_68_F_MoSh/Subject_68_F_2_stageii.npz,4.0,0.0,1.0,461,120.0,3.8333333333333335,6
view0__BMLmovi__Subject_68_F_MoSh__Subject_68_F_3,view0,/bigdata/users/quansj/datasets/Doppler/wilddoppler/legacy/datasets/AMASS_SMPLX_2022/BMLmovi/Subject_68_F_MoSh/Subject_68_F_3_stageii.npz,4.0,0.0,1.0,1129,120.0,9.4,17
view0__BMLmovi__Subject_68_F_MoSh__Subject_68_F_4,view0,/bigdata/users/quansj/datasets/Doppler/wilddoppler/legacy/datasets/AMASS_SMPLX_2022/BMLmovi/Subject_68_F_MoSh/Subject_68_F_4_stageii.npz,4.0,0.0,1.0,481,120.0,4.0,7
view0__BMLmovi__Subject_68_F_MoSh__Subject_68_F_5,view0,/bigdata/users/quansj/datasets/Doppler/wilddoppler/legacy/datasets/AMASS_SMPLX_2022/BMLmovi/Subject_68_F_MoSh/Subject_68_F_5_stageii.npz,4.0,0.0,1.0,1249,120.0,10.4,19
view0__BMLmovi__Subject_68_F_MoSh__Subject_68_F_6,view0,/bigdata/users/quansj/datasets/Doppler/wilddoppler/legacy/datasets/AMASS_SMPLX_2022/BMLmovi/Subject_68_F_MoSh/Subject_68_F_6_stageii.npz,4.0,0.0,1.0,549,120.0,4.566666666666666,8
view0__BMLmovi__Subject_68_F_MoSh__Subject_68_F_7,view0,/bigdata/users/quansj/datasets/Doppler/wilddoppler/legacy/datasets/AMASS_SMPLX_2022/BMLmovi/Subject_68_F_MoSh/Subject_68_F_7_stageii.npz,4.0,0.0,1.0,421,120.0,3.5,6
view0__BMLmovi__Subject_68_F_MoSh__Subject_68_F_8,view0,/bigdata/users/quansj/datasets/Doppler/wilddoppler/legacy/datasets/AMASS_SMPLX_2022/BMLmovi/Subject_68_F_MoSh/Subject_68_F_8_stageii.npz,4.0,0.0,1.0,481,120.0,4.0,7
view0__BMLmovi__Subject_68_F_MoSh__Subject_68_F_9,view0,/bigdata/users/quansj/datasets/Doppler/wilddoppler/legacy/datasets/AMASS_SMPLX_2022/BMLmovi/Subject_68_F_MoSh/Subject_68_F_9_stageii.npz,4.0,0.0,1.0,449,120.0,3.7333333333333334,6
view0__BMLmovi__Subject_69_F_MoSh__Subject_69_F_10,view0,/bigdata/users/quansj/datasets/Doppler/wilddoppler/legacy/datasets/AMASS_SMPLX_2022/BMLmovi/Subject_69_F_MoSh/Subject_69_F_10_stageii.npz,4.0,0.0,1.0,437,120.0,3.6333333333333333,6
view0__BMLmovi__Subject_69_F_MoSh__Subject_69_F_11,view0,/bigdata/users/quansj/datasets/Doppler/wilddoppler/legacy/datasets/AMASS_SMPLX_2022/BMLmovi/Subject_69_F_MoSh/Subject_69_F_11_stageii.npz,4.0,0.0,1.0,621,120.0,5.166666666666667,9
view0__BMLmovi__Subject_69_F_MoSh__Subject_69_F_12,view0,/bigdata/users/quansj/datasets/Doppler/wilddoppler/legacy/datasets/AMASS_SMPLX_2022/BMLmovi/Subject_69_F_MoSh/Subject_69_F_12_stageii.npz,4.0,0.0,1.0,445,120.0,3.7,6
view0__BMLmovi__Subject_69_F_MoSh__Subject_69_F_13,view0,/bigdata/users/quansj/datasets/Doppler/wilddoppler/legacy/datasets/AMASS_SMPLX_2022/BMLmovi/Subject_69_F_MoSh/Subject_69_F_13_stageii.npz,4.0,0.0,1.0,493,120.0,4.1,7
view0__BMLmovi__Subject_69_F_MoSh__Subject_69_F_14,view0,/bigdata/users/quansj/datasets/Doppler/wilddoppler/legacy/datasets/AMASS_SMPLX_2022/BMLmovi/Subject_69_F_MoSh/Subject_69_F_14_stageii.npz,4.0,0.0,1.0,1097,120.0,9.133333333333333,17
view0__BMLmovi__Subject_69_F_MoSh__Subject_69_F_15,view0,/bigdata/users/quansj/datasets/Doppler/wilddoppler/legacy/datasets/AMASS_SMPLX_2022/BMLmovi/Subject_69_F_MoSh/Subject_69_F_15_stageii.npz,4.0,0.0,1.0,385,120.0,3.2,5
view0__BMLmovi__Subject_69_F_MoSh__Subject_69_F_16,view0,/bigdata/users/quansj/datasets/Doppler/wilddoppler/legacy/datasets/AMASS_SMPLX_2022/BMLmovi/Subject_69_F_MoSh/Subject_69_F_16_stageii.npz,4.0,0.0,1.0,609,120.0,5.066666666666666,9
view0__BMLmovi__Subject_69_F_MoSh__Subject_69_F_17,view0,/bigdata/users/quansj/datasets/Doppler/wilddoppler/legacy/datasets/AMASS_SMPLX_2022/BMLmovi/Subject_69_F_MoSh/Subject_69_F_17_stageii.npz,4.0,0.0,1.0,589,120.0,4.9,8
view0__BMLmovi__Subject_69_F_MoSh__Subject_69_F_18,view0,/bigdata/users/quansj/datasets/Doppler/wilddoppler/legacy/datasets/AMASS_SMPLX_2022/BMLmovi/Subject_69_F_MoSh/Subject_69_F_18_stageii.npz,4.0,0.0,1.0,973,120.0,8.1,15
view0__BMLmovi__Subject_69_F_MoSh__Subject_69_F_19,view0,/bigdata/users/quansj/datasets/Doppler/wilddoppler/legacy/datasets/AMASS_SMPLX_2022/BMLmovi/Subject_69_F_MoSh/Subject_69_F_19_stageii.npz,4.0,0.0,1.0,593,120.0,4.933333333333334,8
view0__BMLmovi__Subject_69_F_MoSh__Subject_69_F_1,view0,/bigdata/users/quansj/datasets/Doppler/wilddoppler/legacy/datasets/AMASS_SMPLX_2022/BMLmovi/Subject_69_F_MoSh/Subject_69_F_1_stageii.npz,4.0,0.0,1.0,1733,120.0,14.433333333333334,27
view0__BMLmovi__Subject_69_F_MoSh__Subject_69_F_20,view0,/bigdata/users/quansj/datasets/Doppler/wilddoppler/legacy/datasets/AMASS_SMPLX_2022/BMLmovi/Subject_69_F_MoSh/Subject_69_F_20_stageii.npz,4.0,0.0,1.0,1609,120.0,13.4,25
view0__BMLmovi__Subject_69_F_MoSh__Subject_69_F_21,view0,/bigdata/users/quansj/datasets/Doppler/wilddoppler/legacy/datasets/AMASS_SMPLX_2022/BMLmovi/Subject_69_F_MoSh/Subject_69_F_21_stageii.npz,4.0,0.0,1.0,781,120.0,6.5,12
view0__BMLmovi__Subject_69_F_MoSh__Subject_69_F_2,view0,/bigdata/users/quansj/datasets/Doppler/wilddoppler/legacy/datasets/AMASS_SMPLX_2022/BMLmovi/Subject_69_F_MoSh/Subject_69_F_2_stageii.npz,4.0,0.0,1.0,425,120.0,3.533333333333333,6
view0__BMLmovi__Subject_69_F_MoSh__Subject_69_F_3,view0,/bigdata/users/quansj/datasets/Doppler/wilddoppler/legacy/datasets/AMASS_SMPLX_2022/BMLmovi/Subject_69_F_MoSh/Subject_69_F_3_stageii.npz,4.0,0.0,1.0,385,120.0,3.2,5
view0__BMLmovi__Subject_69_F_MoSh__Subject_69_F_4,view0,/bigdata/users/quansj/datasets/Doppler/wilddoppler/legacy/datasets/AMASS_SMPLX_2022/BMLmovi/Subject_69_F_MoSh/Subject_69_F_4_stageii.npz,4.0,0.0,1.0,417,120.0,3.466666666666667,5
view0__BMLmovi__Subject_69_F_MoSh__Subject_69_F_5,view0,/bigdata/users/quansj/datasets/Doppler/wilddoppler/legacy/datasets/AMASS_SMPLX_2022/BMLmovi/Subject_69_F_MoSh/Subject_69_F_5_stageii.npz,4.0,0.0,1.0,501,120.0,4.166666666666667,7
view0__BMLmovi__Subject_69_F_MoSh__Subject_69_F_6,view0,/bigdata/users/quansj/datasets/Doppler/wilddoppler/legacy/datasets/AMASS_SMPLX_2022/BMLmovi/Subject_69_F_MoSh/Subject_69_F_6_stageii.npz,4.0,0.0,1.0,1253,120.0,10.433333333333334,19
view0__BMLmovi__Subject_69_F_MoSh__Subject_69_F_7,view0,/bigdata/users/quansj/datasets/Doppler/wilddoppler/legacy/datasets/AMASS_SMPLX_2022/BMLmovi/Subject_69_F_MoSh/Subject_69_F_7_stageii.npz,4.0,0.0,1.0,541,120.0,4.5,8
view0__BMLmovi__Subject_69_F_MoSh__Subject_69_F_8,view0,/bigdata/users/quansj/datasets/Doppler/wilddoppler/legacy/datasets/AMASS_SMPLX_2022/BMLmovi/Subject_69_F_MoSh/Subject_69_F_8_stageii.npz,4.0,0.0,1.0,1053,120.0,8.766666666666667,16
view0__BMLmovi__Subject_69_F_MoSh__Subject_69_F_9,view0,/bigdata/users/quansj/datasets/Doppler/wilddoppler/legacy/datasets/AMASS_SMPLX_2022/BMLmovi/Subject_69_F_MoSh/Subject_69_F_9_stageii.npz,4.0,0.0,1.0,665,120.0,5.533333333333333,10
view0__BMLmovi__Subject_6_F_MoSh__Subject_6_F_10,view0,/bigdata/users/quansj/datasets/Doppler/wilddoppler/legacy/datasets/AMASS_SMPLX_2022/BMLmovi/Subject_6_F_MoSh/Subject_6_F_10_stageii.npz,4.0,0.0,1.0,241,120.0,2.0,3
view0__BMLmovi__Subject_6_F_MoSh__Subject_6_F_11,view0,/bigdata/users/quansj/datasets/Doppler/wilddoppler/legacy/datasets/AMASS_SMPLX_2022/BMLmovi/Subject_6_F_MoSh/Subject_6_F_11_stageii.npz,4.0,0.0,1.0,541,120.0,4.5,8
view0__BMLmovi__Subject_6_F_MoSh__Subject_6_F_12,view0,/bigdata/users/quansj/datasets/Doppler/wilddoppler/legacy/datasets/AMASS_SMPLX_2022/BMLmovi/Subject_6_F_MoSh/Subject_6_F_12_stageii.npz,4.0,0.0,1.0,269,120.0,2.2333333333333334,3
view0__BMLmovi__Subject_6_F_MoSh__Subject_6_F_13,view0,/bigdata/users/quansj/datasets/Doppler/wilddoppler/legacy/datasets/AMASS_SMPLX_2022/BMLmovi/Subject_6_F_MoSh/Subject_6_F_13_stageii.npz,4.0,0.0,1.0,357,120.0,2.966666666666667,4
view0__BMLmovi__Subject_6_F_MoSh__Subject_6_F_14,view0,/bigdata/users/quansj/datasets/Doppler/wilddoppler/legacy/datasets/AMASS_SMPLX_2022/BMLmovi/Subject_6_F_MoSh/Subject_6_F_14_stageii.npz,4.0,0.0,1.0,417,120.0,3.466666666666667,5
view0__BMLmovi__Subject_6_F_MoSh__Subject_6_F_15,view0,/bigdata/users/quansj/datasets/Doppler/wilddoppler/legacy/datasets/AMASS_SMPLX_2022/BMLmovi/Subject_6_F_MoSh/Subject_6_F_15_stageii.npz,4.0,0.0,1.0,513,120.0,4.266666666666667,7
view0__BMLmovi__Subject_6_F_MoSh__Subject_6_F_16,view0,/bigdata/users/quansj/datasets/Doppler/wilddoppler/legacy/datasets/AMASS_SMPLX_2022/BMLmovi/Subject_6_F_MoSh/Subject_6_F_16_stageii.npz,4.0,0.0,1.0,257,120.0,2.1333333333333333,3
view0__BMLmovi__Subject_6_F_MoSh__Subject_6_F_17,view0,/bigdata/users/quansj/datasets/Doppler/wilddoppler/legacy/datasets/AMASS_SMPLX_2022/BMLmovi/Subject_6_F_MoSh/Subject_6_F_17_stageii.npz,4.0,0.0,1.0,793,120.0,6.6,12
view0__BMLmovi__Subject_6_F_MoSh__Subject_6_F_18,view0,/bigdata/users/quansj/datasets/Doppler/wilddoppler/legacy/datasets/AMASS_SMPLX_2022/BMLmovi/Subject_6_F_MoSh/Subject_6_F_18_stageii.npz,4.0,0.0,1.0,361,120.0,3.0,5
view0__BMLmovi__Subject_6_F_MoSh__Subject_6_F_19,view0,/bigdata/users/quansj/datasets/Doppler/wilddoppler/legacy/datasets/AMASS_SMPLX_2022/BMLmovi/Subject_6_F_MoSh/Subject_6_F_19_stageii.npz,4.0,0.0,1.0,829,120.0,6.9,12
view0__BMLmovi__Subject_6_F_MoSh__Subject_6_F_1,view0,/bigdata/users/quansj/datasets/Doppler/wilddoppler/legacy/datasets/AMASS_SMPLX_2022/BMLmovi/Subject_6_F_MoSh/Subject_6_F_1_stageii.npz,4.0,0.0,1.0,529,120.0,4.4,7
view0__BMLmovi__Subject_6_F_MoSh__Subject_6_F_20,view0,/bigdata/users/quansj/datasets/Doppler/wilddoppler/legacy/datasets/AMASS_SMPLX_2022/BMLmovi/Subject_6_F_MoSh/Subject_6_F_20_stageii.npz,4.0,0.0,1.0,561,120.0,4.666666666666667,8
view0__BMLmovi__Subject_6_F_MoSh__Subject_6_F_21,view0,/bigdata/users/quansj/datasets/Doppler/wilddoppler/legacy/datasets/AMASS_SMPLX_2022/BMLmovi/Subject_6_F_MoSh/Subject_6_F_21_stageii.npz,4.0,0.0,1.0,989,120.0,8.233333333333333,15
view0__BMLmovi__Subject_6_F_MoSh__Subject_6_F_2,view0,/bigdata/users/quansj/datasets/Doppler/wilddoppler/legacy/datasets/AMASS_SMPLX_2022/BMLmovi/Subject_6_F_MoSh/Subject_6_F_2_stageii.npz,4.0,0.0,1.0,285,120.0,2.3666666666666667,3
view0__BMLmovi__Subject_6_F_MoSh__Subject_6_F_3,view0,/bigdata/users/quansj/datasets/Doppler/wilddoppler/legacy/datasets/AMASS_SMPLX_2022/BMLmovi/Subject_6_F_MoSh/Subject_6_F_3_stageii.npz,4.0,0.0,1.0,1529,120.0,12.733333333333333,24
view0__BMLmovi__Subject_6_F_MoSh__Subject_6_F_4,view0,/bigdata/users/quansj/datasets/Doppler/wilddoppler/legacy/datasets/AMASS_SMPLX_2022/BMLmovi/Subject_6_F_MoSh/Subject_6_F_4_stageii.npz,4.0,0.0,1.0,465,120.0,3.8666666666666667,6
view0__BMLmovi__Subject_6_F_MoSh__Subject_6_F_5,view0,/bigdata/users/quansj/datasets/Doppler/wilddoppler/legacy/datasets/AMASS_SMPLX_2022/BMLmovi/Subject_6_F_MoSh/Subject_6_F_5_stageii.npz,4.0,0.0,1.0,421,120.0,3.5,6
view0__BMLmovi__Subject_6_F_MoSh__Subject_6_F_6,view0,/bigdata/users/quansj/datasets/Doppler/wilddoppler/legacy/datasets/AMASS_SMPLX_2022/BMLmovi/Subject_6_F_MoSh/Subject_6_F_6_stageii.npz,4.0,0.0,1.0,325,120.0,2.7,4
view0__BMLmovi__Subject_6_F_MoSh__Subject_6_F_7,view0,/bigdata/users/quansj/datasets/Doppler/wilddoppler/legacy/datasets/AMASS_SMPLX_2022/BMLmovi/Subject_6_F_MoSh/Subject_6_F_7_stageii.npz,4.0,0.0,1.0,533,120.0,4.433333333333334,7
view0__BMLmovi__Subject_6_F_MoSh__Subject_6_F_8,view0,/bigdata/users/quansj/datasets/Doppler/wilddoppler/legacy/datasets/AMASS_SMPLX_2022/BMLmovi/Subject_6_F_MoSh/Subject_6_F_8_stageii.npz,4.0,0.0,1.0,325,120.0,2.7,4
view0__BMLmovi__Subject_6_F_MoSh__Subject_6_F_9,view0,/bigdata/users/quansj/datasets/Doppler/wilddoppler/legacy/datasets/AMASS_SMPLX_2022/BMLmovi/Subject_6_F_MoSh/Subject_6_F_9_stageii.npz,4.0,0.0,1.0,233,120.0,1.9333333333333333,2
view0__BMLmovi__Subject_70_F_MoSh__Subject_70_F_10,view0,/bigdata/users/quansj/datasets/Doppler/wilddoppler/legacy/datasets/AMASS_SMPLX_2022/BMLmovi/Subject_70_F_MoSh/Subject_70_F_10_stageii.npz,4.0,0.0,1.0,425,120.0,3.533333333333333,6
view0__BMLmovi__Subject_70_F_MoSh__Subject_70_F_11,view0,/bigdata/users/quansj/datasets/Doppler/wilddoppler/legacy/datasets/AMASS_SMPLX_2022/BMLmovi/Subject_70_F_MoSh/Subject_70_F_11_stageii.npz,4.0,0.0,1.0,345,120.0,2.8666666666666667,4
view0__BMLmovi__Subject_70_F_MoSh__Subject_70_F_12,view0,/bigdata/users/quansj/datasets/Doppler/wilddoppler/legacy/datasets/AMASS_SMPLX_2022/BMLmovi/Subject_70_F_MoSh/Subject_70_F_12_stageii.npz,4.0,0.0,1.0,533,120.0,4.433333333333334,7
view0__BMLmovi__Subject_70_F_MoSh__Subject_70_F_13,view0,/bigdata/users/quansj/datasets/Doppler/wilddoppler/legacy/datasets/AMASS_SMPLX_2022/BMLmovi/Subject_70_F_MoSh/Subject_70_F_13_stageii.npz,4.0,0.0,1.0,421,120.0,3.5,6
view0__BMLmovi__Subject_70_F_MoSh__Subject_70_F_14,view0,/bigdata/users/quansj/datasets/Doppler/wilddoppler/legacy/datasets/AMASS_SMPLX_2022/BMLmovi/Subject_70_F_MoSh/Subject_70_F_14_stageii.npz,4.0,0.0,1.0,417,120.0,3.466666666666667,5
view0__BMLmovi__Subject_70_F_MoSh__Subject_70_F_15,view0,/bigdata/users/quansj/datasets/Doppler/wilddoppler/legacy/datasets/AMASS_SMPLX_2022/BMLmovi/Subject_70_F_MoSh/Subject_70_F_15_stageii.npz,4.0,0.0,1.0,633,120.0,5.266666666666667,9
view0__BMLmovi__Subject_70_F_MoSh__Subject_70_F_16,view0,/bigdata/users/quansj/datasets/Doppler/wilddoppler/legacy/datasets/AMASS_SMPLX_2022/BMLmovi/Subject_70_F_MoSh/Subject_70_F_16_stageii.npz,4.0,0.0,1.0,469,120.0,3.9,6
view0__BMLmovi__Subject_70_F_MoSh__Subject_70_F_17,view0,/bigdata/users/quansj/datasets/Doppler/wilddoppler/legacy/datasets/AMASS_SMPLX_2022/BMLmovi/Subject_70_F_MoSh/Subject_70_F_17_stageii.npz,4.0,0.0,1.0,369,120.0,3.066666666666667,5
view0__BMLmovi__Subject_70_F_MoSh__Subject_70_F_18,view0,/bigdata/users/quansj/datasets/Doppler/wilddoppler/legacy/datasets/AMASS_SMPLX_2022/BMLmovi/Subject_70_F_MoSh/Subject_70_F_18_stageii.npz,4.0,0.0,1.0,445,120.0,3.7,6
view0__BMLmovi__Subject_70_F_MoSh__Subject_70_F_19,view0,/bigdata/users/quansj/datasets/Doppler/wilddoppler/legacy/datasets/AMASS_SMPLX_2022/BMLmovi/Subject_70_F_MoSh/Subject_70_F_19_stageii.npz,4.0,0.0,1.0,305,120.0,2.533333333333333,4
view0__BMLmovi__Subject_70_F_MoSh__Subject_70_F_1,view0,/bigdata/users/quansj/datasets/Doppler/wilddoppler/legacy/datasets/AMASS_SMPLX_2022/BMLmovi/Subject_70_F_MoSh/Subject_70_F_1_stageii.npz,4.0,0.0,1.0,821,120.0,6.833333333333333,12
view0__BMLmovi__Subject_70_F_MoSh__Subject_70_F_20,view0,/bigdata/users/quansj/datasets/Doppler/wilddoppler/legacy/datasets/AMASS_SMPLX_2022/BMLmovi/Subject_70_F_MoSh/Subject_70_F_20_stageii.npz,4.0,0.0,1.0,1373,120.0,11.433333333333334,21
view0__BMLmovi__Subject_70_F_MoSh__Subject_70_F_21,view0,/bigdata/users/quansj/datasets/Doppler/wilddoppler/legacy/datasets/AMASS_SMPLX_2022/BMLmovi/Subject_70_F_MoSh/Subject_70_F_21_stageii.npz,4.0,0.0,1.0,853,120.0,7.1,13
view0__BMLmovi__Subject_70_F_MoSh__Subject_70_F_2,view0,/bigdata/users/quansj/datasets/Doppler/wilddoppler/legacy/datasets/AMASS_SMPLX_2022/BMLmovi/Subject_70_F_MoSh/Subject_70_F_2_stageii.npz,4.0,0.0,1.0,509,120.0,4.233333333333333,7
view0__BMLmovi__Subject_70_F_MoSh__Subject_70_F_3,view0,/bigdata/users/quansj/datasets/Doppler/wilddoppler/legacy/datasets/AMASS_SMPLX_2022/BMLmovi/Subject_70_F_MoSh/Subject_70_F_3_stageii.npz,4.0,0.0,1.0,449,120.0,3.7333333333333334,6
view0__BMLmovi__Subject_70_F_MoSh__Subject_70_F_4,view0,/bigdata/users/quansj/datasets/Doppler/wilddoppler/legacy/datasets/AMASS_SMPLX_2022/BMLmovi/Subject_70_F_MoSh/Subject_70_F_4_stageii.npz,4.0,0.0,1.0,1041,120.0,8.666666666666666,16
view0__BMLmovi__Subject_70_F_MoSh__Subject_70_F_5,view0,/bigdata/users/quansj/datasets/Doppler/wilddoppler/legacy/datasets/AMASS_SMPLX_2022/BMLmovi/Subject_70_F_MoSh/Subject_70_F_5_stageii.npz,4.0,0.0,1.0,337,120.0,2.8,4
view0__BMLmovi__Subject_70_F_MoSh__Subject_70_F_6,view0,/bigdata/users/quansj/datasets/Doppler/wilddoppler/legacy/datasets/AMASS_SMPLX_2022/BMLmovi/Subject_70_F_MoSh/Subject_70_F_6_stageii.npz,4.0,0.0,1.0,417,120.0,3.466666666666667,5
view0__BMLmovi__Subject_70_F_MoSh__Subject_70_F_7,view0,/bigdata/users/quansj/datasets/Doppler/wilddoppler/legacy/datasets/AMASS_SMPLX_2022/BMLmovi/Subject_70_F_MoSh/Subject_70_F_7_stageii.npz,4.0,0.0,1.0,985,120.0,8.2,15
view0__BMLmovi__Subject_70_F_MoSh__Subject_70_F_8,view0,/bigdata/users/quansj/datasets/Doppler/wilddoppler/legacy/datasets/AMASS_SMPLX_2022/BMLmovi/Subject_70_F_MoSh/Subject_70_F_8_stageii.npz,4.0,0.0,1.0,913,120.0,7.6,14
view0__BMLmovi__Subject_70_F_MoSh__Subject_70_F_9,view0,/bigdata/users/quansj/datasets/Doppler/wilddoppler/legacy/datasets/AMASS_SMPLX_2022/BMLmovi/Subject_70_F_MoSh/Subject_70_F_9_stageii.npz,4.0,0.0,1.0,365,120.0,3.033333333333333,5
view0__BMLmovi__Subject_71_F_MoSh__Subject_71_F_10,view0,/bigdata/users/quansj/datasets/Doppler/wilddoppler/legacy/datasets/AMASS_SMPLX_2022/BMLmovi/Subject_71_F_MoSh/Subject_71_F_10_stageii.npz,4.0,0.0,1.0,765,120.0,6.366666666666666,11
view0__BMLmovi__Subject_71_F_MoSh__Subject_71_F_11,view0,/bigdata/users/quansj/datasets/Doppler/wilddoppler/legacy/datasets/AMASS_SMPLX_2022/BMLmovi/Subject_71_F_MoSh/Subject_71_F_11_stageii.npz,4.0,0.0,1.0,497,120.0,4.133333333333334,7
view0__BMLmovi__Subject_71_F_MoSh__Subject_71_F_12,view0,/bigdata/users/quansj/datasets/Doppler/wilddoppler/legacy/datasets/AMASS_SMPLX_2022/BMLmovi/Subject_71_F_MoSh/Subject_71_F_12_stageii.npz,4.0,0.0,1.0,481,120.0,4.0,7
view0__BMLmovi__Subject_71_F_MoSh__Subject_71_F_13,view0,/bigdata/users/quansj/datasets/Doppler/wilddoppler/legacy/datasets/AMASS_SMPLX_2022/BMLmovi/Subject_71_F_MoSh/Subject_71_F_13_stageii.npz,4.0,0.0,1.0,429,120.0,3.566666666666667,6
view0__BMLmovi__Subject_71_F_MoSh__Subject_71_F_14,view0,/bigdata/users/quansj/datasets/Doppler/wilddoppler/legacy/datasets/AMASS_SMPLX_2022/BMLmovi/Subject_71_F_MoSh/Subject_71_F_14_stageii.npz,4.0,0.0,1.0,577,120.0,4.8,8
view0__BMLmovi__Subject_71_F_MoSh__Subject_71_F_15,view0,/bigdata/users/quansj/datasets/Doppler/wilddoppler/legacy/datasets/AMASS_SMPLX_2022/BMLmovi/Subject_71_F_MoSh/Subject_71_F_15_stageii.npz,4.0,0.0,1.0,385,120.0,3.2,5
view0__BMLmovi__Subject_71_F_MoSh__Subject_71_F_16,view0,/bigdata/users/quansj/datasets/Doppler/wilddoppler/legacy/datasets/AMASS_SMPLX_2022/BMLmovi/Subject_71_F_MoSh/Subject_71_F_16_stageii.npz,4.0,0.0,1.0,941,120.0,7.833333333333333,14
view0__BMLmovi__Subject_71_F_MoSh__Subject_71_F_17,view0,/bigdata/users/quansj/datasets/Doppler/wilddoppler/legacy/datasets/AMASS_SMPLX_2022/BMLmovi/Subject_71_F_MoSh/Subject_71_F_17_stageii.npz,4.0,0.0,1.0,1069,120.0,8.9,16
view0__BMLmovi__Subject_71_F_MoSh__Subject_71_F_18,view0,/bigdata/users/quansj/datasets/Doppler/wilddoppler/legacy/datasets/AMASS_SMPLX_2022/BMLmovi/Subject_71_F_MoSh/Subject_71_F_18_stageii.npz,4.0,0.0,1.0,893,120.0,7.433333333333334,13
view0__BMLmovi__Subject_71_F_MoSh__Subject_71_F_19,view0,/bigdata/users/quansj/datasets/Doppler/wilddoppler/legacy/datasets/AMASS_SMPLX_2022/BMLmovi/Subject_71_F_MoSh/Subject_71_F_19_stageii.npz,4.0,0.0,1.0,1161,120.0,9.666666666666666,18
view0__BMLmovi__Subject_71_F_MoSh__Subject_71_F_1,view0,/bigdata/users/quansj/datasets/Doppler/wilddoppler/legacy/datasets/AMASS_SMPLX_2022/BMLmovi/Subject_71_F_MoSh/Subject_71_F_1_stageii.npz,4.0,0.0,1.0,413,120.0,3.433333333333333,5
view0__BMLmovi__Subject_71_F_MoSh__Subject_71_F_20,view0,/bigdata/users/quansj/datasets/Doppler/wilddoppler/legacy/datasets/AMASS_SMPLX_2022/BMLmovi/Subject_71_F_MoSh/Subject_71_F_20_stageii.npz,4.0,0.0,1.0,653,120.0,5.433333333333334,9
view0__BMLmovi__Subject_71_F_MoSh__Subject_71_F_21,view0,/bigdata/users/quansj/datasets/Doppler/wilddoppler/legacy/datasets/AMASS_SMPLX_2022/BMLmovi/Subject_71_F_MoSh/Subject_71_F_21_stageii.npz,4.0,0.0,1.0,505,120.0,4.2,7
view0__BMLmovi__Subject_71_F_MoSh__Subject_71_F_2,view0,/bigdata/users/quansj/datasets/Doppler/wilddoppler/legacy/datasets/AMASS_SMPLX_2022/BMLmovi/Subject_71_F_MoSh/Subject_71_F_2_stageii.npz,4.0,0.0,1.0,937,120.0,7.8,14
view0__BMLmovi__Subject_71_F_MoSh__Subject_71_F_3,view0,/bigdata/users/quansj/datasets/Doppler/wilddoppler/legacy/datasets/AMASS_SMPLX_2022/BMLmovi/Subject_71_F_MoSh/Subject_71_F_3_stageii.npz,4.0,0.0,1.0,549,120.0,4.566666666666666,8
view0__BMLmovi__Subject_71_F_MoSh__Subject_71_F_4,view0,/bigdata/users/quansj/datasets/Doppler/wilddoppler/legacy/datasets/AMASS_SMPLX_2022/BMLmovi/Subject_71_F_MoSh/Subject_71_F_4_stageii.npz,4.0,0.0,1.0,377,120.0,3.1333333333333333,5
view0__BMLmovi__Subject_71_F_MoSh__Subject_71_F_5,view0,/bigdata/users/quansj/datasets/Doppler/wilddoppler/legacy/datasets/AMASS_SMPLX_2022/BMLmovi/Subject_71_F_MoSh/Subject_71_F_5_stageii.npz,4.0,0.0,1.0,609,120.0,5.066666666666666,9
view0__BMLmovi__Subject_71_F_MoSh__Subject_71_F_6,view0,/bigdata/users/quansj/datasets/Doppler/wilddoppler/legacy/datasets/AMASS_SMPLX_2022/BMLmovi/Subject_71_F_MoSh/Subject_71_F_6_stageii.npz,4.0,0.0,1.0,945,120.0,7.866666666666666,14
view0__BMLmovi__Subject_71_F_MoSh__Subject_71_F_7,view0,/bigdata/users/quansj/datasets/Doppler/wilddoppler/legacy/datasets/AMASS_SMPLX_2022/BMLmovi/Subject_71_F_MoSh/Subject_71_F_7_stageii.npz,4.0,0.0,1.0,441,120.0,3.6666666666666665,6
view0__BMLmovi__Subject_71_F_MoSh__Subject_71_F_8,view0,/bigdata/users/quansj/datasets/Doppler/wilddoppler/legacy/datasets/AMASS_SMPLX_2022/BMLmovi/Subject_71_F_MoSh/Subject_71_F_8_stageii.npz,4.0,0.0,1.0,489,120.0,4.066666666666666,7
view0__BMLmovi__Subject_71_F_MoSh__Subject_71_F_9,view0,/bigdata/users/quansj/datasets/Doppler/wilddoppler/legacy/datasets/AMASS_SMPLX_2022/BMLmovi/Subject_71_F_MoSh/Subject_71_F_9_stageii.npz,4.0,0.0,1.0,377,120.0,3.1333333333333333,5
view0__BMLmovi__Subject_72_F_MoSh__Subject_72_F_10,view0,/bigdata/users/quansj/datasets/Doppler/wilddoppler/legacy/datasets/AMASS_SMPLX_2022/BMLmovi/Subject_72_F_MoSh/Subject_72_F_10_stageii.npz,4.0,0.0,1.0,521,120.0,4.333333333333333,7
view0__BMLmovi__Subject_72_F_MoSh__Subject_72_F_11,view0,/bigdata/users/quansj/datasets/Doppler/wilddoppler/legacy/datasets/AMASS_SMPLX_2022/BMLmovi/Subject_72_F_MoSh/Subject_72_F_11_stageii.npz,4.0,0.0,1.0,553,120.0,4.6,8
view0__BMLmovi__Subject_72_F_MoSh__Subject_72_F_12,view0,/bigdata/users/quansj/datasets/Doppler/wilddoppler/legacy/datasets/AMASS_SMPLX_2022/BMLmovi/Subject_72_F_MoSh/Subject_72_F_12_stageii.npz,4.0,0.0,1.0,565,120.0,4.7,8
view0__BMLmovi__Subject_72_F_MoSh__Subject_72_F_13,view0,/bigdata/users/quansj/datasets/Doppler/wilddoppler/legacy/datasets/AMASS_SMPLX_2022/BMLmovi/Subject_72_F_MoSh/Subject_72_F_13_stageii.npz,4.0,0.0,1.0,449,120.0,3.7333333333333334,6
view0__BMLmovi__Subject_72_F_MoSh__Subject_72_F_14,view0,/bigdata/users/quansj/datasets/Doppler/wilddoppler/legacy/datasets/AMASS_SMPLX_2022/BMLmovi/Subject_72_F_MoSh/Subject_72_F_14_stageii.npz,4.0,0.0,1.0,477,120.0,3.966666666666667,6
view0__BMLmovi__Subject_72_F_MoSh__Subject_72_F_15,view0,/bigdata/users/quansj/datasets/Doppler/wilddoppler/legacy/datasets/AMASS_SMPLX_2022/BMLmovi/Subject_72_F_MoSh/Subject_72_F_15_stageii.npz,4.0,0.0,1.0,489,120.0,4.066666666666666,7
view0__BMLmovi__Subject_72_F_MoSh__Subject_72_F_16,view0,/bigdata/users/quansj/datasets/Doppler/wilddoppler/legacy/datasets/AMASS_SMPLX_2022/BMLmovi/Subject_72_F_MoSh/Subject_72_F_16_stageii.npz,4.0,0.0,1.0,1017,120.0,8.466666666666667,15
view0__BMLmovi__Subject_72_F_MoSh__Subject_72_F_17,view0,/bigdata/users/quansj/datasets/Doppler/wilddoppler/legacy/datasets/AMASS_SMPLX_2022/BMLmovi/Subject_72_F_MoSh/Subject_72_F_17_stageii.npz,4.0,0.0,1.0,413,120.0,3.433333333333333,5
view0__BMLmovi__Subject_72_F_MoSh__Subject_72_F_18,view0,/bigdata/users/quansj/datasets/Doppler/wilddoppler/legacy/datasets/AMASS_SMPLX_2022/BMLmovi/Subject_72_F_MoSh/Subject_72_F_18_stageii.npz,4.0,0.0,1.0,601,120.0,5.0,9
view0__BMLmovi__Subject_72_F_MoSh__Subject_72_F_19,view0,/bigdata/users/quansj/datasets/Doppler/wilddoppler/legacy/datasets/AMASS_SMPLX_2022/BMLmovi/Subject_72_F_MoSh/Subject_72_F_19_stageii.npz,4.0,0.0,1.0,361,120.0,3.0,5
view0__BMLmovi__Subject_72_F_MoSh__Subject_72_F_1,view0,/bigdata/users/quansj/datasets/Doppler/wilddoppler/legacy/datasets/AMASS_SMPLX_2022/BMLmovi/Subject_72_F_MoSh/Subject_72_F_1_stageii.npz,4.0,0.0,1.0,1129,120.0,9.4,17
view0__BMLmovi__Subject_72_F_MoSh__Subject_72_F_20,view0,/bigdata/users/quansj/datasets/Doppler/wilddoppler/legacy/datasets/AMASS_SMPLX_2022/BMLmovi/Subject_72_F_MoSh/Subject_72_F_20_stageii.npz,4.0,0.0,1.0,1081,120.0,9.0,17
view0__BMLmovi__Subject_72_F_MoSh__Subject_72_F_21,view0,/bigdata/users/quansj/datasets/Doppler/wilddoppler/legacy/datasets/AMASS_SMPLX_2022/BMLmovi/Subject_72_F_MoSh/Subject_72_F_21_stageii.npz,4.0,0.0,1.0,1461,120.0,12.166666666666666,23
view0__BMLmovi__Subject_72_F_MoSh__Subject_72_F_2,view0,/bigdata/users/quansj/datasets/Doppler/wilddoppler/legacy/datasets/AMASS_SMPLX_2022/BMLmovi/Subject_72_F_MoSh/Subject_72_F_2_stageii.npz,4.0,0.0,1.0,573,120.0,4.766666666666667,8
view0__BMLmovi__Subject_72_F_MoSh__Subject_72_F_3,view0,/bigdata/users/quansj/datasets/Doppler/wilddoppler/legacy/datasets/AMASS_SMPLX_2022/BMLmovi/Subject_72_F_MoSh/Subject_72_F_3_stageii.npz,4.0,0.0,1.0,925,120.0,7.7,14
view0__BMLmovi__Subject_72_F_MoSh__Subject_72_F_4,view0,/bigdata/users/quansj/datasets/Doppler/wilddoppler/legacy/datasets/AMASS_SMPLX_2022/BMLmovi/Subject_72_F_MoSh/Subject_72_F_4_stageii.npz,4.0,0.0,1.0,617,120.0,5.133333333333334,9
view0__BMLmovi__Subject_72_F_MoSh__Subject_72_F_5,view0,/bigdata/users/quansj/datasets/Doppler/wilddoppler/legacy/datasets/AMASS_SMPLX_2022/BMLmovi/Subject_72_F_MoSh/Subject_72_F_5_stageii.npz,4.0,0.0,1.0,765,120.0,6.366666666666666,11
view0__BMLmovi__Subject_72_F_MoSh__Subject_72_F_6,view0,/bigdata/users/quansj/datasets/Doppler/wilddoppler/legacy/datasets/AMASS_SMPLX_2022/BMLmovi/Subject_72_F_MoSh/Subject_72_F_6_stageii.npz,4.0,0.0,1.0,569,120.0,4.733333333333333,8
view0__BMLmovi__Subject_72_F_MoSh__Subject_72_F_7,view0,/bigdata/users/quansj/datasets/Doppler/wilddoppler/legacy/datasets/AMASS_SMPLX_2022/BMLmovi/Subject_72_F_MoSh/Subject_72_F_7_stageii.npz,4.0,0.0,1.0,341,120.0,2.8333333333333335,4
view0__BMLmovi__Subject_72_F_MoSh__Subject_72_F_8,view0,/bigdata/users/quansj/datasets/Doppler/wilddoppler/legacy/datasets/AMASS_SMPLX_2022/BMLmovi/Subject_72_F_MoSh/Subject_72_F_8_stageii.npz,4.0,0.0,1.0,869,120.0,7.233333333333333,13
view0__BMLmovi__Subject_72_F_MoSh__Subject_72_F_9,view0,/bigdata/users/quansj/datasets/Doppler/wilddoppler/legacy/datasets/AMASS_SMPLX_2022/BMLmovi/Subject_72_F_MoSh/Subject_72_F_9_stageii.npz,4.0,0.0,1.0,409,120.0,3.4,5
view0__BMLmovi__Subject_73_F_MoSh__Subject_73_F_10,view0,/bigdata/users/quansj/datasets/Doppler/wilddoppler/legacy/datasets/AMASS_SMPLX_2022/BMLmovi/Subject_73_F_MoSh/Subject_73_F_10_stageii.npz,4.0,0.0,1.0,789,120.0,6.566666666666666,12
view0__BMLmovi__Subject_73_F_MoSh__Subject_73_F_11,view0,/bigdata/users/quansj/datasets/Doppler/wilddoppler/legacy/datasets/AMASS_SMPLX_2022/BMLmovi/Subject_73_F_MoSh/Subject_73_F_11_stageii.npz,4.0,0.0,1.0,581,120.0,4.833333333333333,8
view0__BMLmovi__Subject_73_F_MoSh__Subject_73_F_12,view0,/bigdata/users/quansj/datasets/Doppler/wilddoppler/legacy/datasets/AMASS_SMPLX_2022/BMLmovi/Subject_73_F_MoSh/Subject_73_F_12_stageii.npz,4.0,0.0,1.0,705,120.0,5.866666666666666,10
view0__BMLmovi__Subject_73_F_MoSh__Subject_73_F_13,view0,/bigdata/users/quansj/datasets/Doppler/wilddoppler/legacy/datasets/AMASS_SMPLX_2022/BMLmovi/Subject_73_F_MoSh/Subject_73_F_13_stageii.npz,4.0,0.0,1.0,437,120.0,3.6333333333333333,6
view0__BMLmovi__Subject_73_F_MoSh__Subject_73_F_14,view0,/bigdata/users/quansj/datasets/Doppler/wilddoppler/legacy/datasets/AMASS_SMPLX_2022/BMLmovi/Subject_73_F_MoSh/Subject_73_F_14_stageii.npz,4.0,0.0,1.0,553,120.0,4.6,8
view0__BMLmovi__Subject_73_F_MoSh__Subject_73_F_15,view0,/bigdata/users/quansj/datasets/Doppler/wilddoppler/legacy/datasets/AMASS_SMPLX_2022/BMLmovi/Subject_73_F_MoSh/Subject_73_F_15_stageii.npz,4.0,0.0,1.0,485,120.0,4.033333333333333,7
view0__BMLmovi__Subject_73_F_MoSh__Subject_73_F_16,view0,/bigdata/users/quansj/datasets/Doppler/wilddoppler/legacy/datasets/AMASS_SMPLX_2022/BMLmovi/Subject_73_F_MoSh/Subject_73_F_16_stageii.npz,4.0,0.0,1.0,605,120.0,5.033333333333333,9
view0__BMLmovi__Subject_73_F_MoSh__Subject_73_F_17,view0,/bigdata/users/quansj/datasets/Doppler/wilddoppler/legacy/datasets/AMASS_SMPLX_2022/BMLmovi/Subject_73_F_MoSh/Subject_73_F_17_stageii.npz,4.0,0.0,1.0,585,120.0,4.866666666666666,8
view0__BMLmovi__Subject_73_F_MoSh__Subject_73_F_18,view0,/bigdata/users/quansj/datasets/Doppler/wilddoppler/legacy/datasets/AMASS_SMPLX_2022/BMLmovi/Subject_73_F_MoSh/Subject_73_F_18_stageii.npz,4.0,0.0,1.0,1141,120.0,9.5,18
view0__BMLmovi__Subject_73_F_MoSh__Subject_73_F_19,view0,/bigdata/users/quansj/datasets/Doppler/wilddoppler/legacy/datasets/AMASS_SMPLX_2022/BMLmovi/Subject_73_F_MoSh/Subject_73_F_19_stageii.npz,4.0,0.0,1.0,381,120.0,3.1666666666666665,5
view0__BMLmovi__Subject_73_F_MoSh__Subject_73_F_1,view0,/bigdata/users/quansj/datasets/Doppler/wilddoppler/legacy/datasets/AMASS_SMPLX_2022/BMLmovi/Subject_73_F_MoSh/Subject_73_F_1_stageii.npz,4.0,0.0,1.0,453,120.0,3.7666666666666666,6
view0__BMLmovi__Subject_73_F_MoSh__Subject_73_F_20,view0,/bigdata/users/quansj/datasets/Doppler/wilddoppler/legacy/datasets/AMASS_SMPLX_2022/BMLmovi/Subject_73_F_MoSh/Subject_73_F_20_stageii.npz,4.0,0.0,1.0,933,120.0,7.766666666666667,14
view0__BMLmovi__Subject_73_F_MoSh__Subject_73_F_21,view0,/bigdata/users/quansj/datasets/Doppler/wilddoppler/legacy/datasets/AMASS_SMPLX_2022/BMLmovi/Subject_73_F_MoSh/Subject_73_F_21_stageii.npz,4.0,0.0,1.0,1161,120.0,9.666666666666666,18
view0__BMLmovi__Subject_73_F_MoSh__Subject_73_F_2,view0,/bigdata/users/quansj/datasets/Doppler/wilddoppler/legacy/datasets/AMASS_SMPLX_2022/BMLmovi/Subject_73_F_MoSh/Subject_73_F_2_stageii.npz,4.0,0.0,1.0,469,120.0,3.9,6
view0__BMLmovi__Subject_73_F_MoSh__Subject_73_F_3,view0,/bigdata/users/quansj/datasets/Doppler/wilddoppler/legacy/datasets/AMASS_SMPLX_2022/BMLmovi/Subject_73_F_MoSh/Subject_73_F_3_stageii.npz,4.0,0.0,1.0,1197,120.0,9.966666666666667,18
view0__BMLmovi__Subject_73_F_MoSh__Subject_73_F_4,view0,/bigdata/users/quansj/datasets/Doppler/wilddoppler/legacy/datasets/AMASS_SMPLX_2022/BMLmovi/Subject_73_F_MoSh/Subject_73_F_4_stageii.npz,4.0,0.0,1.0,521,120.0,4.333333333333333,7
view0__BMLmovi__Subject_73_F_MoSh__Subject_73_F_5,view0,/bigdata/users/quansj/datasets/Doppler/wilddoppler/legacy/datasets/AMASS_SMPLX_2022/BMLmovi/Subject_73_F_MoSh/Subject_73_F_5_stageii.npz,4.0,0.0,1.0,1213,120.0,10.1,19
view0__BMLmovi__Subject_73_F_MoSh__Subject_73_F_6,view0,/bigdata/users/quansj/datasets/Doppler/wilddoppler/legacy/datasets/AMASS_SMPLX_2022/BMLmovi/Subject_73_F_MoSh/Subject_73_F_6_stageii.npz,4.0,0.0,1.0,729,120.0,6.066666666666666,11
view0__BMLmovi__Subject_73_F_MoSh__Subject_73_F_7,view0,/bigdata/users/quansj/datasets/Doppler/wilddoppler/legacy/datasets/AMASS_SMPLX_2022/BMLmovi/Subject_73_F_MoSh/Subject_73_F_7_stageii.npz,4.0,0.0,1.0,1913,120.0,15.933333333333334,30
view0__BMLmovi__Subject_73_F_MoSh__Subject_73_F_8,view0,/bigdata/users/quansj/datasets/Doppler/wilddoppler/legacy/datasets/AMASS_SMPLX_2022/BMLmovi/Subject_73_F_MoSh/Subject_73_F_8_stageii.npz,4.0,0.0,1.0,617,120.0,5.133333333333334,9
view0__BMLmovi__Subject_73_F_MoSh__Subject_73_F_9,view0,/bigdata/users/quansj/datasets/Doppler/wilddoppler/legacy/datasets/AMASS_SMPLX_2022/BMLmovi/Subject_73_F_MoSh/Subject_73_F_9_stageii.npz,4.0,0.0,1.0,601,120.0,5.0,9
view0__BMLmovi__Subject_74_F_MoSh__Subject_74_F_10,view0,/bigdata/users/quansj/datasets/Doppler/wilddoppler/legacy/datasets/AMASS_SMPLX_2022/BMLmovi/Subject_74_F_MoSh/Subject_74_F_10_stageii.npz,4.0,0.0,1.0,1189,120.0,9.9,18
view0__BMLmovi__Subject_74_F_MoSh__Subject_74_F_11,view0,/bigdata/users/quansj/datasets/Doppler/wilddoppler/legacy/datasets/AMASS_SMPLX_2022/BMLmovi/Subject_74_F_MoSh/Subject_74_F_11_stageii.npz,4.0,0.0,1.0,549,120.0,4.566666666666666,8
view0__BMLmovi__Subject_74_F_MoSh__Subject_74_F_12,view0,/bigdata/users/quansj/datasets/Doppler/wilddoppler/legacy/datasets/AMASS_SMPLX_2022/BMLmovi/Subject_74_F_MoSh/Subject_74_F_12_stageii.npz,4.0,0.0,1.0,473,120.0,3.933333333333333,6
view0__BMLmovi__Subject_74_F_MoSh__Subject_74_F_13,view0,/bigdata/users/quansj/datasets/Doppler/wilddoppler/legacy/datasets/AMASS_SMPLX_2022/BMLmovi/Subject_74_F_MoSh/Subject_74_F_13_stageii.npz,4.0,0.0,1.0,1225,120.0,10.2,19
view0__BMLmovi__Subject_74_F_MoSh__Subject_74_F_14,view0,/bigdata/users/quansj/datasets/Doppler/wilddoppler/legacy/datasets/AMASS_SMPLX_2022/BMLmovi/Subject_74_F_MoSh/Subject_74_F_14_stageii.npz,4.0,0.0,1.0,381,120.0,3.1666666666666665,5
view0__BMLmovi__Subject_74_F_MoSh__Subject_74_F_15,view0,/bigdata/users/quansj/datasets/Doppler/wilddoppler/legacy/datasets/AMASS_SMPLX_2022/BMLmovi/Subject_74_F_MoSh/Subject_74_F_15_stageii.npz,4.0,0.0,1.0,381,120.0,3.1666666666666665,5
view0__BMLmovi__Subject_74_F_MoSh__Subject_74_F_16,view0,/bigdata/users/quansj/datasets/Doppler/wilddoppler/legacy/datasets/AMASS_SMPLX_2022/BMLmovi/Subject_74_F_MoSh/Subject_74_F_16_stageii.npz,4.0,0.0,1.0,489,120.0,4.066666666666666,7
view0__BMLmovi__Subject_74_F_MoSh__Subject_74_F_17,view0,/bigdata/users/quansj/datasets/Doppler/wilddoppler/legacy/datasets/AMASS_SMPLX_2022/BMLmovi/Subject_74_F_MoSh/Subject_74_F_17_stageii.npz,4.0,0.0,1.0,597,120.0,4.966666666666667,8
view0__BMLmovi__Subject_74_F_MoSh__Subject_74_F_18,view0,/bigdata/users/quansj/datasets/Doppler/wilddoppler/legacy/datasets/AMASS_SMPLX_2022/BMLmovi/Subject_74_F_MoSh/Subject_74_F_18_stageii.npz,4.0,0.0,1.0,1045,120.0,8.7,16
view0__BMLmovi__Subject_74_F_MoSh__Subject_74_F_19,view0,/bigdata/users/quansj/datasets/Doppler/wilddoppler/legacy/datasets/AMASS_SMPLX_2022/BMLmovi/Subject_74_F_MoSh/Subject_74_F_19_stageii.npz,4.0,0.0,1.0,569,120.0,4.733333333333333,8
view0__BMLmovi__Subject_74_F_MoSh__Subject_74_F_1,view0,/bigdata/users/quansj/datasets/Doppler/wilddoppler/legacy/datasets/AMASS_SMPLX_2022/BMLmovi/Subject_74_F_MoSh/Subject_74_F_1_stageii.npz,4.0,0.0,1.0,429,120.0,3.566666666666667,6
view0__BMLmovi__Subject_74_F_MoSh__Subject_74_F_20,view0,/bigdata/users/quansj/datasets/Doppler/wilddoppler/legacy/datasets/AMASS_SMPLX_2022/BMLmovi/Subject_74_F_MoSh/Subject_74_F_20_stageii.npz,4.0,0.0,1.0,989,120.0,8.233333333333333,15
view0__BMLmovi__Subject_74_F_MoSh__Subject_74_F_21,view0,/bigdata/users/quansj/datasets/Doppler/wilddoppler/legacy/datasets/AMASS_SMPLX_2022/BMLmovi/Subject_74_F_MoSh/Subject_74_F_21_stageii.npz,4.0,0.0,1.0,493,120.0,4.1,7
view0__BMLmovi__Subject_74_F_MoSh__Subject_74_F_2,view0,/bigdata/users/quansj/datasets/Doppler/wilddoppler/legacy/datasets/AMASS_SMPLX_2022/BMLmovi/Subject_74_F_MoSh/Subject_74_F_2_stageii.npz,4.0,0.0,1.0,413,120.0,3.433333333333333,5
view0__BMLmovi__Subject_74_F_MoSh__Subject_74_F_3,view0,/bigdata/users/quansj/datasets/Doppler/wilddoppler/legacy/datasets/AMASS_SMPLX_2022/BMLmovi/Subject_74_F_MoSh/Subject_74_F_3_stageii.npz,4.0,0.0,1.0,573,120.0,4.766666666666667,8
view0__BMLmovi__Subject_74_F_MoSh__Subject_74_F_4,view0,/bigdata/users/quansj/datasets/Doppler/wilddoppler/legacy/datasets/AMASS_SMPLX_2022/BMLmovi/Subject_74_F_MoSh/Subject_74_F_4_stageii.npz,4.0,0.0,1.0,457,120.0,3.8,6
view0__BMLmovi__Subject_74_F_MoSh__Subject_74_F_5,view0,/bigdata/users/quansj/datasets/Doppler/wilddoppler/legacy/datasets/AMASS_SMPLX_2022/BMLmovi/Subject_74_F_MoSh/Subject_74_F_5_stageii.npz,4.0,0.0,1.0,717,120.0,5.966666666666667,10
view0__BMLmovi__Subject_74_F_MoSh__Subject_74_F_6,view0,/bigdata/users/quansj/datasets/Doppler/wilddoppler/legacy/datasets/AMASS_SMPLX_2022/BMLmovi/Subject_74_F_MoSh/Subject_74_F_6_stageii.npz,4.0,0.0,1.0,473,120.0,3.933333333333333,6
view0__BMLmovi__Subject_74_F_MoSh__Subject_74_F_7,view0,/bigdata/users/quansj/datasets/Doppler/wilddoppler/legacy/datasets/AMASS_SMPLX_2022/BMLmovi/Subject_74_F_MoSh/Subject_74_F_7_stageii.npz,4.0,0.0,1.0,849,120.0,7.066666666666666,13
view0__BMLmovi__Subject_74_F_MoSh__Subject_74_F_8,view0,/bigdata/users/quansj/datasets/Doppler/wilddoppler/legacy/datasets/AMASS_SMPLX_2022/BMLmovi/Subject_74_F_MoSh/Subject_74_F_8_stageii.npz,4.0,0.0,1.0,733,120.0,6.1,11
view0__BMLmovi__Subject_74_F_MoSh__Subject_74_F_9,view0,/bigdata/users/quansj/datasets/Doppler/wilddoppler/legacy/datasets/AMASS_SMPLX_2022/BMLmovi/Subject_74_F_MoSh/Subject_74_F_9_stageii.npz,4.0,0.0,1.0,501,120.0,4.166666666666667,7
view0__BMLmovi__Subject_75_F_MoSh__Subject_75_F_10,view0,/bigdata/users/quansj/datasets/Doppler/wilddoppler/legacy/datasets/AMASS_SMPLX_2022/BMLmovi/Subject_75_F_MoSh/Subject_75_F_10_stageii.npz,4.0,0.0,1.0,405,120.0,3.3666666666666667,5
view0__BMLmovi__Subject_75_F_MoSh__Subject_75_F_11,view0,/bigdata/users/quansj/datasets/Doppler/wilddoppler/legacy/datasets/AMASS_SMPLX_2022/BMLmovi/Subject_75_F_MoSh/Subject_75_F_11_stageii.npz,4.0,0.0,1.0,421,120.0,3.5,6
view0__BMLmovi__Subject_75_F_MoSh__Subject_75_F_12,view0,/bigdata/users/quansj/datasets/Doppler/wilddoppler/legacy/datasets/AMASS_SMPLX_2022/BMLmovi/Subject_75_F_MoSh/Subject_75_F_12_stageii.npz,4.0,0.0,1.0,2085,120.0,17.366666666666667,33
view0__BMLmovi__Subject_75_F_MoSh__Subject_75_F_13,view0,/bigdata/users/quansj/datasets/Doppler/wilddoppler/legacy/datasets/AMASS_SMPLX_2022/BMLmovi/Subject_75_F_MoSh/Subject_75_F_13_stageii.npz,4.0,0.0,1.0,665,120.0,5.533333333333333,10
view0__BMLmovi__Subject_75_F_MoSh__Subject_75_F_14,view0,/bigdata/users/quansj/datasets/Doppler/wilddoppler/legacy/datasets/AMASS_SMPLX_2022/BMLmovi/Subject_75_F_MoSh/Subject_75_F_14_stageii.npz,4.0,0.0,1.0,637,120.0,5.3,9
view0__BMLmovi__Subject_75_F_MoSh__Subject_75_F_15,view0,/bigdata/users/quansj/datasets/Doppler/wilddoppler/legacy/datasets/AMASS_SMPLX_2022/BMLmovi/Subject_75_F_MoSh/Subject_75_F_15_stageii.npz,4.0,0.0,1.0,645,120.0,5.366666666666666,9
view0__BMLmovi__Subject_75_F_MoSh__Subject_75_F_16,view0,/bigdata/users/quansj/datasets/Doppler/wilddoppler/legacy/datasets/AMASS_SMPLX_2022/BMLmovi/Subject_75_F_MoSh/Subject_75_F_16_stageii.npz,4.0,0.0,1.0,621,120.0,5.166666666666667,9
view0__BMLmovi__Subject_75_F_MoSh__Subject_75_F_17,view0,/bigdata/users/quansj/datasets/Doppler/wilddoppler/legacy/datasets/AMASS_SMPLX_2022/BMLmovi/Subject_75_F_MoSh/Subject_75_F_17_stageii.npz,4.0,0.0,1.0,721,120.0,6.0,11
view0__BMLmovi__Subject_75_F_MoSh__Subject_75_F_18,view0,/bigdata/users/quansj/datasets/Doppler/wilddoppler/legacy/datasets/AMASS_SMPLX_2022/BMLmovi/Subject_75_F_MoSh/Subject_75_F_18_stageii.npz,4.0,0.0,1.0,521,120.0,4.333333333333333,7
view0__BMLmovi__Subject_75_F_MoSh__Subject_75_F_19,view0,/bigdata/users/quansj/datasets/Doppler/wilddoppler/legacy/datasets/AMASS_SMPLX_2022/BMLmovi/Subject_75_F_MoSh/Subject_75_F_19_stageii.npz,4.0,0.0,1.0,577,120.0,4.8,8
view0__BMLmovi__Subject_75_F_MoSh__Subject_75_F_1,view0,/bigdata/users/quansj/datasets/Doppler/wilddoppler/legacy/datasets/AMASS_SMPLX_2022/BMLmovi/Subject_75_F_MoSh/Subject_75_F_1_stageii.npz,4.0,0.0,1.0,901,120.0,7.5,14
view0__BMLmovi__Subject_75_F_MoSh__Subject_75_F_20,view0,/bigdata/users/quansj/datasets/Doppler/wilddoppler/legacy/datasets/AMASS_SMPLX_2022/BMLmovi/Subject_75_F_MoSh/Subject_75_F_20_stageii.npz,4.0,0.0,1.0,657,120.0,5.466666666666667,9
view0__BMLmovi__Subject_75_F_MoSh__Subject_75_F_21,view0,/bigdata/users/quansj/datasets/Doppler/wilddoppler/legacy/datasets/AMASS_SMPLX_2022/BMLmovi/Subject_75_F_MoSh/Subject_75_F_21_stageii.npz,4.0,0.0,1.0,565,120.0,4.7,8
view0__BMLmovi__Subject_75_F_MoSh__Subject_75_F_2,view0,/bigdata/users/quansj/datasets/Doppler/wilddoppler/legacy/datasets/AMASS_SMPLX_2022/BMLmovi/Subject_75_F_MoSh/Subject_75_F_2_stageii.npz,4.0,0.0,1.0,845,120.0,7.033333333333333,13
view0__BMLmovi__Subject_75_F_MoSh__Subject_75_F_3,view0,/bigdata/users/quansj/datasets/Doppler/wilddoppler/legacy/datasets/AMASS_SMPLX_2022/BMLmovi/Subject_75_F_MoSh/Subject_75_F_3_stageii.npz,4.0,0.0,1.0,1069,120.0,8.9,16
view0__BMLmovi__Subject_75_F_MoSh__Subject_75_F_4,view0,/bigdata/users/quansj/datasets/Doppler/wilddoppler/legacy/datasets/AMASS_SMPLX_2022/BMLmovi/Subject_75_F_MoSh/Subject_75_F_4_stageii.npz,4.0,0.0,1.0,1117,120.0,9.3,17
view0__BMLmovi__Subject_75_F_MoSh__Subject_75_F_5,view0,/bigdata/users/quansj/datasets/Doppler/wilddoppler/legacy/datasets/AMASS_SMPLX_2022/BMLmovi/Subject_75_F_MoSh/Subject_75_F_5_stageii.npz,4.0,0.0,1.0,921,120.0,7.666666666666667,14
view0__BMLmovi__Subject_75_F_MoSh__Subject_75_F_6,view0,/bigdata/users/quansj/datasets/Doppler/wilddoppler/legacy/datasets/AMASS_SMPLX_2022/BMLmovi/Subject_75_F_MoSh/Subject_75_F_6_stageii.npz,4.0,0.0,1.0,517,120.0,4.3,7
view0__BMLmovi__Subject_75_F_MoSh__Subject_75_F_7,view0,/bigdata/users/quansj/datasets/Doppler/wilddoppler/legacy/datasets/AMASS_SMPLX_2022/BMLmovi/Subject_75_F_MoSh/Subject_75_F_7_stageii.npz,4.0,0.0,1.0,1213,120.0,10.1,19
view0__BMLmovi__Subject_75_F_MoSh__Subject_75_F_8,view0,/bigdata/users/quansj/datasets/Doppler/wilddoppler/legacy/datasets/AMASS_SMPLX_2022/BMLmovi/Subject_75_F_MoSh/Subject_75_F_8_stageii.npz,4.0,0.0,1.0,801,120.0,6.666666666666667,12
view0__BMLmovi__Subject_75_F_MoSh__Subject_75_F_9,view0,/bigdata/users/quansj/datasets/Doppler/wilddoppler/legacy/datasets/AMASS_SMPLX_2022/BMLmovi/Subject_75_F_MoSh/Subject_75_F_9_stageii.npz,4.0,0.0,1.0,697,120.0,5.8,10
view0__BMLmovi__Subject_76_F_MoSh__Subject_76_F_10,view0,/bigdata/users/quansj/datasets/Doppler/wilddoppler/legacy/datasets/AMASS_SMPLX_2022/BMLmovi/Subject_76_F_MoSh/Subject_76_F_10_stageii.npz,4.0,0.0,1.0,1065,120.0,8.866666666666667,16
view0__BMLmovi__Subject_76_F_MoSh__Subject_76_F_11,view0,/bigdata/users/quansj/datasets/Doppler/wilddoppler/legacy/datasets/AMASS_SMPLX_2022/BMLmovi/Subject_76_F_MoSh/Subject_76_F_11_stageii.npz,4.0,0.0,1.0,477,120.0,3.966666666666667,6
view0__BMLmovi__Subject_76_F_MoSh__Subject_76_F_12,view0,/bigdata/users/quansj/datasets/Doppler/wilddoppler/legacy/datasets/AMASS_SMPLX_2022/BMLmovi/Subject_76_F_MoSh/Subject_76_F_12_stageii.npz,4.0,0.0,1.0,929,120.0,7.733333333333333,14
view0__BMLmovi__Subject_76_F_MoSh__Subject_76_F_13,view0,/bigdata/users/quansj/datasets/Doppler/wilddoppler/legacy/datasets/AMASS_SMPLX_2022/BMLmovi/Subject_76_F_MoSh/Subject_76_F_13_stageii.npz,4.0,0.0,1.0,541,120.0,4.5,8
view0__BMLmovi__Subject_76_F_MoSh__Subject_76_F_14,view0,/bigdata/users/quansj/datasets/Doppler/wilddoppler/legacy/datasets/AMASS_SMPLX_2022/BMLmovi/Subject_76_F_MoSh/Subject_76_F_14_stageii.npz,4.0,0.0,1.0,1197,120.0,9.966666666666667,18
view0__BMLmovi__Subject_76_F_MoSh__Subject_76_F_15,view0,/bigdata/users/quansj/datasets/Doppler/wilddoppler/legacy/datasets/AMASS_SMPLX_2022/BMLmovi/Subject_76_F_MoSh/Subject_76_F_15_stageii.npz,4.0,0.0,1.0,417,120.0,3.466666666666667,5
view0__BMLmovi__Subject_76_F_MoSh__Subject_76_F_16,view0,/bigdata/users/quansj/datasets/Doppler/wilddoppler/legacy/datasets/AMASS_SMPLX_2022/BMLmovi/Subject_76_F_MoSh/Subject_76_F_16_stageii.npz,4.0,0.0,1.0,409,120.0,3.4,5
view0__BMLmovi__Subject_76_F_MoSh__Subject_76_F_17,view0,/bigdata/users/quansj/datasets/Doppler/wilddoppler/legacy/datasets/AMASS_SMPLX_2022/BMLmovi/Subject_76_F_MoSh/Subject_76_F_17_stageii.npz,4.0,0.0,1.0,441,120.0,3.6666666666666665,6
view0__BMLmovi__Subject_76_F_MoSh__Subject_76_F_18,view0,/bigdata/users/quansj/datasets/Doppler/wilddoppler/legacy/datasets/AMASS_SMPLX_2022/BMLmovi/Subject_76_F_MoSh/Subject_76_F_18_stageii.npz,4.0,0.0,1.0,557,120.0,4.633333333333334,8
view0__BMLmovi__Subject_76_F_MoSh__Subject_76_F_19,view0,/bigdata/users/quansj/datasets/Doppler/wilddoppler/legacy/datasets/AMASS_SMPLX_2022/BMLmovi/Subject_76_F_MoSh/Subject_76_F_19_stageii.npz,4.0,0.0,1.0,565,120.0,4.7,8
view0__BMLmovi__Subject_76_F_MoSh__Subject_76_F_1,view0,/bigdata/users/quansj/datasets/Doppler/wilddoppler/legacy/datasets/AMASS_SMPLX_2022/BMLmovi/Subject_76_F_MoSh/Subject_76_F_1_stageii.npz,4.0,0.0,1.0,529,120.0,4.4,7
view0__BMLmovi__Subject_76_F_MoSh__Subject_76_F_20,view0,/bigdata/users/quansj/datasets/Doppler/wilddoppler/legacy/datasets/AMASS_SMPLX_2022/BMLmovi/Subject_76_F_MoSh/Subject_76_F_20_stageii.npz,4.0,0.0,1.0,853,120.0,7.1,13
view0__BMLmovi__Subject_76_F_MoSh__Subject_76_F_21,view0,/bigdata/users/quansj/datasets/Doppler/wilddoppler/legacy/datasets/AMASS_SMPLX_2022/BMLmovi/Subject_76_F_MoSh/Subject_76_F_21_stageii.npz,4.0,0.0,1.0,649,120.0,5.4,9
view0__BMLmovi__Subject_76_F_MoSh__Subject_76_F_2,view0,/bigdata/users/quansj/datasets/Doppler/wilddoppler/legacy/datasets/AMASS_SMPLX_2022/BMLmovi/Subject_76_F_MoSh/Subject_76_F_2_stageii.npz,4.0,0.0,1.0,1841,120.0,15.333333333333334,29
view0__BMLmovi__Subject_76_F_MoSh__Subject_76_F_3,view0,/bigdata/users/quansj/datasets/Doppler/wilddoppler/legacy/datasets/AMASS_SMPLX_2022/BMLmovi/Subject_76_F_MoSh/Subject_76_F_3_stageii.npz,4.0,0.0,1.0,613,120.0,5.1,9
view0__BMLmovi__Subject_76_F_MoSh__Subject_76_F_4,view0,/bigdata/users/quansj/datasets/Doppler/wilddoppler/legacy/datasets/AMASS_SMPLX_2022/BMLmovi/Subject_76_F_MoSh/Subject_76_F_4_stageii.npz,4.0,0.0,1.0,1605,120.0,13.366666666666667,25
view0__BMLmovi__Subject_76_F_MoSh__Subject_76_F_5,view0,/bigdata/users/quansj/datasets/Doppler/wilddoppler/legacy/datasets/AMASS_SMPLX_2022/BMLmovi/Subject_76_F_MoSh/Subject_76_F_5_stageii.npz,4.0,0.0,1.0,509,120.0,4.233333333333333,7
view0__BMLmovi__Subject_76_F_MoSh__Subject_76_F_6,view0,/bigdata/users/quansj/datasets/Doppler/wilddoppler/legacy/datasets/AMASS_SMPLX_2022/BMLmovi/Subject_76_F_MoSh/Subject_76_F_6_stageii.npz,4.0,0.0,1.0,561,120.0,4.666666666666667,8
view0__BMLmovi__Subject_76_F_MoSh__Subject_76_F_7,view0,/bigdata/users/quansj/datasets/Doppler/wilddoppler/legacy/datasets/AMASS_SMPLX_2022/BMLmovi/Subject_76_F_MoSh/Subject_76_F_7_stageii.npz,4.0,0.0,1.0,489,120.0,4.066666666666666,7
view0__BMLmovi__Subject_76_F_MoSh__Subject_76_F_8,view0,/bigdata/users/quansj/datasets/Doppler/wilddoppler/legacy/datasets/AMASS_SMPLX_2022/BMLmovi/Subject_76_F_MoSh/Subject_76_F_8_stageii.npz,4.0,0.0,1.0,761,120.0,6.333333333333333,11
view0__BMLmovi__Subject_76_F_MoSh__Subject_76_F_9,view0,/bigdata/users/quansj/datasets/Doppler/wilddoppler/legacy/datasets/AMASS_SMPLX_2022/BMLmovi/Subject_76_F_MoSh/Subject_76_F_9_stageii.npz,4.0,0.0,1.0,501,120.0,4.166666666666667,7
view0__BMLmovi__Subject_77_F_MoSh__Subject_77_F_10,view0,/bigdata/users/quansj/datasets/Doppler/wilddoppler/legacy/datasets/AMASS_SMPLX_2022/BMLmovi/Subject_77_F_MoSh/Subject_77_F_10_stageii.npz,4.0,0.0,1.0,573,120.0,4.766666666666667,8
view0__BMLmovi__Subject_77_F_MoSh__Subject_77_F_11,view0,/bigdata/users/quansj/datasets/Doppler/wilddoppler/legacy/datasets/AMASS_SMPLX_2022/BMLmovi/Subject_77_F_MoSh/Subject_77_F_11_stageii.npz,4.0,0.0,1.0,1137,120.0,9.466666666666667,17
view0__BMLmovi__Subject_77_F_MoSh__Subject_77_F_12,view0,/bigdata/users/quansj/datasets/Doppler/wilddoppler/legacy/datasets/AMASS_SMPLX_2022/BMLmovi/Subject_77_F_MoSh/Subject_77_F_12_stageii.npz,4.0,0.0,1.0,665,120.0,5.533333333333333,10
view0__BMLmovi__Subject_77_F_MoSh__Subject_77_F_13,view0,/bigdata/users/quansj/datasets/Doppler/wilddoppler/legacy/datasets/AMASS_SMPLX_2022/BMLmovi/Subject_77_F_MoSh/Subject_77_F_13_stageii.npz,4.0,0.0,1.0,1413,120.0,11.766666666666667,22
view0__BMLmovi__Subject_77_F_MoSh__Subject_77_F_14,view0,/bigdata/users/quansj/datasets/Doppler/wilddoppler/legacy/datasets/AMASS_SMPLX_2022/BMLmovi/Subject_77_F_MoSh/Subject_77_F_14_stageii.npz,4.0,0.0,1.0,393,120.0,3.2666666666666666,5
view0__BMLmovi__Subject_77_F_MoSh__Subject_77_F_15,view0,/bigdata/users/quansj/datasets/Doppler/wilddoppler/legacy/datasets/AMASS_SMPLX_2022/BMLmovi/Subject_77_F_MoSh/Subject_77_F_15_stageii.npz,4.0,0.0,1.0,1105,120.0,9.2,17
view0__BMLmovi__Subject_77_F_MoSh__Subject_77_F_16,view0,/bigdata/users/quansj/datasets/Doppler/wilddoppler/legacy/datasets/AMASS_SMPLX_2022/BMLmovi/Subject_77_F_MoSh/Subject_77_F_16_stageii.npz,4.0,0.0,1.0,929,120.0,7.733333333333333,14
view0__BMLmovi__Subject_77_F_MoSh__Subject_77_F_17,view0,/bigdata/users/quansj/datasets/Doppler/wilddoppler/legacy/datasets/AMASS_SMPLX_2022/BMLmovi/Subject_77_F_MoSh/Subject_77_F_17_stageii.npz,4.0,0.0,1.0,541,120.0,4.5,8
view0__BMLmovi__Subject_77_F_MoSh__Subject_77_F_18,view0,/bigdata/users/quansj/datasets/Doppler/wilddoppler/legacy/datasets/AMASS_SMPLX_2022/BMLmovi/Subject_77_F_MoSh/Subject_77_F_18_stageii.npz,4.0,0.0,1.0,997,120.0,8.3,15
view0__BMLmovi__Subject_77_F_MoSh__Subject_77_F_19,view0,/bigdata/users/quansj/datasets/Doppler/wilddoppler/legacy/datasets/AMASS_SMPLX_2022/BMLmovi/Subject_77_F_MoSh/Subject_77_F_19_stageii.npz,4.0,0.0,1.0,497,120.0,4.133333333333334,7
view0__BMLmovi__Subject_77_F_MoSh__Subject_77_F_1,view0,/bigdata/users/quansj/datasets/Doppler/wilddoppler/legacy/datasets/AMASS_SMPLX_2022/BMLmovi/Subject_77_F_MoSh/Subject_77_F_1_stageii.npz,4.0,0.0,1.0,909,120.0,7.566666666666666,14
view0__BMLmovi__Subject_77_F_MoSh__Subject_77_F_20,view0,/bigdata/users/quansj/datasets/Doppler/wilddoppler/legacy/datasets/AMASS_SMPLX_2022/BMLmovi/Subject_77_F_MoSh/Subject_77_F_20_stageii.npz,4.0,0.0,1.0,645,120.0,5.366666666666666,9
view0__BMLmovi__Subject_77_F_MoSh__Subject_77_F_21,view0,/bigdata/users/quansj/datasets/Doppler/wilddoppler/legacy/datasets/AMASS_SMPLX_2022/BMLmovi/Subject_77_F_MoSh/Subject_77_F_21_stageii.npz,4.0,0.0,1.0,1393,120.0,11.6,22
view0__BMLmovi__Subject_77_F_MoSh__Subject_77_F_2,view0,/bigdata/users/quansj/datasets/Doppler/wilddoppler/legacy/datasets/AMASS_SMPLX_2022/BMLmovi/Subject_77_F_MoSh/Subject_77_F_2_stageii.npz,4.0,0.0,1.0,557,120.0,4.633333333333334,8
view0__BMLmovi__Subject_77_F_MoSh__Subject_77_F_3,view0,/bigdata/users/quansj/datasets/Doppler/wilddoppler/legacy/datasets/AMASS_SMPLX_2022/BMLmovi/Subject_77_F_MoSh/Subject_77_F_3_stageii.npz,4.0,0.0,1.0,381,120.0,3.1666666666666665,5
view0__BMLmovi__Subject_77_F_MoSh__Subject_77_F_4,view0,/bigdata/users/quansj/datasets/Doppler/wilddoppler/legacy/datasets/AMASS_SMPLX_2022/BMLmovi/Subject_77_F_MoSh/Subject_77_F_4_stageii.npz,4.0,0.0,1.0,473,120.0,3.933333333333333,6
view0__BMLmovi__Subject_77_F_MoSh__Subject_77_F_5,view0,/bigdata/users/quansj/datasets/Doppler/wilddoppler/legacy/datasets/AMASS_SMPLX_2022/BMLmovi/Subject_77_F_MoSh/Subject_77_F_5_stageii.npz,4.0,0.0,1.0,509,120.0,4.233333333333333,7
view0__BMLmovi__Subject_77_F_MoSh__Subject_77_F_6,view0,/bigdata/users/quansj/datasets/Doppler/wilddoppler/legacy/datasets/AMASS_SMPLX_2022/BMLmovi/Subject_77_F_MoSh/Subject_77_F_6_stageii.npz,4.0,0.0,1.0,689,120.0,5.733333333333333,10
view0__BMLmovi__Subject_77_F_MoSh__Subject_77_F_7,view0,/bigdata/users/quansj/datasets/Doppler/wilddoppler/legacy/datasets/AMASS_SMPLX_2022/BMLmovi/Subject_77_F_MoSh/Subject_77_F_7_stageii.npz,4.0,0.0,1.0,541,120.0,4.5,8
view0__BMLmovi__Subject_77_F_MoSh__Subject_77_F_8,view0,/bigdata/users/quansj/datasets/Doppler/wilddoppler/legacy/datasets/AMASS_SMPLX_2022/BMLmovi/Subject_77_F_MoSh/Subject_77_F_8_stageii.npz,4.0,0.0,1.0,445,120.0,3.7,6
view0__BMLmovi__Subject_77_F_MoSh__Subject_77_F_9,view0,/bigdata/users/quansj/datasets/Doppler/wilddoppler/legacy/datasets/AMASS_SMPLX_2022/BMLmovi/Subject_77_F_MoSh/Subject_77_F_9_stageii.npz,4.0,0.0,1.0,1345,120.0,11.2,21
view0__BMLmovi__Subject_78_F_MoSh__Subject_78_F_10,view0,/bigdata/users/quansj/datasets/Doppler/wilddoppler/legacy/datasets/AMASS_SMPLX_2022/BMLmovi/Subject_78_F_MoSh/Subject_78_F_10_stageii.npz,4.0,0.0,1.0,449,120.0,3.7333333333333334,6
view0__BMLmovi__Subject_78_F_MoSh__Subject_78_F_11,view0,/bigdata/users/quansj/datasets/Doppler/wilddoppler/legacy/datasets/AMASS_SMPLX_2022/BMLmovi/Subject_78_F_MoSh/Subject_78_F_11_stageii.npz,4.0,0.0,1.0,549,120.0,4.566666666666666,8
view0__BMLmovi__Subject_78_F_MoSh__Subject_78_F_12,view0,/bigdata/users/quansj/datasets/Doppler/wilddoppler/legacy/datasets/AMASS_SMPLX_2022/BMLmovi/Subject_78_F_MoSh/Subject_78_F_12_stageii.npz,4.0,0.0,1.0,769,120.0,6.4,11
view0__BMLmovi__Subject_78_F_MoSh__Subject_78_F_13,view0,/bigdata/users/quansj/datasets/Doppler/wilddoppler/legacy/datasets/AMASS_SMPLX_2022/BMLmovi/Subject_78_F_MoSh/Subject_78_F_13_stageii.npz,4.0,0.0,1.0,369,120.0,3.066666666666667,5
view0__BMLmovi__Subject_78_F_MoSh__Subject_78_F_14,view0,/bigdata/users/quansj/datasets/Doppler/wilddoppler/legacy/datasets/AMASS_SMPLX_2022/BMLmovi/Subject_78_F_MoSh/Subject_78_F_14_stageii.npz,4.0,0.0,1.0,769,120.0,6.4,11
view0__BMLmovi__Subject_78_F_MoSh__Subject_78_F_15,view0,/bigdata/users/quansj/datasets/Doppler/wilddoppler/legacy/datasets/AMASS_SMPLX_2022/BMLmovi/Subject_78_F_MoSh/Subject_78_F_15_stageii.npz,4.0,0.0,1.0,589,120.0,4.9,8
view0__BMLmovi__Subject_78_F_MoSh__Subject_78_F_16,view0,/bigdata/users/quansj/datasets/Doppler/wilddoppler/legacy/datasets/AMASS_SMPLX_2022/BMLmovi/Subject_78_F_MoSh/Subject_78_F_16_stageii.npz,4.0,0.0,1.0,289,120.0,2.4,3
view0__BMLmovi__Subject_78_F_MoSh__Subject_78_F_17,view0,/bigdata/users/quansj/datasets/Doppler/wilddoppler/legacy/datasets/AMASS_SMPLX_2022/BMLmovi/Subject_78_F_MoSh/Subject_78_F_17_stageii.npz,4.0,0.0,1.0,385,120.0,3.2,5
view0__BMLmovi__Subject_78_F_MoSh__Subject_78_F_18,view0,/bigdata/users/quansj/datasets/Doppler/wilddoppler/legacy/datasets/AMASS_SMPLX_2022/BMLmovi/Subject_78_F_MoSh/Subject_78_F_18_stageii.npz,4.0,0.0,1.0,297,120.0,2.466666666666667,3
view0__BMLmovi__Subject_78_F_MoSh__Subject_78_F_19,view0,/bigdata/users/quansj/datasets/Doppler/wilddoppler/legacy/datasets/AMASS_SMPLX_2022/BMLmovi/Subject_78_F_MoSh/Subject_78_F_19_stageii.npz,4.0,0.0,1.0,449,120.0,3.7333333333333334,6
view0__BMLmovi__Subject_78_F_MoSh__Subject_78_F_1,view0,/bigdata/users/quansj/datasets/Doppler/wilddoppler/legacy/datasets/AMASS_SMPLX_2022/BMLmovi/Subject_78_F_MoSh/Subject_78_F_1_stageii.npz,4.0,0.0,1.0,1441,120.0,12.0,23
view0__BMLmovi__Subject_78_F_MoSh__Subject_78_F_20,view0,/bigdata/users/quansj/datasets/Doppler/wilddoppler/legacy/datasets/AMASS_SMPLX_2022/BMLmovi/Subject_78_F_MoSh/Subject_78_F_20_stageii.npz,4.0,0.0,1.0,341,120.0,2.8333333333333335,4
view0__BMLmovi__Subject_78_F_MoSh__Subject_78_F_21,view0,/bigdata/users/quansj/datasets/Doppler/wilddoppler/legacy/datasets/AMASS_SMPLX_2022/BMLmovi/Subject_78_F_MoSh/Subject_78_F_21_stageii.npz,4.0,0.0,1.0,1349,120.0,11.233333333333333,21
view0__BMLmovi__Subject_78_F_MoSh__Subject_78_F_2,view0,/bigdata/users/quansj/datasets/Doppler/wilddoppler/legacy/datasets/AMASS_SMPLX_2022/BMLmovi/Subject_78_F_MoSh/Subject_78_F_2_stageii.npz,4.0,0.0,1.0,569,120.0,4.733333333333333,8
view0__BMLmovi__Subject_78_F_MoSh__Subject_78_F_3,view0,/bigdata/users/quansj/datasets/Doppler/wilddoppler/legacy/datasets/AMASS_SMPLX_2022/BMLmovi/Subject_78_F_MoSh/Subject_78_F_3_stageii.npz,4.0,0.0,1.0,965,120.0,8.033333333333333,15
view0__BMLmovi__Subject_78_F_MoSh__Subject_78_F_4,view0,/bigdata/users/quansj/datasets/Doppler/wilddoppler/legacy/datasets/AMASS_SMPLX_2022/BMLmovi/Subject_78_F_MoSh/Subject_78_F_4_stageii.npz,4.0,0.0,1.0,521,120.0,4.333333333333333,7
view0__BMLmovi__Subject_78_F_MoSh__Subject_78_F_5,view0,/bigdata/users/quansj/datasets/Doppler/wilddoppler/legacy/datasets/AMASS_SMPLX_2022/BMLmovi/Subject_78_F_MoSh/Subject_78_F_5_stageii.npz,4.0,0.0,1.0,733,120.0,6.1,11
view0__BMLmovi__Subject_78_F_MoSh__Subject_78_F_6,view0,/bigdata/users/quansj/datasets/Doppler/wilddoppler/legacy/datasets/AMASS_SMPLX_2022/BMLmovi/Subject_78_F_MoSh/Subject_78_F_6_stageii.npz,4.0,0.0,1.0,445,120.0,3.7,6
view0__BMLmovi__Subject_78_F_MoSh__Subject_78_F_7,view0,/bigdata/users/quansj/datasets/Doppler/wilddoppler/legacy/datasets/AMASS_SMPLX_2022/BMLmovi/Subject_78_F_MoSh/Subject_78_F_7_stageii.npz,4.0,0.0,1.0,1069,120.0,8.9,16
view0__BMLmovi__Subject_78_F_MoSh__Subject_78_F_8,view0,/bigdata/users/quansj/datasets/Doppler/wilddoppler/legacy/datasets/AMASS_SMPLX_2022/BMLmovi/Subject_78_F_MoSh/Subject_78_F_8_stageii.npz,4.0,0.0,1.0,409,120.0,3.4,5
view0__BMLmovi__Subject_78_F_MoSh__Subject_78_F_9,view0,/bigdata/users/quansj/datasets/Doppler/wilddoppler/legacy/datasets/AMASS_SMPLX_2022/BMLmovi/Subject_78_F_MoSh/Subject_78_F_9_stageii.npz,4.0,0.0,1.0,465,120.0,3.8666666666666667,6
view0__BMLmovi__Subject_79_F_MoSh__Subject_79_F_10,view0,/bigdata/users/quansj/datasets/Doppler/wilddoppler/legacy/datasets/AMASS_SMPLX_2022/BMLmovi/Subject_79_F_MoSh/Subject_79_F_10_stageii.npz,4.0,0.0,1.0,477,120.0,3.966666666666667,6
view0__BMLmovi__Subject_79_F_MoSh__Subject_79_F_11,view0,/bigdata/users/quansj/datasets/Doppler/wilddoppler/legacy/datasets/AMASS_SMPLX_2022/BMLmovi/Subject_79_F_MoSh/Subject_79_F_11_stageii.npz,4.0,0.0,1.0,573,120.0,4.766666666666667,8
view0__BMLmovi__Subject_79_F_MoSh__Subject_79_F_12,view0,/bigdata/users/quansj/datasets/Doppler/wilddoppler/legacy/datasets/AMASS_SMPLX_2022/BMLmovi/Subject_79_F_MoSh/Subject_79_F_12_stageii.npz,4.0,0.0,1.0,849,120.0,7.066666666666666,13
view0__BMLmovi__Subject_79_F_MoSh__Subject_79_F_13,view0,/bigdata/users/quansj/datasets/Doppler/wilddoppler/legacy/datasets/AMASS_SMPLX_2022/BMLmovi/Subject_79_F_MoSh/Subject_79_F_13_stageii.npz,4.0,0.0,1.0,665,120.0,5.533333333333333,10
view0__BMLmovi__Subject_79_F_MoSh__Subject_79_F_14,view0,/bigdata/users/quansj/datasets/Doppler/wilddoppler/legacy/datasets/AMASS_SMPLX_2022/BMLmovi/Subject_79_F_MoSh/Subject_79_F_14_stageii.npz,4.0,0.0,1.0,469,120.0,3.9,6
view0__BMLmovi__Subject_79_F_MoSh__Subject_79_F_15,view0,/bigdata/users/quansj/datasets/Doppler/wilddoppler/legacy/datasets/AMASS_SMPLX_2022/BMLmovi/Subject_79_F_MoSh/Subject_79_F_15_stageii.npz,4.0,0.0,1.0,513,120.0,4.266666666666667,7
view0__BMLmovi__Subject_79_F_MoSh__Subject_79_F_16,view0,/bigdata/users/quansj/datasets/Doppler/wilddoppler/legacy/datasets/AMASS_SMPLX_2022/BMLmovi/Subject_79_F_MoSh/Subject_79_F_16_stageii.npz,4.0,0.0,1.0,637,120.0,5.3,9
view0__BMLmovi__Subject_79_F_MoSh__Subject_79_F_17,view0,/bigdata/users/quansj/datasets/Doppler/wilddoppler/legacy/datasets/AMASS_SMPLX_2022/BMLmovi/Subject_79_F_MoSh/Subject_79_F_17_stageii.npz,4.0,0.0,1.0,1093,120.0,9.1,17
view0__BMLmovi__Subject_79_F_MoSh__Subject_79_F_18,view0,/bigdata/users/quansj/datasets/Doppler/wilddoppler/legacy/datasets/AMASS_SMPLX_2022/BMLmovi/Subject_79_F_MoSh/Subject_79_F_18_stageii.npz,4.0,0.0,1.0,525,120.0,4.366666666666666,7
view0__BMLmovi__Subject_79_F_MoSh__Subject_79_F_19,view0,/bigdata/users/quansj/datasets/Doppler/wilddoppler/legacy/datasets/AMASS_SMPLX_2022/BMLmovi/Subject_79_F_MoSh/Subject_79_F_19_stageii.npz,4.0,0.0,1.0,465,120.0,3.8666666666666667,6
view0__BMLmovi__Subject_79_F_MoSh__Subject_79_F_1,view0,/bigdata/users/quansj/datasets/Doppler/wilddoppler/legacy/datasets/AMASS_SMPLX_2022/BMLmovi/Subject_79_F_MoSh/Subject_79_F_1_stageii.npz,4.0,0.0,1.0,337,120.0,2.8,4
view0__BMLmovi__Subject_79_F_MoSh__Subject_79_F_20,view0,/bigdata/users/quansj/datasets/Doppler/wilddoppler/legacy/datasets/AMASS_SMPLX_2022/BMLmovi/Subject_79_F_MoSh/Subject_79_F_20_stageii.npz,4.0,0.0,1.0,1029,120.0,8.566666666666666,16
view0__BMLmovi__Subject_79_F_MoSh__Subject_79_F_21,view0,/bigdata/users/quansj/datasets/Doppler/wilddoppler/legacy/datasets/AMASS_SMPLX_2022/BMLmovi/Subject_79_F_MoSh/Subject_79_F_21_stageii.npz,4.0,0.0,1.0,1245,120.0,10.366666666666667,19
view0__BMLmovi__Subject_79_F_MoSh__Subject_79_F_2,view0,/bigdata/users/quansj/datasets/Doppler/wilddoppler/legacy/datasets/AMASS_SMPLX_2022/BMLmovi/Subject_79_F_MoSh/Subject_79_F_2_stageii.npz,4.0,0.0,1.0,497,120.0,4.133333333333334,7
view0__BMLmovi__Subject_79_F_MoSh__Subject_79_F_3,view0,/bigdata/users/quansj/datasets/Doppler/wilddoppler/legacy/datasets/AMASS_SMPLX_2022/BMLmovi/Subject_79_F_MoSh/Subject_79_F_3_stageii.npz,4.0,0.0,1.0,473,120.0,3.933333333333333,6
view0__BMLmovi__Subject_79_F_MoSh__Subject_79_F_4,view0,/bigdata/users/quansj/datasets/Doppler/wilddoppler/legacy/datasets/AMASS_SMPLX_2022/BMLmovi/Subject_79_F_MoSh/Subject_79_F_4_stageii.npz,4.0,0.0,1.0,793,120.0,6.6,12
view0__BMLmovi__Subject_79_F_MoSh__Subject_79_F_5,view0,/bigdata/users/quansj/datasets/Doppler/wilddoppler/legacy/datasets/AMASS_SMPLX_2022/BMLmovi/Subject_79_F_MoSh/Subject_79_F_5_stageii.npz,4.0,0.0,1.0,809,120.0,6.733333333333333,12
view0__BMLmovi__Subject_79_F_MoSh__Subject_79_F_6,view0,/bigdata/users/quansj/datasets/Doppler/wilddoppler/legacy/datasets/AMASS_SMPLX_2022/BMLmovi/Subject_79_F_MoSh/Subject_79_F_6_stageii.npz,4.0,0.0,1.0,601,120.0,5.0,9
view0__BMLmovi__Subject_79_F_MoSh__Subject_79_F_7,view0,/bigdata/users/quansj/datasets/Doppler/wilddoppler/legacy/datasets/AMASS_SMPLX_2022/BMLmovi/Subject_79_F_MoSh/Subject_79_F_7_stageii.npz,4.0,0.0,1.0,469,120.0,3.9,6
view0__BMLmovi__Subject_79_F_MoSh__Subject_79_F_8,view0,/bigdata/users/quansj/datasets/Doppler/wilddoppler/legacy/datasets/AMASS_SMPLX_2022/BMLmovi/Subject_79_F_MoSh/Subject_79_F_8_stageii.npz,4.0,0.0,1.0,609,120.0,5.066666666666666,9
view0__BMLmovi__Subject_79_F_MoSh__Subject_79_F_9,view0,/bigdata/users/quansj/datasets/Doppler/wilddoppler/legacy/datasets/AMASS_SMPLX_2022/BMLmovi/Subject_79_F_MoSh/Subject_79_F_9_stageii.npz,4.0,0.0,1.0,493,120.0,4.1,7
view0__BMLmovi__Subject_7_F_MoSh__Subject_7_F_10,view0,/bigdata/users/quansj/datasets/Doppler/wilddoppler/legacy/datasets/AMASS_SMPLX_2022/BMLmovi/Subject_7_F_MoSh/Subject_7_F_10_stageii.npz,4.0,0.0,1.0,505,120.0,4.2,7
view0__BMLmovi__Subject_7_F_MoSh__Subject_7_F_11,view0,/bigdata/users/quansj/datasets/Doppler/wilddoppler/legacy/datasets/AMASS_SMPLX_2022/BMLmovi/Subject_7_F_MoSh/Subject_7_F_11_stageii.npz,4.0,0.0,1.0,289,120.0,2.4,3
view0__BMLmovi__Subject_7_F_MoSh__Subject_7_F_12,view0,/bigdata/users/quansj/datasets/Doppler/wilddoppler/legacy/datasets/AMASS_SMPLX_2022/BMLmovi/Subject_7_F_MoSh/Subject_7_F_12_stageii.npz,4.0,0.0,1.0,445,120.0,3.7,6
view0__BMLmovi__Subject_7_F_MoSh__Subject_7_F_13,view0,/bigdata/users/quansj/datasets/Doppler/wilddoppler/legacy/datasets/AMASS_SMPLX_2022/BMLmovi/Subject_7_F_MoSh/Subject_7_F_13_stageii.npz,4.0,0.0,1.0,893,120.0,7.433333333333334,13
view0__BMLmovi__Subject_7_F_MoSh__Subject_7_F_14,view0,/bigdata/users/quansj/datasets/Doppler/wilddoppler/legacy/datasets/AMASS_SMPLX_2022/BMLmovi/Subject_7_F_MoSh/Subject_7_F_14_stageii.npz,4.0,0.0,1.0,381,120.0,3.1666666666666665,5
view0__BMLmovi__Subject_7_F_MoSh__Subject_7_F_15,view0,/bigdata/users/quansj/datasets/Doppler/wilddoppler/legacy/datasets/AMASS_SMPLX_2022/BMLmovi/Subject_7_F_MoSh/Subject_7_F_15_stageii.npz,4.0,0.0,1.0,341,120.0,2.8333333333333335,4
view0__BMLmovi__Subject_7_F_MoSh__Subject_7_F_16,view0,/bigdata/users/quansj/datasets/Doppler/wilddoppler/legacy/datasets/AMASS_SMPLX_2022/BMLmovi/Subject_7_F_MoSh/Subject_7_F_16_stageii.npz,4.0,0.0,1.0,513,120.0,4.266666666666667,7
view0__BMLmovi__Subject_7_F_MoSh__Subject_7_F_17,view0,/bigdata/users/quansj/datasets/Doppler/wilddoppler/legacy/datasets/AMASS_SMPLX_2022/BMLmovi/Subject_7_F_MoSh/Subject_7_F_17_stageii.npz,4.0,0.0,1.0,349,120.0,2.9,4
view0__BMLmovi__Subject_7_F_MoSh__Subject_7_F_18,view0,/bigdata/users/quansj/datasets/Doppler/wilddoppler/legacy/datasets/AMASS_SMPLX_2022/BMLmovi/Subject_7_F_MoSh/Subject_7_F_18_stageii.npz,4.0,0.0,1.0,325,120.0,2.7,4
view0__BMLmovi__Subject_7_F_MoSh__Subject_7_F_19,view0,/bigdata/users/quansj/datasets/Doppler/wilddoppler/legacy/datasets/AMASS_SMPLX_2022/BMLmovi/Subject_7_F_MoSh/Subject_7_F_19_stageii.npz,4.0,0.0,1.0,365,120.0,3.033333333333333,5
view0__BMLmovi__Subject_7_F_MoSh__Subject_7_F_1,view0,/bigdata/users/quansj/datasets/Doppler/wilddoppler/legacy/datasets/AMASS_SMPLX_2022/BMLmovi/Subject_7_F_MoSh/Subject_7_F_1_stageii.npz,4.0,0.0,1.0,489,120.0,4.066666666666666,7
view0__BMLmovi__Subject_7_F_MoSh__Subject_7_F_20,view0,/bigdata/users/quansj/datasets/Doppler/wilddoppler/legacy/datasets/AMASS_SMPLX_2022/BMLmovi/Subject_7_F_MoSh/Subject_7_F_20_stageii.npz,4.0,0.0,1.0,453,120.0,3.7666666666666666,6
view0__BMLmovi__Subject_7_F_MoSh__Subject_7_F_21,view0,/bigdata/users/quansj/datasets/Doppler/wilddoppler/legacy/datasets/AMASS_SMPLX_2022/BMLmovi/Subject_7_F_MoSh/Subject_7_F_21_stageii.npz,4.0,0.0,1.0,485,120.0,4.033333333333333,7
view0__BMLmovi__Subject_7_F_MoSh__Subject_7_F_2,view0,/bigdata/users/quansj/datasets/Doppler/wilddoppler/legacy/datasets/AMASS_SMPLX_2022/BMLmovi/Subject_7_F_MoSh/Subject_7_F_2_stageii.npz,4.0,0.0,1.0,349,120.0,2.9,4
view0__BMLmovi__Subject_7_F_MoSh__Subject_7_F_3,view0,/bigdata/users/quansj/datasets/Doppler/wilddoppler/legacy/datasets/AMASS_SMPLX_2022/BMLmovi/Subject_7_F_MoSh/Subject_7_F_3_stageii.npz,4.0,0.0,1.0,621,120.0,5.166666666666667,9
view0__BMLmovi__Subject_7_F_MoSh__Subject_7_F_4,view0,/bigdata/users/quansj/datasets/Doppler/wilddoppler/legacy/datasets/AMASS_SMPLX_2022/BMLmovi/Subject_7_F_MoSh/Subject_7_F_4_stageii.npz,4.0,0.0,1.0,273,120.0,2.2666666666666666,3
view0__BMLmovi__Subject_7_F_MoSh__Subject_7_F_5,view0,/bigdata/users/quansj/datasets/Doppler/wilddoppler/legacy/datasets/AMASS_SMPLX_2022/BMLmovi/Subject_7_F_MoSh/Subject_7_F_5_stageii.npz,4.0,0.0,1.0,317,120.0,2.6333333333333333,4
view0__BMLmovi__Subject_7_F_MoSh__Subject_7_F_6,view0,/bigdata/users/quansj/datasets/Doppler/wilddoppler/legacy/datasets/AMASS_SMPLX_2022/BMLmovi/Subject_7_F_MoSh/Subject_7_F_6_stageii.npz,4.0,0.0,1.0,253,120.0,2.1,3
view0__BMLmovi__Subject_7_F_MoSh__Subject_7_F_7,view0,/bigdata/users/quansj/datasets/Doppler/wilddoppler/legacy/datasets/AMASS_SMPLX_2022/BMLmovi/Subject_7_F_MoSh/Subject_7_F_7_stageii.npz,4.0,0.0,1.0,361,120.0,3.0,5
view0__BMLmovi__Subject_7_F_MoSh__Subject_7_F_8,view0,/bigdata/users/quansj/datasets/Doppler/wilddoppler/legacy/datasets/AMASS_SMPLX_2022/BMLmovi/Subject_7_F_MoSh/Subject_7_F_8_stageii.npz,4.0,0.0,1.0,345,120.0,2.8666666666666667,4
view0__BMLmovi__Subject_7_F_MoSh__Subject_7_F_9,view0,/bigdata/users/quansj/datasets/Doppler/wilddoppler/legacy/datasets/AMASS_SMPLX_2022/BMLmovi/Subject_7_F_MoSh/Subject_7_F_9_stageii.npz,4.0,0.0,1.0,233,120.0,1.9333333333333333,2
view0__BMLmovi__Subject_80_F_MoSh__Subject_80_F_10,view0,/bigdata/users/quansj/datasets/Doppler/wilddoppler/legacy/datasets/AMASS_SMPLX_2022/BMLmovi/Subject_80_F_MoSh/Subject_80_F_10_stageii.npz,4.0,0.0,1.0,377,120.0,3.1333333333333333,5
view0__BMLmovi__Subject_80_F_MoSh__Subject_80_F_11,view0,/bigdata/users/quansj/datasets/Doppler/wilddoppler/legacy/datasets/AMASS_SMPLX_2022/BMLmovi/Subject_80_F_MoSh/Subject_80_F_11_stageii.npz,4.0,0.0,1.0,1089,120.0,9.066666666666666,17
view0__BMLmovi__Subject_80_F_MoSh__Subject_80_F_12,view0,/bigdata/users/quansj/datasets/Doppler/wilddoppler/legacy/datasets/AMASS_SMPLX_2022/BMLmovi/Subject_80_F_MoSh/Subject_80_F_12_stageii.npz,4.0,0.0,1.0,505,120.0,4.2,7
view0__BMLmovi__Subject_80_F_MoSh__Subject_80_F_13,view0,/bigdata/users/quansj/datasets/Doppler/wilddoppler/legacy/datasets/AMASS_SMPLX_2022/BMLmovi/Subject_80_F_MoSh/Subject_80_F_13_stageii.npz,4.0,0.0,1.0,573,120.0,4.766666666666667,8
view0__BMLmovi__Subject_80_F_MoSh__Subject_80_F_14,view0,/bigdata/users/quansj/datasets/Doppler/wilddoppler/legacy/datasets/AMASS_SMPLX_2022/BMLmovi/Subject_80_F_MoSh/Subject_80_F_14_stageii.npz,4.0,0.0,1.0,333,120.0,2.7666666666666666,4
view0__BMLmovi__Subject_80_F_MoSh__Subject_80_F_15,view0,/bigdata/users/quansj/datasets/Doppler/wilddoppler/legacy/datasets/AMASS_SMPLX_2022/BMLmovi/Subject_80_F_MoSh/Subject_80_F_15_stageii.npz,4.0,0.0,1.0,445,120.0,3.7,6
view0__BMLmovi__Subject_80_F_MoSh__Subject_80_F_16,view0,/bigdata/users/quansj/datasets/Doppler/wilddoppler/legacy/datasets/AMASS_SMPLX_2022/BMLmovi/Subject_80_F_MoSh/Subject_80_F_16_stageii.npz,4.0,0.0,1.0,457,120.0,3.8,6
view0__BMLmovi__Subject_80_F_MoSh__Subject_80_F_17,view0,/bigdata/users/quansj/datasets/Doppler/wilddoppler/legacy/datasets/AMASS_SMPLX_2022/BMLmovi/Subject_80_F_MoSh/Subject_80_F_17_stageii.npz,4.0,0.0,1.0,469,120.0,3.9,6
view0__BMLmovi__Subject_80_F_MoSh__Subject_80_F_18,view0,/bigdata/users/quansj/datasets/Doppler/wilddoppler/legacy/datasets/AMASS_SMPLX_2022/BMLmovi/Subject_80_F_MoSh/Subject_80_F_18_stageii.npz,4.0,0.0,1.0,961,120.0,8.0,15
view0__BMLmovi__Subject_80_F_MoSh__Subject_80_F_19,view0,/bigdata/users/quansj/datasets/Doppler/wilddoppler/legacy/datasets/AMASS_SMPLX_2022/BMLmovi/Subject_80_F_MoSh/Subject_80_F_19_stageii.npz,4.0,0.0,1.0,397,120.0,3.3,5
view0__BMLmovi__Subject_80_F_MoSh__Subject_80_F_1,view0,/bigdata/users/quansj/datasets/Doppler/wilddoppler/legacy/datasets/AMASS_SMPLX_2022/BMLmovi/Subject_80_F_MoSh/Subject_80_F_1_stageii.npz,4.0,0.0,1.0,1393,120.0,11.6,22
view0__BMLmovi__Subject_80_F_MoSh__Subject_80_F_20,view0,/bigdata/users/quansj/datasets/Doppler/wilddoppler/legacy/datasets/AMASS_SMPLX_2022/BMLmovi/Subject_80_F_MoSh/Subject_80_F_20_stageii.npz,4.0,0.0,1.0,1277,120.0,10.633333333333333,20
view0__BMLmovi__Subject_80_F_MoSh__Subject_80_F_21,view0,/bigdata/users/quansj/datasets/Doppler/wilddoppler/legacy/datasets/AMASS_SMPLX_2022/BMLmovi/Subject_80_F_MoSh/Subject_80_F_21_stageii.npz,4.0,0.0,1.0,857,120.0,7.133333333333334,13
view0__BMLmovi__Subject_80_F_MoSh__Subject_80_F_2,view0,/bigdata/users/quansj/datasets/Doppler/wilddoppler/legacy/datasets/AMASS_SMPLX_2022/BMLmovi/Subject_80_F_MoSh/Subject_80_F_2_stageii.npz,4.0,0.0,1.0,1949,120.0,16.233333333333334,31
view0__BMLmovi__Subject_80_F_MoSh__Subject_80_F_3,view0,/bigdata/users/quansj/datasets/Doppler/wilddoppler/legacy/datasets/AMASS_SMPLX_2022/BMLmovi/Subject_80_F_MoSh/Subject_80_F_3_stageii.npz,4.0,0.0,1.0,425,120.0,3.533333333333333,6
view0__BMLmovi__Subject_80_F_MoSh__Subject_80_F_4,view0,/bigdata/users/quansj/datasets/Doppler/wilddoppler/legacy/datasets/AMASS_SMPLX_2022/BMLmovi/Subject_80_F_MoSh/Subject_80_F_4_stageii.npz,4.0,0.0,1.0,917,120.0,7.633333333333334,14
view0__BMLmovi__Subject_80_F_MoSh__Subject_80_F_5,view0,/bigdata/users/quansj/datasets/Doppler/wilddoppler/legacy/datasets/AMASS_SMPLX_2022/BMLmovi/Subject_80_F_MoSh/Subject_80_F_5_stageii.npz,4.0,0.0,1.0,429,120.0,3.566666666666667,6
view0__BMLmovi__Subject_80_F_MoSh__Subject_80_F_6,view0,/bigdata/users/quansj/datasets/Doppler/wilddoppler/legacy/datasets/AMASS_SMPLX_2022/BMLmovi/Subject_80_F_MoSh/Subject_80_F_6_stageii.npz,4.0,0.0,1.0,445,120.0,3.7,6
view0__BMLmovi__Subject_80_F_MoSh__Subject_80_F_7,view0,/bigdata/users/quansj/datasets/Doppler/wilddoppler/legacy/datasets/AMASS_SMPLX_2022/BMLmovi/Subject_80_F_MoSh/Subject_80_F_7_stageii.npz,4.0,0.0,1.0,805,120.0,6.7,12
view0__BMLmovi__Subject_80_F_MoSh__Subject_80_F_8,view0,/bigdata/users/quansj/datasets/Doppler/wilddoppler/legacy/datasets/AMASS_SMPLX_2022/BMLmovi/Subject_80_F_MoSh/Subject_80_F_8_stageii.npz,4.0,0.0,1.0,653,120.0,5.433333333333334,9
view0__BMLmovi__Subject_80_F_MoSh__Subject_80_F_9,view0,/bigdata/users/quansj/datasets/Doppler/wilddoppler/legacy/datasets/AMASS_SMPLX_2022/BMLmovi/Subject_80_F_MoSh/Subject_80_F_9_stageii.npz,4.0,0.0,1.0,457,120.0,3.8,6
view0__BMLmovi__Subject_81_F_MoSh__Subject_81_F_10,view0,/bigdata/users/quansj/datasets/Doppler/wilddoppler/legacy/datasets/AMASS_SMPLX_2022/BMLmovi/Subject_81_F_MoSh/Subject_81_F_10_stageii.npz,4.0,0.0,1.0,781,120.0,6.5,12
view0__BMLmovi__Subject_81_F_MoSh__Subject_81_F_11,view0,/bigdata/users/quansj/datasets/Doppler/wilddoppler/legacy/datasets/AMASS_SMPLX_2022/BMLmovi/Subject_81_F_MoSh/Subject_81_F_11_stageii.npz,4.0,0.0,1.0,1565,120.0,13.033333333333333,25
view0__BMLmovi__Subject_81_F_MoSh__Subject_81_F_12,view0,/bigdata/users/quansj/datasets/Doppler/wilddoppler/legacy/datasets/AMASS_SMPLX_2022/BMLmovi/Subject_81_F_MoSh/Subject_81_F_12_stageii.npz,4.0,0.0,1.0,933,120.0,7.766666666666667,14
view0__BMLmovi__Subject_81_F_MoSh__Subject_81_F_13,view0,/bigdata/users/quansj/datasets/Doppler/wilddoppler/legacy/datasets/AMASS_SMPLX_2022/BMLmovi/Subject_81_F_MoSh/Subject_81_F_13_stageii.npz,4.0,0.0,1.0,1749,120.0,14.566666666666666,28
view0__BMLmovi__Subject_81_F_MoSh__Subject_81_F_14,view0,/bigdata/users/quansj/datasets/Doppler/wilddoppler/legacy/datasets/AMASS_SMPLX_2022/BMLmovi/Subject_81_F_MoSh/Subject_81_F_14_stageii.npz,4.0,0.0,1.0,437,120.0,3.6333333333333333,6
view0__BMLmovi__Subject_81_F_MoSh__Subject_81_F_15,view0,/bigdata/users/quansj/datasets/Doppler/wilddoppler/legacy/datasets/AMASS_SMPLX_2022/BMLmovi/Subject_81_F_MoSh/Subject_81_F_15_stageii.npz,4.0,0.0,1.0,465,120.0,3.8666666666666667,6
view0__BMLmovi__Subject_81_F_MoSh__Subject_81_F_16,view0,/bigdata/users/quansj/datasets/Doppler/wilddoppler/legacy/datasets/AMASS_SMPLX_2022/BMLmovi/Subject_81_F_MoSh/Subject_81_F_16_stageii.npz,4.0,0.0,1.0,437,120.0,3.6333333333333333,6
view0__BMLmovi__Subject_81_F_MoSh__Subject_81_F_17,view0,/bigdata/users/quansj/datasets/Doppler/wilddoppler/legacy/datasets/AMASS_SMPLX_2022/BMLmovi/Subject_81_F_MoSh/Subject_81_F_17_stageii.npz,4.0,0.0,1.0,381,120.0,3.1666666666666665,5
view0__BMLmovi__Subject_81_F_MoSh__Subject_81_F_18,view0,/bigdata/users/quansj/datasets/Doppler/wilddoppler/legacy/datasets/AMASS_SMPLX_2022/BMLmovi/Subject_81_F_MoSh/Subject_81_F_18_stageii.npz,4.0,0.0,1.0,521,120.0,4.333333333333333,7
view0__BMLmovi__Subject_81_F_MoSh__Subject_81_F_19,view0,/bigdata/users/quansj/datasets/Doppler/wilddoppler/legacy/datasets/AMASS_SMPLX_2022/BMLmovi/Subject_81_F_MoSh/Subject_81_F_19_stageii.npz,4.0,0.0,1.0,1137,120.0,9.466666666666667,17
view0__BMLmovi__Subject_81_F_MoSh__Subject_81_F_1,view0,/bigdata/users/quansj/datasets/Doppler/wilddoppler/legacy/datasets/AMASS_SMPLX_2022/BMLmovi/Subject_81_F_MoSh/Subject_81_F_1_stageii.npz,4.0,0.0,1.0,433,120.0,3.6,6
view0__BMLmovi__Subject_81_F_MoSh__Subject_81_F_20,view0,/bigdata/users/quansj/datasets/Doppler/wilddoppler/legacy/datasets/AMASS_SMPLX_2022/BMLmovi/Subject_81_F_MoSh/Subject_81_F_20_stageii.npz,4.0,0.0,1.0,773,120.0,6.433333333333334,11
view0__BMLmovi__Subject_81_F_MoSh__Subject_81_F_21,view0,/bigdata/users/quansj/datasets/Doppler/wilddoppler/legacy/datasets/AMASS_SMPLX_2022/BMLmovi/Subject_81_F_MoSh/Subject_81_F_21_stageii.npz,4.0,0.0,1.0,561,120.0,4.666666666666667,8
view0__BMLmovi__Subject_81_F_MoSh__Subject_81_F_2,view0,/bigdata/users/quansj/datasets/Doppler/wilddoppler/legacy/datasets/AMASS_SMPLX_2022/BMLmovi/Subject_81_F_MoSh/Subject_81_F_2_stageii.npz,4.0,0.0,1.0,321,120.0,2.6666666666666665,4
view0__BMLmovi__Subject_81_F_MoSh__Subject_81_F_3,view0,/bigdata/users/quansj/datasets/Doppler/wilddoppler/legacy/datasets/AMASS_SMPLX_2022/BMLmovi/Subject_81_F_MoSh/Subject_81_F_3_stageii.npz,4.0,0.0,1.0,801,120.0,6.666666666666667,12
view0__BMLmovi__Subject_81_F_MoSh__Subject_81_F_4,view0,/bigdata/users/quansj/datasets/Doppler/wilddoppler/legacy/datasets/AMASS_SMPLX_2022/BMLmovi/Subject_81_F_MoSh/Subject_81_F_4_stageii.npz,4.0,0.0,1.0,489,120.0,4.066666666666666,7
view0__BMLmovi__Subject_81_F_MoSh__Subject_81_F_5,view0,/bigdata/users/quansj/datasets/Doppler/wilddoppler/legacy/datasets/AMASS_SMPLX_2022/BMLmovi/Subject_81_F_MoSh/Subject_81_F_5_stageii.npz,4.0,0.0,1.0,477,120.0,3.966666666666667,6
view0__BMLmovi__Subject_81_F_MoSh__Subject_81_F_6,view0,/bigdata/users/quansj/datasets/Doppler/wilddoppler/legacy/datasets/AMASS_SMPLX_2022/BMLmovi/Subject_81_F_MoSh/Subject_81_F_6_stageii.npz,4.0,0.0,1.0,945,120.0,7.866666666666666,14
view0__BMLmovi__Subject_81_F_MoSh__Subject_81_F_7,view0,/bigdata/users/quansj/datasets/Doppler/wilddoppler/legacy/datasets/AMASS_SMPLX_2022/BMLmovi/Subject_81_F_MoSh/Subject_81_F_7_stageii.npz,4.0,0.0,1.0,457,120.0,3.8,6
view0__BMLmovi__Subject_81_F_MoSh__Subject_81_F_8,view0,/bigdata/users/quansj/datasets/Doppler/wilddoppler/legacy/datasets/AMASS_SMPLX_2022/BMLmovi/Subject_81_F_MoSh/Subject_81_F_8_stageii.npz,4.0,0.0,1.0,441,120.0,3.6666666666666665,6
view0__BMLmovi__Subject_81_F_MoSh__Subject_81_F_9,view0,/bigdata/users/quansj/datasets/Doppler/wilddoppler/legacy/datasets/AMASS_SMPLX_2022/BMLmovi/Subject_81_F_MoSh/Subject_81_F_9_stageii.npz,4.0,0.0,1.0,373,120.0,3.1,5
view0__BMLmovi__Subject_82_F_MoSh__Subject_82_F_10,view0,/bigdata/users/quansj/datasets/Doppler/wilddoppler/legacy/datasets/AMASS_SMPLX_2022/BMLmovi/Subject_82_F_MoSh/Subject_82_F_10_stageii.npz,4.0,0.0,1.0,713,120.0,5.933333333333334,10
view0__BMLmovi__Subject_82_F_MoSh__Subject_82_F_11,view0,/bigdata/users/quansj/datasets/Doppler/wilddoppler/legacy/datasets/AMASS_SMPLX_2022/BMLmovi/Subject_82_F_MoSh/Subject_82_F_11_stageii.npz,4.0,0.0,1.0,453,120.0,3.7666666666666666,6
view0__BMLmovi__Subject_82_F_MoSh__Subject_82_F_12,view0,/bigdata/users/quansj/datasets/Doppler/wilddoppler/legacy/datasets/AMASS_SMPLX_2022/BMLmovi/Subject_82_F_MoSh/Subject_82_F_12_stageii.npz,4.0,0.0,1.0,1277,120.0,10.633333333333333,20
view0__BMLmovi__Subject_82_F_MoSh__Subject_82_F_13,view0,/bigdata/users/quansj/datasets/Doppler/wilddoppler/legacy/datasets/AMASS_SMPLX_2022/BMLmovi/Subject_82_F_MoSh/Subject_82_F_13_stageii.npz,4.0,0.0,1.0,461,120.0,3.8333333333333335,6
view0__BMLmovi__Subject_82_F_MoSh__Subject_82_F_14,view0,/bigdata/users/quansj/datasets/Doppler/wilddoppler/legacy/datasets/AMASS_SMPLX_2022/BMLmovi/Subject_82_F_MoSh/Subject_82_F_14_stageii.npz,4.0,0.0,1.0,501,120.0,4.166666666666667,7
view0__BMLmovi__Subject_82_F_MoSh__Subject_82_F_15,view0,/bigdata/users/quansj/datasets/Doppler/wilddoppler/legacy/datasets/AMASS_SMPLX_2022/BMLmovi/Subject_82_F_MoSh/Subject_82_F_15_stageii.npz,4.0,0.0,1.0,405,120.0,3.3666666666666667,5
view0__BMLmovi__Subject_82_F_MoSh__Subject_82_F_16,view0,/bigdata/users/quansj/datasets/Doppler/wilddoppler/legacy/datasets/AMASS_SMPLX_2022/BMLmovi/Subject_82_F_MoSh/Subject_82_F_16_stageii.npz,4.0,0.0,1.0,1089,120.0,9.066666666666666,17
view0__BMLmovi__Subject_82_F_MoSh__Subject_82_F_17,view0,/bigdata/users/quansj/datasets/Doppler/wilddoppler/legacy/datasets/AMASS_SMPLX_2022/BMLmovi/Subject_82_F_MoSh/Subject_82_F_17_stageii.npz,4.0,0.0,1.0,1029,120.0,8.566666666666666,16
view0__BMLmovi__Subject_82_F_MoSh__Subject_82_F_18,view0,/bigdata/users/quansj/datasets/Doppler/wilddoppler/legacy/datasets/AMASS_SMPLX_2022/BMLmovi/Subject_82_F_MoSh/Subject_82_F_18_stageii.npz,4.0,0.0,1.0,1293,120.0,10.766666666666667,20
view0__BMLmovi__Subject_82_F_MoSh__Subject_82_F_19,view0,/bigdata/users/quansj/datasets/Doppler/wilddoppler/legacy/datasets/AMASS_SMPLX_2022/BMLmovi/Subject_82_F_MoSh/Subject_82_F_19_stageii.npz,4.0,0.0,1.0,417,120.0,3.466666666666667,5
view0__BMLmovi__Subject_82_F_MoSh__Subject_82_F_1,view0,/bigdata/users/quansj/datasets/Doppler/wilddoppler/legacy/datasets/AMASS_SMPLX_2022/BMLmovi/Subject_82_F_MoSh/Subject_82_F_1_stageii.npz,4.0,0.0,1.0,557,120.0,4.633333333333334,8
view0__BMLmovi__Subject_82_F_MoSh__Subject_82_F_20,view0,/bigdata/users/quansj/datasets/Doppler/wilddoppler/legacy/datasets/AMASS_SMPLX_2022/BMLmovi/Subject_82_F_MoSh/Subject_82_F_20_stageii.npz,4.0,0.0,1.0,445,120.0,3.7,6
view0__BMLmovi__Subject_82_F_MoSh__Subject_82_F_21,view0,/bigdata/users/quansj/datasets/Doppler/wilddoppler/legacy/datasets/AMASS_SMPLX_2022/BMLmovi/Subject_82_F_MoSh/Subject_82_F_21_stageii.npz,4.0,0.0,1.0,509,120.0,4.233333333333333,7
view0__BMLmovi__Subject_82_F_MoSh__Subject_82_F_2,view0,/bigdata/users/quansj/datasets/Doppler/wilddoppler/legacy/datasets/AMASS_SMPLX_2022/BMLmovi/Subject_82_F_MoSh/Subject_82_F_2_stageii.npz,4.0,0.0,1.0,549,120.0,4.566666666666666,8
view0__BMLmovi__Subject_82_F_MoSh__Subject_82_F_3,view0,/bigdata/users/quansj/datasets/Doppler/wilddoppler/legacy/datasets/AMASS_SMPLX_2022/BMLmovi/Subject_82_F_MoSh/Subject_82_F_3_stageii.npz,4.0,0.0,1.0,481,120.0,4.0,7
view0__BMLmovi__Subject_82_F_MoSh__Subject_82_F_4,view0,/bigdata/users/quansj/datasets/Doppler/wilddoppler/legacy/datasets/AMASS_SMPLX_2022/BMLmovi/Subject_82_F_MoSh/Subject_82_F_4_stageii.npz,4.0,0.0,1.0,1473,120.0,12.266666666666667,23
view0__BMLmovi__Subject_82_F_MoSh__Subject_82_F_5,view0,/bigdata/users/quansj/datasets/Doppler/wilddoppler/legacy/datasets/AMASS_SMPLX_2022/BMLmovi/Subject_82_F_MoSh/Subject_82_F_5_stageii.npz,4.0,0.0,1.0,513,120.0,4.266666666666667,7
view0__BMLmovi__Subject_82_F_MoSh__Subject_82_F_6,view0,/bigdata/users/quansj/datasets/Doppler/wilddoppler/legacy/datasets/AMASS_SMPLX_2022/BMLmovi/Subject_82_F_MoSh/Subject_82_F_6_stageii.npz,4.0,0.0,1.0,525,120.0,4.366666666666666,7
view0__BMLmovi__Subject_82_F_MoSh__Subject_82_F_7,view0,/bigdata/users/quansj/datasets/Doppler/wilddoppler/legacy/datasets/AMASS_SMPLX_2022/BMLmovi/Subject_82_F_MoSh/Subject_82_F_7_stageii.npz,4.0,0.0,1.0,837,120.0,6.966666666666667,12
view0__BMLmovi__Subject_82_F_MoSh__Subject_82_F_8,view0,/bigdata/users/quansj/datasets/Doppler/wilddoppler/legacy/datasets/AMASS_SMPLX_2022/BMLmovi/Subject_82_F_MoSh/Subject_82_F_8_stageii.npz,4.0,0.0,1.0,677,120.0,5.633333333333334,10
view0__BMLmovi__Subject_82_F_MoSh__Subject_82_F_9,view0,/bigdata/users/quansj/datasets/Doppler/wilddoppler/legacy/datasets/AMASS_SMPLX_2022/BMLmovi/Subject_82_F_MoSh/Subject_82_F_9_stageii.npz,4.0,0.0,1.0,489,120.0,4.066666666666666,7
view0__BMLmovi__Subject_83_F_MoSh__Subject_83_F_10,view0,/bigdata/users/quansj/datasets/Doppler/wilddoppler/legacy/datasets/AMASS_SMPLX_2022/BMLmovi/Subject_83_F_MoSh/Subject_83_F_10_stageii.npz,4.0,0.0,1.0,877,120.0,7.3,13
view0__BMLmovi__Subject_83_F_MoSh__Subject_83_F_11,view0,/bigdata/users/quansj/datasets/Doppler/wilddoppler/legacy/datasets/AMASS_SMPLX_2022/BMLmovi/Subject_83_F_MoSh/Subject_83_F_11_stageii.npz,4.0,0.0,1.0,745,120.0,6.2,11
view0__BMLmovi__Subject_83_F_MoSh__Subject_83_F_12,view0,/bigdata/users/quansj/datasets/Doppler/wilddoppler/legacy/datasets/AMASS_SMPLX_2022/BMLmovi/Subject_83_F_MoSh/Subject_83_F_12_stageii.npz,4.0,0.0,1.0,593,120.0,4.933333333333334,8
view0__BMLmovi__Subject_83_F_MoSh__Subject_83_F_13,view0,/bigdata/users/quansj/datasets/Doppler/wilddoppler/legacy/datasets/AMASS_SMPLX_2022/BMLmovi/Subject_83_F_MoSh/Subject_83_F_13_stageii.npz,4.0,0.0,1.0,433,120.0,3.6,6
view0__BMLmovi__Subject_83_F_MoSh__Subject_83_F_14,view0,/bigdata/users/quansj/datasets/Doppler/wilddoppler/legacy/datasets/AMASS_SMPLX_2022/BMLmovi/Subject_83_F_MoSh/Subject_83_F_14_stageii.npz,4.0,0.0,1.0,657,120.0,5.466666666666667,9
view0__BMLmovi__Subject_83_F_MoSh__Subject_83_F_15,view0,/bigdata/users/quansj/datasets/Doppler/wilddoppler/legacy/datasets/AMASS_SMPLX_2022/BMLmovi/Subject_83_F_MoSh/Subject_83_F_15_stageii.npz,4.0,0.0,1.0,393,120.0,3.2666666666666666,5
view0__BMLmovi__Subject_83_F_MoSh__Subject_83_F_16,view0,/bigdata/users/quansj/datasets/Doppler/wilddoppler/legacy/datasets/AMASS_SMPLX_2022/BMLmovi/Subject_83_F_MoSh/Subject_83_F_16_stageii.npz,4.0,0.0,1.0,393,120.0,3.2666666666666666,5
view0__BMLmovi__Subject_83_F_MoSh__Subject_83_F_17,view0,/bigdata/users/quansj/datasets/Doppler/wilddoppler/legacy/datasets/AMASS_SMPLX_2022/BMLmovi/Subject_83_F_MoSh/Subject_83_F_17_stageii.npz,4.0,0.0,1.0,353,120.0,2.933333333333333,4
view0__BMLmovi__Subject_83_F_MoSh__Subject_83_F_18,view0,/bigdata/users/quansj/datasets/Doppler/wilddoppler/legacy/datasets/AMASS_SMPLX_2022/BMLmovi/Subject_83_F_MoSh/Subject_83_F_18_stageii.npz,4.0,0.0,1.0,361,120.0,3.0,5
view0__BMLmovi__Subject_83_F_MoSh__Subject_83_F_19,view0,/bigdata/users/quansj/datasets/Doppler/wilddoppler/legacy/datasets/AMASS_SMPLX_2022/BMLmovi/Subject_83_F_MoSh/Subject_83_F_19_stageii.npz,4.0,0.0,1.0,645,120.0,5.366666666666666,9
view0__BMLmovi__Subject_83_F_MoSh__Subject_83_F_1,view0,/bigdata/users/quansj/datasets/Doppler/wilddoppler/legacy/datasets/AMASS_SMPLX_2022/BMLmovi/Subject_83_F_MoSh/Subject_83_F_1_stageii.npz,4.0,0.0,1.0,369,120.0,3.066666666666667,5
view0__BMLmovi__Subject_83_F_MoSh__Subject_83_F_20,view0,/bigdata/users/quansj/datasets/Doppler/wilddoppler/legacy/datasets/AMASS_SMPLX_2022/BMLmovi/Subject_83_F_MoSh/Subject_83_F_20_stageii.npz,4.0,0.0,1.0,1105,120.0,9.2,17
view0__BMLmovi__Subject_83_F_MoSh__Subject_83_F_21,view0,/bigdata/users/quansj/datasets/Doppler/wilddoppler/legacy/datasets/AMASS_SMPLX_2022/BMLmovi/Subject_83_F_MoSh/Subject_83_F_21_stageii.npz,4.0,0.0,1.0,457,120.0,3.8,6
view0__BMLmovi__Subject_83_F_MoSh__Subject_83_F_2,view0,/bigdata/users/quansj/datasets/Doppler/wilddoppler/legacy/datasets/AMASS_SMPLX_2022/BMLmovi/Subject_83_F_MoSh/Subject_83_F_2_stageii.npz,4.0,0.0,1.0,1277,120.0,10.633333333333333,20
view0__BMLmovi__Subject_83_F_MoSh__Subject_83_F_3,view0,/bigdata/users/quansj/datasets/Doppler/wilddoppler/legacy/datasets/AMASS_SMPLX_2022/BMLmovi/Subject_83_F_MoSh/Subject_83_F_3_stageii.npz,4.0,0.0,1.0,525,120.0,4.366666666666666,7
view0__BMLmovi__Subject_83_F_MoSh__Subject_83_F_4,view0,/bigdata/users/quansj/datasets/Doppler/wilddoppler/legacy/datasets/AMASS_SMPLX_2022/BMLmovi/Subject_83_F_MoSh/Subject_83_F_4_stageii.npz,4.0,0.0,1.0,613,120.0,5.1,9
view0__BMLmovi__Subject_83_F_MoSh__Subject_83_F_5,view0,/bigdata/users/quansj/datasets/Doppler/wilddoppler/legacy/datasets/AMASS_SMPLX_2022/BMLmovi/Subject_83_F_MoSh/Subject_83_F_5_stageii.npz,4.0,0.0,1.0,373,120.0,3.1,5
view0__BMLmovi__Subject_83_F_MoSh__Subject_83_F_6,view0,/bigdata/users/quansj/datasets/Doppler/wilddoppler/legacy/datasets/AMASS_SMPLX_2022/BMLmovi/Subject_83_F_MoSh/Subject_83_F_6_stageii.npz,4.0,0.0,1.0,813,120.0,6.766666666666667,12
view0__BMLmovi__Subject_83_F_MoSh__Subject_83_F_7,view0,/bigdata/users/quansj/datasets/Doppler/wilddoppler/legacy/datasets/AMASS_SMPLX_2022/BMLmovi/Subject_83_F_MoSh/Subject_83_F_7_stageii.npz,4.0,0.0,1.0,329,120.0,2.7333333333333334,4
view0__BMLmovi__Subject_83_F_MoSh__Subject_83_F_8,view0,/bigdata/users/quansj/datasets/Doppler/wilddoppler/legacy/datasets/AMASS_SMPLX_2022/BMLmovi/Subject_83_F_MoSh/Subject_83_F_8_stageii.npz,4.0,0.0,1.0,441,120.0,3.6666666666666665,6
view0__BMLmovi__Subject_83_F_MoSh__Subject_83_F_9,view0,/bigdata/users/quansj/datasets/Doppler/wilddoppler/legacy/datasets/AMASS_SMPLX_2022/BMLmovi/Subject_83_F_MoSh/Subject_83_F_9_stageii.npz,4.0,0.0,1.0,781,120.0,6.5,12
view0__BMLmovi__Subject_84_F_MoSh__Subject_84_F_10,view0,/bigdata/users/quansj/datasets/Doppler/wilddoppler/legacy/datasets/AMASS_SMPLX_2022/BMLmovi/Subject_84_F_MoSh/Subject_84_F_10_stageii.npz,4.0,0.0,1.0,489,120.0,4.066666666666666,7
view0__BMLmovi__Subject_84_F_MoSh__Subject_84_F_11,view0,/bigdata/users/quansj/datasets/Doppler/wilddoppler/legacy/datasets/AMASS_SMPLX_2022/BMLmovi/Subject_84_F_MoSh/Subject_84_F_11_stageii.npz,4.0,0.0,1.0,485,120.0,4.033333333333333,7
view0__BMLmovi__Subject_84_F_MoSh__Subject_84_F_12,view0,/bigdata/users/quansj/datasets/Doppler/wilddoppler/legacy/datasets/AMASS_SMPLX_2022/BMLmovi/Subject_84_F_MoSh/Subject_84_F_12_stageii.npz,4.0,0.0,1.0,561,120.0,4.666666666666667,8
view0__BMLmovi__Subject_84_F_MoSh__Subject_84_F_13,view0,/bigdata/users/quansj/datasets/Doppler/wilddoppler/legacy/datasets/AMASS_SMPLX_2022/BMLmovi/Subject_84_F_MoSh/Subject_84_F_13_stageii.npz,4.0,0.0,1.0,957,120.0,7.966666666666667,14
view0__BMLmovi__Subject_84_F_MoSh__Subject_84_F_14,view0,/bigdata/users/quansj/datasets/Doppler/wilddoppler/legacy/datasets/AMASS_SMPLX_2022/BMLmovi/Subject_84_F_MoSh/Subject_84_F_14_stageii.npz,4.0,0.0,1.0,641,120.0,5.333333333333333,9
view0__BMLmovi__Subject_84_F_MoSh__Subject_84_F_15,view0,/bigdata/users/quansj/datasets/Doppler/wilddoppler/legacy/datasets/AMASS_SMPLX_2022/BMLmovi/Subject_84_F_MoSh/Subject_84_F_15_stageii.npz,4.0,0.0,1.0,457,120.0,3.8,6
view0__BMLmovi__Subject_84_F_MoSh__Subject_84_F_16,view0,/bigdata/users/quansj/datasets/Doppler/wilddoppler/legacy/datasets/AMASS_SMPLX_2022/BMLmovi/Subject_84_F_MoSh/Subject_84_F_16_stageii.npz,4.0,0.0,1.0,973,120.0,8.1,15
view0__BMLmovi__Subject_84_F_MoSh__Subject_84_F_17,view0,/bigdata/users/quansj/datasets/Doppler/wilddoppler/legacy/datasets/AMASS_SMPLX_2022/BMLmovi/Subject_84_F_MoSh/Subject_84_F_17_stageii.npz,4.0,0.0,1.0,609,120.0,5.066666666666666,9
view0__BMLmovi__Subject_84_F_MoSh__Subject_84_F_18,view0,/bigdata/users/quansj/datasets/Doppler/wilddoppler/legacy/datasets/AMASS_SMPLX_2022/BMLmovi/Subject_84_F_MoSh/Subject_84_F_18_stageii.npz,4.0,0.0,1.0,1425,120.0,11.866666666666667,22
view0__BMLmovi__Subject_84_F_MoSh__Subject_84_F_19,view0,/bigdata/users/quansj/datasets/Doppler/wilddoppler/legacy/datasets/AMASS_SMPLX_2022/BMLmovi/Subject_84_F_MoSh/Subject_84_F_19_stageii.npz,4.0,0.0,1.0,405,120.0,3.3666666666666667,5
view0__BMLmovi__Subject_84_F_MoSh__Subject_84_F_1,view0,/bigdata/users/quansj/datasets/Doppler/wilddoppler/legacy/datasets/AMASS_SMPLX_2022/BMLmovi/Subject_84_F_MoSh/Subject_84_F_1_stageii.npz,4.0,0.0,1.0,953,120.0,7.933333333333334,14
view0__BMLmovi__Subject_84_F_MoSh__Subject_84_F_20,view0,/bigdata/users/quansj/datasets/Doppler/wilddoppler/legacy/datasets/AMASS_SMPLX_2022/BMLmovi/Subject_84_F_MoSh/Subject_84_F_20_stageii.npz,4.0,0.0,1.0,601,120.0,5.0,9
view0__BMLmovi__Subject_84_F_MoSh__Subject_84_F_21,view0,/bigdata/users/quansj/datasets/Doppler/wilddoppler/legacy/datasets/AMASS_SMPLX_2022/BMLmovi/Subject_84_F_MoSh/Subject_84_F_21_stageii.npz,4.0,0.0,1.0,929,120.0,7.733333333333333,14
view0__BMLmovi__Subject_84_F_MoSh__Subject_84_F_2,view0,/bigdata/users/quansj/datasets/Doppler/wilddoppler/legacy/datasets/AMASS_SMPLX_2022/BMLmovi/Subject_84_F_MoSh/Subject_84_F_2_stageii.npz,4.0,0.0,1.0,469,120.0,3.9,6
view0__BMLmovi__Subject_84_F_MoSh__Subject_84_F_3,view0,/bigdata/users/quansj/datasets/Doppler/wilddoppler/legacy/datasets/AMASS_SMPLX_2022/BMLmovi/Subject_84_F_MoSh/Subject_84_F_3_stageii.npz,4.0,0.0,1.0,633,120.0,5.266666666666667,9
view0__BMLmovi__Subject_84_F_MoSh__Subject_84_F_4,view0,/bigdata/users/quansj/datasets/Doppler/wilddoppler/legacy/datasets/AMASS_SMPLX_2022/BMLmovi/Subject_84_F_MoSh/Subject_84_F_4_stageii.npz,4.0,0.0,1.0,517,120.0,4.3,7
view0__BMLmovi__Subject_84_F_MoSh__Subject_84_F_5,view0,/bigdata/users/quansj/datasets/Doppler/wilddoppler/legacy/datasets/AMASS_SMPLX_2022/BMLmovi/Subject_84_F_MoSh/Subject_84_F_5_stageii.npz,4.0,0.0,1.0,1053,120.0,8.766666666666667,16
view0__BMLmovi__Subject_84_F_MoSh__Subject_84_F_6,view0,/bigdata/users/quansj/datasets/Doppler/wilddoppler/legacy/datasets/AMASS_SMPLX_2022/BMLmovi/Subject_84_F_MoSh/Subject_84_F_6_stageii.npz,4.0,0.0,1.0,601,120.0,5.0,9
view0__BMLmovi__Subject_84_F_MoSh__Subject_84_F_7,view0,/bigdata/users/quansj/datasets/Doppler/wilddoppler/legacy/datasets/AMASS_SMPLX_2022/BMLmovi/Subject_84_F_MoSh/Subject_84_F_7_stageii.npz,4.0,0.0,1.0,309,120.0,2.566666666666667,4
view0__BMLmovi__Subject_84_F_MoSh__Subject_84_F_8,view0,/bigdata/users/quansj/datasets/Doppler/wilddoppler/legacy/datasets/AMASS_SMPLX_2022/BMLmovi/Subject_84_F_MoSh/Subject_84_F_8_stageii.npz,4.0,0.0,1.0,977,120.0,8.133333333333333,15
view0__BMLmovi__Subject_84_F_MoSh__Subject_84_F_9,view0,/bigdata/users/quansj/datasets/Doppler/wilddoppler/legacy/datasets/AMASS_SMPLX_2022/BMLmovi/Subject_84_F_MoSh/Subject_84_F_9_stageii.npz,4.0,0.0,1.0,409,120.0,3.4,5
view0__BMLmovi__Subject_85_F_MoSh__Subject_85_F_10,view0,/bigdata/users/quansj/datasets/Doppler/wilddoppler/legacy/datasets/AMASS_SMPLX_2022/BMLmovi/Subject_85_F_MoSh/Subject_85_F_10_stageii.npz,4.0,0.0,1.0,525,120.0,4.366666666666666,7
view0__BMLmovi__Subject_85_F_MoSh__Subject_85_F_11,view0,/bigdata/users/quansj/datasets/Doppler/wilddoppler/legacy/datasets/AMASS_SMPLX_2022/BMLmovi/Subject_85_F_MoSh/Subject_85_F_11_stageii.npz,4.0,0.0,1.0,529,120.0,4.4,7
view0__BMLmovi__Subject_85_F_MoSh__Subject_85_F_12,view0,/bigdata/users/quansj/datasets/Doppler/wilddoppler/legacy/datasets/AMASS_SMPLX_2022/BMLmovi/Subject_85_F_MoSh/Subject_85_F_12_stageii.npz,4.0,0.0,1.0,797,120.0,6.633333333333334,12
view0__BMLmovi__Subject_85_F_MoSh__Subject_85_F_13,view0,/bigdata/users/quansj/datasets/Doppler/wilddoppler/legacy/datasets/AMASS_SMPLX_2022/BMLmovi/Subject_85_F_MoSh/Subject_85_F_13_stageii.npz,4.0,0.0,1.0,1277,120.0,10.633333333333333,20
view0__BMLmovi__Subject_85_F_MoSh__Subject_85_F_14,view0,/bigdata/users/quansj/datasets/Doppler/wilddoppler/legacy/datasets/AMASS_SMPLX_2022/BMLmovi/Subject_85_F_MoSh/Subject_85_F_14_stageii.npz,4.0,0.0,1.0,1329,120.0,11.066666666666666,21
view0__BMLmovi__Subject_85_F_MoSh__Subject_85_F_15,view0,/bigdata/users/quansj/datasets/Doppler/wilddoppler/legacy/datasets/AMASS_SMPLX_2022/BMLmovi/Subject_85_F_MoSh/Subject_85_F_15_stageii.npz,4.0,0.0,1.0,429,120.0,3.566666666666667,6
view0__BMLmovi__Subject_85_F_MoSh__Subject_85_F_16,view0,/bigdata/users/quansj/datasets/Doppler/wilddoppler/legacy/datasets/AMASS_SMPLX_2022/BMLmovi/Subject_85_F_MoSh/Subject_85_F_16_stageii.npz,4.0,0.0,1.0,665,120.0,5.533333333333333,10
view0__BMLmovi__Subject_85_F_MoSh__Subject_85_F_17,view0,/bigdata/users/quansj/datasets/Doppler/wilddoppler/legacy/datasets/AMASS_SMPLX_2022/BMLmovi/Subject_85_F_MoSh/Subject_85_F_17_stageii.npz,4.0,0.0,1.0,1865,120.0,15.533333333333333,30
view0__BMLmovi__Subject_85_F_MoSh__Subject_85_F_18,view0,/bigdata/users/quansj/datasets/Doppler/wilddoppler/legacy/datasets/AMASS_SMPLX_2022/BMLmovi/Subject_85_F_MoSh/Subject_85_F_18_stageii.npz,4.0,0.0,1.0,733,120.0,6.1,11
view0__BMLmovi__Subject_85_F_MoSh__Subject_85_F_19,view0,/bigdata/users/quansj/datasets/Doppler/wilddoppler/legacy/datasets/AMASS_SMPLX_2022/BMLmovi/Subject_85_F_MoSh/Subject_85_F_19_stageii.npz,4.0,0.0,1.0,845,120.0,7.033333333333333,13
view0__BMLmovi__Subject_85_F_MoSh__Subject_85_F_1,view0,/bigdata/users/quansj/datasets/Doppler/wilddoppler/legacy/datasets/AMASS_SMPLX_2022/BMLmovi/Subject_85_F_MoSh/Subject_85_F_1_stageii.npz,4.0,0.0,1.0,545,120.0,4.533333333333333,8
view0__BMLmovi__Subject_85_F_MoSh__Subject_85_F_20,view0,/bigdata/users/quansj/datasets/Doppler/wilddoppler/legacy/datasets/AMASS_SMPLX_2022/BMLmovi/Subject_85_F_MoSh/Subject_85_F_20_stageii.npz,4.0,0.0,1.0,361,120.0,3.0,5
view0__BMLmovi__Subject_85_F_MoSh__Subject_85_F_21,view0,/bigdata/users/quansj/datasets/Doppler/wilddoppler/legacy/datasets/AMASS_SMPLX_2022/BMLmovi/Subject_85_F_MoSh/Subject_85_F_21_stageii.npz,4.0,0.0,1.0,957,120.0,7.966666666666667,14
view0__BMLmovi__Subject_85_F_MoSh__Subject_85_F_2,view0,/bigdata/users/quansj/datasets/Doppler/wilddoppler/legacy/datasets/AMASS_SMPLX_2022/BMLmovi/Subject_85_F_MoSh/Subject_85_F_2_stageii.npz,4.0,0.0,1.0,1257,120.0,10.466666666666667,19
view0__BMLmovi__Subject_85_F_MoSh__Subject_85_F_3,view0,/bigdata/users/quansj/datasets/Doppler/wilddoppler/legacy/datasets/AMASS_SMPLX_2022/BMLmovi/Subject_85_F_MoSh/Subject_85_F_3_stageii.npz,4.0,0.0,1.0,433,120.0,3.6,6
view0__BMLmovi__Subject_85_F_MoSh__Subject_85_F_4,view0,/bigdata/users/quansj/datasets/Doppler/wilddoppler/legacy/datasets/AMASS_SMPLX_2022/BMLmovi/Subject_85_F_MoSh/Subject_85_F_4_stageii.npz,4.0,0.0,1.0,833,120.0,6.933333333333334,12
view0__BMLmovi__Subject_85_F_MoSh__Subject_85_F_5,view0,/bigdata/users/quansj/datasets/Doppler/wilddoppler/legacy/datasets/AMASS_SMPLX_2022/BMLmovi/Subject_85_F_MoSh/Subject_85_F_5_stageii.npz,4.0,0.0,1.0,409,120.0,3.4,5
view0__BMLmovi__Subject_85_F_MoSh__Subject_85_F_6,view0,/bigdata/users/quansj/datasets/Doppler/wilddoppler/legacy/datasets/AMASS_SMPLX_2022/BMLmovi/Subject_85_F_MoSh/Subject_85_F_6_stageii.npz,4.0,0.0,1.0,637,120.0,5.3,9
view0__BMLmovi__Subject_85_F_MoSh__Subject_85_F_7,view0,/bigdata/users/quansj/datasets/Doppler/wilddoppler/legacy/datasets/AMASS_SMPLX_2022/BMLmovi/Subject_85_F_MoSh/Subject_85_F_7_stageii.npz,4.0,0.0,1.0,437,120.0,3.6333333333333333,6
view0__BMLmovi__Subject_85_F_MoSh__Subject_85_F_8,view0,/bigdata/users/quansj/datasets/Doppler/wilddoppler/legacy/datasets/AMASS_SMPLX_2022/BMLmovi/Subject_85_F_MoSh/Subject_85_F_8_stageii.npz,4.0,0.0,1.0,465,120.0,3.8666666666666667,6
view0__BMLmovi__Subject_85_F_MoSh__Subject_85_F_9,view0,/bigdata/users/quansj/datasets/Doppler/wilddoppler/legacy/datasets/AMASS_SMPLX_2022/BMLmovi/Subject_85_F_MoSh/Subject_85_F_9_stageii.npz,4.0,0.0,1.0,489,120.0,4.066666666666666,7
view0__BMLmovi__Subject_86_F_MoSh__Subject_86_F_10,view0,/bigdata/users/quansj/datasets/Doppler/wilddoppler/legacy/datasets/AMASS_SMPLX_2022/BMLmovi/Subject_86_F_MoSh/Subject_86_F_10_stageii.npz,4.0,0.0,1.0,509,120.0,4.233333333333333,7
view0__BMLmovi__Subject_86_F_MoSh__Subject_86_F_11,view0,/bigdata/users/quansj/datasets/Doppler/wilddoppler/legacy/datasets/AMASS_SMPLX_2022/BMLmovi/Subject_86_F_MoSh/Subject_86_F_11_stageii.npz,4.0,0.0,1.0,1169,120.0,9.733333333333333,18
view0__BMLmovi__Subject_86_F_MoSh__Subject_86_F_12,view0,/bigdata/users/quansj/datasets/Doppler/wilddoppler/legacy/datasets/AMASS_SMPLX_2022/BMLmovi/Subject_86_F_MoSh/Subject_86_F_12_stageii.npz,4.0,0.0,1.0,1017,120.0,8.466666666666667,15
view0__BMLmovi__Subject_86_F_MoSh__Subject_86_F_13,view0,/bigdata/users/quansj/datasets/Doppler/wilddoppler/legacy/datasets/AMASS_SMPLX_2022/BMLmovi/Subject_86_F_MoSh/Subject_86_F_13_stageii.npz,4.0,0.0,1.0,433,120.0,3.6,6
view0__BMLmovi__Subject_86_F_MoSh__Subject_86_F_14,view0,/bigdata/users/quansj/datasets/Doppler/wilddoppler/legacy/datasets/AMASS_SMPLX_2022/BMLmovi/Subject_86_F_MoSh/Subject_86_F_14_stageii.npz,4.0,0.0,1.0,829,120.0,6.9,12
view0__BMLmovi__Subject_86_F_MoSh__Subject_86_F_15,view0,/bigdata/users/quansj/datasets/Doppler/wilddoppler/legacy/datasets/AMASS_SMPLX_2022/BMLmovi/Subject_86_F_MoSh/Subject_86_F_15_stageii.npz,4.0,0.0,1.0,461,120.0,3.8333333333333335,6
view0__BMLmovi__Subject_86_F_MoSh__Subject_86_F_16,view0,/bigdata/users/quansj/datasets/Doppler/wilddoppler/legacy/datasets/AMASS_SMPLX_2022/BMLmovi/Subject_86_F_MoSh/Subject_86_F_16_stageii.npz,4.0,0.0,1.0,521,120.0,4.333333333333333,7
view0__BMLmovi__Subject_86_F_MoSh__Subject_86_F_17,view0,/bigdata/users/quansj/datasets/Doppler/wilddoppler/legacy/datasets/AMASS_SMPLX_2022/BMLmovi/Subject_86_F_MoSh/Subject_86_F_17_stageii.npz,4.0,0.0,1.0,477,120.0,3.966666666666667,6
view0__BMLmovi__Subject_86_F_MoSh__Subject_86_F_18,view0,/bigdata/users/quansj/datasets/Doppler/wilddoppler/legacy/datasets/AMASS_SMPLX_2022/BMLmovi/Subject_86_F_MoSh/Subject_86_F_18_stageii.npz,4.0,0.0,1.0,473,120.0,3.933333333333333,6
view0__BMLmovi__Subject_86_F_MoSh__Subject_86_F_19,view0,/bigdata/users/quansj/datasets/Doppler/wilddoppler/legacy/datasets/AMASS_SMPLX_2022/BMLmovi/Subject_86_F_MoSh/Subject_86_F_19_stageii.npz,4.0,0.0,1.0,805,120.0,6.7,12
view0__BMLmovi__Subject_86_F_MoSh__Subject_86_F_1,view0,/bigdata/users/quansj/datasets/Doppler/wilddoppler/legacy/datasets/AMASS_SMPLX_2022/BMLmovi/Subject_86_F_MoSh/Subject_86_F_1_stageii.npz,4.0,0.0,1.0,361,120.0,3.0,5
view0__BMLmovi__Subject_86_F_MoSh__Subject_86_F_20,view0,/bigdata/users/quansj/datasets/Doppler/wilddoppler/legacy/datasets/AMASS_SMPLX_2022/BMLmovi/Subject_86_F_MoSh/Subject_86_F_20_stageii.npz,4.0,0.0,1.0,817,120.0,6.8,12
view0__BMLmovi__Subject_86_F_MoSh__Subject_86_F_21,view0,/bigdata/users/quansj/datasets/Doppler/wilddoppler/legacy/datasets/AMASS_SMPLX_2022/BMLmovi/Subject_86_F_MoSh/Subject_86_F_21_stageii.npz,4.0,0.0,1.0,433,120.0,3.6,6
view0__BMLmovi__Subject_86_F_MoSh__Subject_86_F_2,view0,/bigdata/users/quansj/datasets/Doppler/wilddoppler/legacy/datasets/AMASS_SMPLX_2022/BMLmovi/Subject_86_F_MoSh/Subject_86_F_2_stageii.npz,4.0,0.0,1.0,485,120.0,4.033333333333333,7
view0__BMLmovi__Subject_86_F_MoSh__Subject_86_F_3,view0,/bigdata/users/quansj/datasets/Doppler/wilddoppler/legacy/datasets/AMASS_SMPLX_2022/BMLmovi/Subject_86_F_MoSh/Subject_86_F_3_stageii.npz,4.0,0.0,1.0,1241,120.0,10.333333333333334,19
view0__BMLmovi__Subject_86_F_MoSh__Subject_86_F_4,view0,/bigdata/users/quansj/datasets/Doppler/wilddoppler/legacy/datasets/AMASS_SMPLX_2022/BMLmovi/Subject_86_F_MoSh/Subject_86_F_4_stageii.npz,4.0,0.0,1.0,433,120.0,3.6,6
view0__BMLmovi__Subject_86_F_MoSh__Subject_86_F_5,view0,/bigdata/users/quansj/datasets/Doppler/wilddoppler/legacy/datasets/AMASS_SMPLX_2022/BMLmovi/Subject_86_F_MoSh/Subject_86_F_5_stageii.npz,4.0,0.0,1.0,661,120.0,5.5,10
view0__BMLmovi__Subject_86_F_MoSh__Subject_86_F_6,view0,/bigdata/users/quansj/datasets/Doppler/wilddoppler/legacy/datasets/AMASS_SMPLX_2022/BMLmovi/Subject_86_F_MoSh/Subject_86_F_6_stageii.npz,4.0,0.0,1.0,925,120.0,7.7,14
view0__BMLmovi__Subject_86_F_MoSh__Subject_86_F_7,view0,/bigdata/users/quansj/datasets/Doppler/wilddoppler/legacy/datasets/AMASS_SMPLX_2022/BMLmovi/Subject_86_F_MoSh/Subject_86_F_7_stageii.npz,4.0,0.0,1.0,449,120.0,3.7333333333333334,6
view0__BMLmovi__Subject_86_F_MoSh__Subject_86_F_8,view0,/bigdata/users/quansj/datasets/Doppler/wilddoppler/legacy/datasets/AMASS_SMPLX_2022/BMLmovi/Subject_86_F_MoSh/Subject_86_F_8_stageii.npz,4.0,0.0,1.0,473,120.0,3.933333333333333,6
view0__BMLmovi__Subject_86_F_MoSh__Subject_86_F_9,view0,/bigdata/users/quansj/datasets/Doppler/wilddoppler/legacy/datasets/AMASS_SMPLX_2022/BMLmovi/Subject_86_F_MoSh/Subject_86_F_9_stageii.npz,4.0,0.0,1.0,377,120.0,3.1333333333333333,5
view0__BMLmovi__Subject_87_F_MoSh__Subject_87_F_10,view0,/bigdata/users/quansj/datasets/Doppler/wilddoppler/legacy/datasets/AMASS_SMPLX_2022/BMLmovi/Subject_87_F_MoSh/Subject_87_F_10_stageii.npz,4.0,0.0,1.0,1013,120.0,8.433333333333334,15
view0__BMLmovi__Subject_87_F_MoSh__Subject_87_F_11,view0,/bigdata/users/quansj/datasets/Doppler/wilddoppler/legacy/datasets/AMASS_SMPLX_2022/BMLmovi/Subject_87_F_MoSh/Subject_87_F_11_stageii.npz,4.0,0.0,1.0,509,120.0,4.233333333333333,7
view0__BMLmovi__Subject_87_F_MoSh__Subject_87_F_12,view0,/bigdata/users/quansj/datasets/Doppler/wilddoppler/legacy/datasets/AMASS_SMPLX_2022/BMLmovi/Subject_87_F_MoSh/Subject_87_F_12_stageii.npz,4.0,0.0,1.0,469,120.0,3.9,6
view0__BMLmovi__Subject_87_F_MoSh__Subject_87_F_13,view0,/bigdata/users/quansj/datasets/Doppler/wilddoppler/legacy/datasets/AMASS_SMPLX_2022/BMLmovi/Subject_87_F_MoSh/Subject_87_F_13_stageii.npz,4.0,0.0,1.0,437,120.0,3.6333333333333333,6
view0__BMLmovi__Subject_87_F_MoSh__Subject_87_F_14,view0,/bigdata/users/quansj/datasets/Doppler/wilddoppler/legacy/datasets/AMASS_SMPLX_2022/BMLmovi/Subject_87_F_MoSh/Subject_87_F_14_stageii.npz,4.0,0.0,1.0,877,120.0,7.3,13
view0__BMLmovi__Subject_87_F_MoSh__Subject_87_F_15,view0,/bigdata/users/quansj/datasets/Doppler/wilddoppler/legacy/datasets/AMASS_SMPLX_2022/BMLmovi/Subject_87_F_MoSh/Subject_87_F_15_stageii.npz,4.0,0.0,1.0,769,120.0,6.4,11
view0__BMLmovi__Subject_87_F_MoSh__Subject_87_F_16,view0,/bigdata/users/quansj/datasets/Doppler/wilddoppler/legacy/datasets/AMASS_SMPLX_2022/BMLmovi/Subject_87_F_MoSh/Subject_87_F_16_stageii.npz,4.0,0.0,1.0,465,120.0,3.8666666666666667,6
view0__BMLmovi__Subject_87_F_MoSh__Subject_87_F_17,view0,/bigdata/users/quansj/datasets/Doppler/wilddoppler/legacy/datasets/AMASS_SMPLX_2022/BMLmovi/Subject_87_F_MoSh/Subject_87_F_17_stageii.npz,4.0,0.0,1.0,933,120.0,7.766666666666667,14
view0__BMLmovi__Subject_87_F_MoSh__Subject_87_F_18,view0,/bigdata/users/quansj/datasets/Doppler/wilddoppler/legacy/datasets/AMASS_SMPLX_2022/BMLmovi/Subject_87_F_MoSh/Subject_87_F_18_stageii.npz,4.0,0.0,1.0,457,120.0,3.8,6
view0__BMLmovi__Subject_87_F_MoSh__Subject_87_F_19,view0,/bigdata/users/quansj/datasets/Doppler/wilddoppler/legacy/datasets/AMASS_SMPLX_2022/BMLmovi/Subject_87_F_MoSh/Subject_87_F_19_stageii.npz,4.0,0.0,1.0,413,120.0,3.433333333333333,5
view0__BMLmovi__Subject_87_F_MoSh__Subject_87_F_1,view0,/bigdata/users/quansj/datasets/Doppler/wilddoppler/legacy/datasets/AMASS_SMPLX_2022/BMLmovi/Subject_87_F_MoSh/Subject_87_F_1_stageii.npz,4.0,0.0,1.0,533,120.0,4.433333333333334,7
view0__BMLmovi__Subject_87_F_MoSh__Subject_87_F_20,view0,/bigdata/users/quansj/datasets/Doppler/wilddoppler/legacy/datasets/AMASS_SMPLX_2022/BMLmovi/Subject_87_F_MoSh/Subject_87_F_20_stageii.npz,4.0,0.0,1.0,1129,120.0,9.4,17
view0__BMLmovi__Subject_87_F_MoSh__Subject_87_F_21,view0,/bigdata/users/quansj/datasets/Doppler/wilddoppler/legacy/datasets/AMASS_SMPLX_2022/BMLmovi/Subject_87_F_MoSh/Subject_87_F_21_stageii.npz,4.0,0.0,1.0,661,120.0,5.5,10
view0__BMLmovi__Subject_87_F_MoSh__Subject_87_F_2,view0,/bigdata/users/quansj/datasets/Doppler/wilddoppler/legacy/datasets/AMASS_SMPLX_2022/BMLmovi/Subject_87_F_MoSh/Subject_87_F_2_stageii.npz,4.0,0.0,1.0,1093,120.0,9.1,17
view0__BMLmovi__Subject_87_F_MoSh__Subject_87_F_3,view0,/bigdata/users/quansj/datasets/Doppler/wilddoppler/legacy/datasets/AMASS_SMPLX_2022/BMLmovi/Subject_87_F_MoSh/Subject_87_F_3_stageii.npz,4.0,0.0,1.0,889,120.0,7.4,13
view0__BMLmovi__Subject_87_F_MoSh__Subject_87_F_4,view0,/bigdata/users/quansj/datasets/Doppler/wilddoppler/legacy/datasets/AMASS_SMPLX_2022/BMLmovi/Subject_87_F_MoSh/Subject_87_F_4_stageii.npz,4.0,0.0,1.0,417,120.0,3.466666666666667,5
view0__BMLmovi__Subject_87_F_MoSh__Subject_87_F_5,view0,/bigdata/users/quansj/datasets/Doppler/wilddoppler/legacy/datasets/AMASS_SMPLX_2022/BMLmovi/Subject_87_F_MoSh/Subject_87_F_5_stageii.npz,4.0,0.0,1.0,433,120.0,3.6,6
view0__BMLmovi__Subject_87_F_MoSh__Subject_87_F_6,view0,/bigdata/users/quansj/datasets/Doppler/wilddoppler/legacy/datasets/AMASS_SMPLX_2022/BMLmovi/Subject_87_F_MoSh/Subject_87_F_6_stageii.npz,4.0,0.0,1.0,377,120.0,3.1333333333333333,5
view0__BMLmovi__Subject_87_F_MoSh__Subject_87_F_7,view0,/bigdata/users/quansj/datasets/Doppler/wilddoppler/legacy/datasets/AMASS_SMPLX_2022/BMLmovi/Subject_87_F_MoSh/Subject_87_F_7_stageii.npz,4.0,0.0,1.0,465,120.0,3.8666666666666667,6
view0__BMLmovi__Subject_87_F_MoSh__Subject_87_F_8,view0,/bigdata/users/quansj/datasets/Doppler/wilddoppler/legacy/datasets/AMASS_SMPLX_2022/BMLmovi/Subject_87_F_MoSh/Subject_87_F_8_stageii.npz,4.0,0.0,1.0,385,120.0,3.2,5
view0__BMLmovi__Subject_87_F_MoSh__Subject_87_F_9,view0,/bigdata/users/quansj/datasets/Doppler/wilddoppler/legacy/datasets/AMASS_SMPLX_2022/BMLmovi/Subject_87_F_MoSh/Subject_87_F_9_stageii.npz,4.0,0.0,1.0,353,120.0,2.933333333333333,4
view0__BMLmovi__Subject_88_F_MoSh__Subject_88_F_10,view0,/bigdata/users/quansj/datasets/Doppler/wilddoppler/legacy/datasets/AMASS_SMPLX_2022/BMLmovi/Subject_88_F_MoSh/Subject_88_F_10_stageii.npz,4.0,0.0,1.0,665,120.0,5.533333333333333,10
view0__BMLmovi__Subject_88_F_MoSh__Subject_88_F_11,view0,/bigdata/users/quansj/datasets/Doppler/wilddoppler/legacy/datasets/AMASS_SMPLX_2022/BMLmovi/Subject_88_F_MoSh/Subject_88_F_11_stageii.npz,4.0,0.0,1.0,813,120.0,6.766666666666667,12
view0__BMLmovi__Subject_88_F_MoSh__Subject_88_F_12,view0,/bigdata/users/quansj/datasets/Doppler/wilddoppler/legacy/datasets/AMASS_SMPLX_2022/BMLmovi/Subject_88_F_MoSh/Subject_88_F_12_stageii.npz,4.0,0.0,1.0,461,120.0,3.8333333333333335,6
view0__BMLmovi__Subject_88_F_MoSh__Subject_88_F_13,view0,/bigdata/users/quansj/datasets/Doppler/wilddoppler/legacy/datasets/AMASS_SMPLX_2022/BMLmovi/Subject_88_F_MoSh/Subject_88_F_13_stageii.npz,4.0,0.0,1.0,761,120.0,6.333333333333333,11
view0__BMLmovi__Subject_88_F_MoSh__Subject_88_F_14,view0,/bigdata/users/quansj/datasets/Doppler/wilddoppler/legacy/datasets/AMASS_SMPLX_2022/BMLmovi/Subject_88_F_MoSh/Subject_88_F_14_stageii.npz,4.0,0.0,1.0,421,120.0,3.5,6
view0__BMLmovi__Subject_88_F_MoSh__Subject_88_F_15,view0,/bigdata/users/quansj/datasets/Doppler/wilddoppler/legacy/datasets/AMASS_SMPLX_2022/BMLmovi/Subject_88_F_MoSh/Subject_88_F_15_stageii.npz,4.0,0.0,1.0,317,120.0,2.6333333333333333,4
view0__BMLmovi__Subject_88_F_MoSh__Subject_88_F_16,view0,/bigdata/users/quansj/datasets/Doppler/wilddoppler/legacy/datasets/AMASS_SMPLX_2022/BMLmovi/Subject_88_F_MoSh/Subject_88_F_16_stageii.npz,4.0,0.0,1.0,545,120.0,4.533333333333333,8
view0__BMLmovi__Subject_88_F_MoSh__Subject_88_F_17,view0,/bigdata/users/quansj/datasets/Doppler/wilddoppler/legacy/datasets/AMASS_SMPLX_2022/BMLmovi/Subject_88_F_MoSh/Subject_88_F_17_stageii.npz,4.0,0.0,1.0,417,120.0,3.466666666666667,5
view0__BMLmovi__Subject_88_F_MoSh__Subject_88_F_18,view0,/bigdata/users/quansj/datasets/Doppler/wilddoppler/legacy/datasets/AMASS_SMPLX_2022/BMLmovi/Subject_88_F_MoSh/Subject_88_F_18_stageii.npz,4.0,0.0,1.0,489,120.0,4.066666666666666,7
view0__BMLmovi__Subject_88_F_MoSh__Subject_88_F_19,view0,/bigdata/users/quansj/datasets/Doppler/wilddoppler/legacy/datasets/AMASS_SMPLX_2022/BMLmovi/Subject_88_F_MoSh/Subject_88_F_19_stageii.npz,4.0,0.0,1.0,1033,120.0,8.6,16
view0__BMLmovi__Subject_88_F_MoSh__Subject_88_F_1,view0,/bigdata/users/quansj/datasets/Doppler/wilddoppler/legacy/datasets/AMASS_SMPLX_2022/BMLmovi/Subject_88_F_MoSh/Subject_88_F_1_stageii.npz,4.0,0.0,1.0,629,120.0,5.233333333333333,9
view0__BMLmovi__Subject_88_F_MoSh__Subject_88_F_20,view0,/bigdata/users/quansj/datasets/Doppler/wilddoppler/legacy/datasets/AMASS_SMPLX_2022/BMLmovi/Subject_88_F_MoSh/Subject_88_F_20_stageii.npz,4.0,0.0,1.0,533,120.0,4.433333333333334,7
view0__BMLmovi__Subject_88_F_MoSh__Subject_88_F_21,view0,/bigdata/users/quansj/datasets/Doppler/wilddoppler/legacy/datasets/AMASS_SMPLX_2022/BMLmovi/Subject_88_F_MoSh/Subject_88_F_21_stageii.npz,4.0,0.0,1.0,505,120.0,4.2,7
view0__BMLmovi__Subject_88_F_MoSh__Subject_88_F_2,view0,/bigdata/users/quansj/datasets/Doppler/wilddoppler/legacy/datasets/AMASS_SMPLX_2022/BMLmovi/Subject_88_F_MoSh/Subject_88_F_2_stageii.npz,4.0,0.0,1.0,717,120.0,5.966666666666667,10
view0__BMLmovi__Subject_88_F_MoSh__Subject_88_F_3,view0,/bigdata/users/quansj/datasets/Doppler/wilddoppler/legacy/datasets/AMASS_SMPLX_2022/BMLmovi/Subject_88_F_MoSh/Subject_88_F_3_stageii.npz,4.0,0.0,1.0,1349,120.0,11.233333333333333,21
view0__BMLmovi__Subject_88_F_MoSh__Subject_88_F_4,view0,/bigdata/users/quansj/datasets/Doppler/wilddoppler/legacy/datasets/AMASS_SMPLX_2022/BMLmovi/Subject_88_F_MoSh/Subject_88_F_4_stageii.npz,4.0,0.0,1.0,697,120.0,5.8,10
view0__BMLmovi__Subject_88_F_MoSh__Subject_88_F_5,view0,/bigdata/users/quansj/datasets/Doppler/wilddoppler/legacy/datasets/AMASS_SMPLX_2022/BMLmovi/Subject_88_F_MoSh/Subject_88_F_5_stageii.npz,4.0,0.0,1.0,421,120.0,3.5,6
view0__BMLmovi__Subject_88_F_MoSh__Subject_88_F_6,view0,/bigdata/users/quansj/datasets/Doppler/wilddoppler/legacy/datasets/AMASS_SMPLX_2022/BMLmovi/Subject_88_F_MoSh/Subject_88_F_6_stageii.npz,4.0,0.0,1.0,509,120.0,4.233333333333333,7
view0__BMLmovi__Subject_88_F_MoSh__Subject_88_F_7,view0,/bigdata/users/quansj/datasets/Doppler/wilddoppler/legacy/datasets/AMASS_SMPLX_2022/BMLmovi/Subject_88_F_MoSh/Subject_88_F_7_stageii.npz,4.0,0.0,1.0,381,120.0,3.1666666666666665,5
view0__BMLmovi__Subject_88_F_MoSh__Subject_88_F_8,view0,/bigdata/users/quansj/datasets/Doppler/wilddoppler/legacy/datasets/AMASS_SMPLX_2022/BMLmovi/Subject_88_F_MoSh/Subject_88_F_8_stageii.npz,4.0,0.0,1.0,525,120.0,4.366666666666666,7
view0__BMLmovi__Subject_88_F_MoSh__Subject_88_F_9,view0,/bigdata/users/quansj/datasets/Doppler/wilddoppler/legacy/datasets/AMASS_SMPLX_2022/BMLmovi/Subject_88_F_MoSh/Subject_88_F_9_stageii.npz,4.0,0.0,1.0,457,120.0,3.8,6
view0__BMLmovi__Subject_89_F_MoSh__Subject_89_F_10,view0,/bigdata/users/quansj/datasets/Doppler/wilddoppler/legacy/datasets/AMASS_SMPLX_2022/BMLmovi/Subject_89_F_MoSh/Subject_89_F_10_stageii.npz,4.0,0.0,1.0,413,120.0,3.433333333333333,5
view0__BMLmovi__Subject_89_F_MoSh__Subject_89_F_11,view0,/bigdata/users/quansj/datasets/Doppler/wilddoppler/legacy/datasets/AMASS_SMPLX_2022/BMLmovi/Subject_89_F_MoSh/Subject_89_F_11_stageii.npz,4.0,0.0,1.0,393,120.0,3.2666666666666666,5
view0__BMLmovi__Subject_89_F_MoSh__Subject_89_F_12,view0,/bigdata/users/quansj/datasets/Doppler/wilddoppler/legacy/datasets/AMASS_SMPLX_2022/BMLmovi/Subject_89_F_MoSh/Subject_89_F_12_stageii.npz,4.0,0.0,1.0,1109,120.0,9.233333333333333,17
view0__BMLmovi__Subject_89_F_MoSh__Subject_89_F_13,view0,/bigdata/users/quansj/datasets/Doppler/wilddoppler/legacy/datasets/AMASS_SMPLX_2022/BMLmovi/Subject_89_F_MoSh/Subject_89_F_13_stageii.npz,4.0,0.0,1.0,489,120.0,4.066666666666666,7
view0__BMLmovi__Subject_89_F_MoSh__Subject_89_F_14,view0,/bigdata/users/quansj/datasets/Doppler/wilddoppler/legacy/datasets/AMASS_SMPLX_2022/BMLmovi/Subject_89_F_MoSh/Subject_89_F_14_stageii.npz,4.0,0.0,1.0,321,120.0,2.6666666666666665,4
view0__BMLmovi__Subject_89_F_MoSh__Subject_89_F_15,view0,/bigdata/users/quansj/datasets/Doppler/wilddoppler/legacy/datasets/AMASS_SMPLX_2022/BMLmovi/Subject_89_F_MoSh/Subject_89_F_15_stageii.npz,4.0,0.0,1.0,1237,120.0,10.3,19
view0__BMLmovi__Subject_89_F_MoSh__Subject_89_F_16,view0,/bigdata/users/quansj/datasets/Doppler/wilddoppler/legacy/datasets/AMASS_SMPLX_2022/BMLmovi/Subject_89_F_MoSh/Subject_89_F_16_stageii.npz,4.0,0.0,1.0,981,120.0,8.166666666666666,15
view0__BMLmovi__Subject_89_F_MoSh__Subject_89_F_17,view0,/bigdata/users/quansj/datasets/Doppler/wilddoppler/legacy/datasets/AMASS_SMPLX_2022/BMLmovi/Subject_89_F_MoSh/Subject_89_F_17_stageii.npz,4.0,0.0,1.0,385,120.0,3.2,5
view0__BMLmovi__Subject_89_F_MoSh__Subject_89_F_18,view0,/bigdata/users/quansj/datasets/Doppler/wilddoppler/legacy/datasets/AMASS_SMPLX_2022/BMLmovi/Subject_89_F_MoSh/Subject_89_F_18_stageii.npz,4.0,0.0,1.0,485,120.0,4.033333333333333,7
view0__BMLmovi__Subject_89_F_MoSh__Subject_89_F_19,view0,/bigdata/users/quansj/datasets/Doppler/wilddoppler/legacy/datasets/AMASS_SMPLX_2022/BMLmovi/Subject_89_F_MoSh/Subject_89_F_19_stageii.npz,4.0,0.0,1.0,505,120.0,4.2,7
view0__BMLmovi__Subject_89_F_MoSh__Subject_89_F_1,view0,/bigdata/users/quansj/datasets/Doppler/wilddoppler/legacy/datasets/AMASS_SMPLX_2022/BMLmovi/Subject_89_F_MoSh/Subject_89_F_1_stageii.npz,4.0,0.0,1.0,2465,120.0,20.533333333333335,40
view0__BMLmovi__Subject_89_F_MoSh__Subject_89_F_20,view0,/bigdata/users/quansj/datasets/Doppler/wilddoppler/legacy/datasets/AMASS_SMPLX_2022/BMLmovi/Subject_89_F_MoSh/Subject_89_F_20_stageii.npz,4.0,0.0,1.0,405,120.0,3.3666666666666667,5
view0__BMLmovi__Subject_89_F_MoSh__Subject_89_F_21,view0,/bigdata/users/quansj/datasets/Doppler/wilddoppler/legacy/datasets/AMASS_SMPLX_2022/BMLmovi/Subject_89_F_MoSh/Subject_89_F_21_stageii.npz,4.0,0.0,1.0,1465,120.0,12.2,23
view0__BMLmovi__Subject_89_F_MoSh__Subject_89_F_2,view0,/bigdata/users/quansj/datasets/Doppler/wilddoppler/legacy/datasets/AMASS_SMPLX_2022/BMLmovi/Subject_89_F_MoSh/Subject_89_F_2_stageii.npz,4.0,0.0,1.0,741,120.0,6.166666666666667,11
view0__BMLmovi__Subject_89_F_MoSh__Subject_89_F_3,view0,/bigdata/users/quansj/datasets/Doppler/wilddoppler/legacy/datasets/AMASS_SMPLX_2022/BMLmovi/Subject_89_F_MoSh/Subject_89_F_3_stageii.npz,4.0,0.0,1.0,929,120.0,7.733333333333333,14
view0__BMLmovi__Subject_89_F_MoSh__Subject_89_F_4,view0,/bigdata/users/quansj/datasets/Doppler/wilddoppler/legacy/datasets/AMASS_SMPLX_2022/BMLmovi/Subject_89_F_MoSh/Subject_89_F_4_stageii.npz,4.0,0.0,1.0,465,120.0,3.8666666666666667,6
view0__BMLmovi__Subject_89_F_MoSh__Subject_89_F_5,view0,/bigdata/users/quansj/datasets/Doppler/wilddoppler/legacy/datasets/AMASS_SMPLX_2022/BMLmovi/Subject_89_F_MoSh/Subject_89_F_5_stageii.npz,4.0,0.0,1.0,517,120.0,4.3,7
view0__BMLmovi__Subject_89_F_MoSh__Subject_89_F_6,view0,/bigdata/users/quansj/datasets/Doppler/wilddoppler/legacy/datasets/AMASS_SMPLX_2022/BMLmovi/Subject_89_F_MoSh/Subject_89_F_6_stageii.npz,4.0,0.0,1.0,785,120.0,6.533333333333333,12
view0__BMLmovi__Subject_89_F_MoSh__Subject_89_F_7,view0,/bigdata/users/quansj/datasets/Doppler/wilddoppler/legacy/datasets/AMASS_SMPLX_2022/BMLmovi/Subject_89_F_MoSh/Subject_89_F_7_stageii.npz,4.0,0.0,1.0,465,120.0,3.8666666666666667,6
view0__BMLmovi__Subject_89_F_MoSh__Subject_89_F_8,view0,/bigdata/users/quansj/datasets/Doppler/wilddoppler/legacy/datasets/AMASS_SMPLX_2022/BMLmovi/Subject_89_F_MoSh/Subject_89_F_8_stageii.npz,4.0,0.0,1.0,1153,120.0,9.6,18
view0__BMLmovi__Subject_89_F_MoSh__Subject_89_F_9,view0,/bigdata/users/quansj/datasets/Doppler/wilddoppler/legacy/datasets/AMASS_SMPLX_2022/BMLmovi/Subject_89_F_MoSh/Subject_89_F_9_stageii.npz,4.0,0.0,1.0,313,120.0,2.6,4
view0__BMLmovi__Subject_8_F_MoSh__Subject_8_F_10,view0,/bigdata/users/quansj/datasets/Doppler/wilddoppler/legacy/datasets/AMASS_SMPLX_2022/BMLmovi/Subject_8_F_MoSh/Subject_8_F_10_stageii.npz,4.0,0.0,1.0,909,120.0,7.566666666666666,14
view0__BMLmovi__Subject_8_F_MoSh__Subject_8_F_11,view0,/bigdata/users/quansj/datasets/Doppler/wilddoppler/legacy/datasets/AMASS_SMPLX_2022/BMLmovi/Subject_8_F_MoSh/Subject_8_F_11_stageii.npz,4.0,0.0,1.0,421,120.0,3.5,6
view0__BMLmovi__Subject_8_F_MoSh__Subject_8_F_12,view0,/bigdata/users/quansj/datasets/Doppler/wilddoppler/legacy/datasets/AMASS_SMPLX_2022/BMLmovi/Subject_8_F_MoSh/Subject_8_F_12_stageii.npz,4.0,0.0,1.0,941,120.0,7.833333333333333,14
view0__BMLmovi__Subject_8_F_MoSh__Subject_8_F_13,view0,/bigdata/users/quansj/datasets/Doppler/wilddoppler/legacy/datasets/AMASS_SMPLX_2022/BMLmovi/Subject_8_F_MoSh/Subject_8_F_13_stageii.npz,4.0,0.0,1.0,281,120.0,2.3333333333333335,3
view0__BMLmovi__Subject_8_F_MoSh__Subject_8_F_14,view0,/bigdata/users/quansj/datasets/Doppler/wilddoppler/legacy/datasets/AMASS_SMPLX_2022/BMLmovi/Subject_8_F_MoSh/Subject_8_F_14_stageii.npz,4.0,0.0,1.0,341,120.0,2.8333333333333335,4
view0__BMLmovi__Subject_8_F_MoSh__Subject_8_F_15,view0,/bigdata/users/quansj/datasets/Doppler/wilddoppler/legacy/datasets/AMASS_SMPLX_2022/BMLmovi/Subject_8_F_MoSh/Subject_8_F_15_stageii.npz,4.0,0.0,1.0,473,120.0,3.933333333333333,6
view0__BMLmovi__Subject_8_F_MoSh__Subject_8_F_16,view0,/bigdata/users/quansj/datasets/Doppler/wilddoppler/legacy/datasets/AMASS_SMPLX_2022/BMLmovi/Subject_8_F_MoSh/Subject_8_F_16_stageii.npz,4.0,0.0,1.0,425,120.0,3.533333333333333,6
view0__BMLmovi__Subject_8_F_MoSh__Subject_8_F_17,view0,/bigdata/users/quansj/datasets/Doppler/wilddoppler/legacy/datasets/AMASS_SMPLX_2022/BMLmovi/Subject_8_F_MoSh/Subject_8_F_17_stageii.npz,4.0,0.0,1.0,429,120.0,3.566666666666667,6
view0__BMLmovi__Subject_8_F_MoSh__Subject_8_F_18,view0,/bigdata/users/quansj/datasets/Doppler/wilddoppler/legacy/datasets/AMASS_SMPLX_2022/BMLmovi/Subject_8_F_MoSh/Subject_8_F_18_stageii.npz,4.0,0.0,1.0,309,120.0,2.566666666666667,4
view0__BMLmovi__Subject_8_F_MoSh__Subject_8_F_19,view0,/bigdata/users/quansj/datasets/Doppler/wilddoppler/legacy/datasets/AMASS_SMPLX_2022/BMLmovi/Subject_8_F_MoSh/Subject_8_F_19_stageii.npz,4.0,0.0,1.0,573,120.0,4.766666666666667,8
view0__BMLmovi__Subject_8_F_MoSh__Subject_8_F_1,view0,/bigdata/users/quansj/datasets/Doppler/wilddoppler/legacy/datasets/AMASS_SMPLX_2022/BMLmovi/Subject_8_F_MoSh/Subject_8_F_1_stageii.npz,4.0,0.0,1.0,497,120.0,4.133333333333334,7
view0__BMLmovi__Subject_8_F_MoSh__Subject_8_F_20,view0,/bigdata/users/quansj/datasets/Doppler/wilddoppler/legacy/datasets/AMASS_SMPLX_2022/BMLmovi/Subject_8_F_MoSh/Subject_8_F_20_stageii.npz,4.0,0.0,1.0,305,120.0,2.533333333333333,4
view0__BMLmovi__Subject_8_F_MoSh__Subject_8_F_2,view0,/bigdata/users/quansj/datasets/Doppler/wilddoppler/legacy/datasets/AMASS_SMPLX_2022/BMLmovi/Subject_8_F_MoSh/Subject_8_F_2_stageii.npz,4.0,0.0,1.0,405,120.0,3.3666666666666667,5
view0__BMLmovi__Subject_8_F_MoSh__Subject_8_F_3,view0,/bigdata/users/quansj/datasets/Doppler/wilddoppler/legacy/datasets/AMASS_SMPLX_2022/BMLmovi/Subject_8_F_MoSh/Subject_8_F_3_stageii.npz,4.0,0.0,1.0,273,120.0,2.2666666666666666,3
view0__BMLmovi__Subject_8_F_MoSh__Subject_8_F_4,view0,/bigdata/users/quansj/datasets/Doppler/wilddoppler/legacy/datasets/AMASS_SMPLX_2022/BMLmovi/Subject_8_F_MoSh/Subject_8_F_4_stageii.npz,4.0,0.0,1.0,469,120.0,3.9,6
view0__BMLmovi__Subject_8_F_MoSh__Subject_8_F_5,view0,/bigdata/users/quansj/datasets/Doppler/wilddoppler/legacy/datasets/AMASS_SMPLX_2022/BMLmovi/Subject_8_F_MoSh/Subject_8_F_5_stageii.npz,4.0,0.0,1.0,341,120.0,2.8333333333333335,4
view0__BMLmovi__Subject_8_F_MoSh__Subject_8_F_6,view0,/bigdata/users/quansj/datasets/Doppler/wilddoppler/legacy/datasets/AMASS_SMPLX_2022/BMLmovi/Subject_8_F_MoSh/Subject_8_F_6_stageii.npz,4.0,0.0,1.0,1429,120.0,11.9,22
view0__BMLmovi__Subject_8_F_MoSh__Subject_8_F_7,view0,/bigdata/users/quansj/datasets/Doppler/wilddoppler/legacy/datasets/AMASS_SMPLX_2022/BMLmovi/Subject_8_F_MoSh/Subject_8_F_7_stageii.npz,4.0,0.0,1.0,525,120.0,4.366666666666666,7
view0__BMLmovi__Subject_8_F_MoSh__Subject_8_F_8,view0,/bigdata/users/quansj/datasets/Doppler/wilddoppler/legacy/datasets/AMASS_SMPLX_2022/BMLmovi/Subject_8_F_MoSh/Subject_8_F_8_stageii.npz,4.0,0.0,1.0,529,120.0,4.4,7
view0__BMLmovi__Subject_8_F_MoSh__Subject_8_F_9,view0,/bigdata/users/quansj/datasets/Doppler/wilddoppler/legacy/datasets/AMASS_SMPLX_2022/BMLmovi/Subject_8_F_MoSh/Subject_8_F_9_stageii.npz,4.0,0.0,1.0,525,120.0,4.366666666666666,7
view0__BMLmovi__Subject_90_F_MoSh__Subject_90_F_10,view0,/bigdata/users/quansj/datasets/Doppler/wilddoppler/legacy/datasets/AMASS_SMPLX_2022/BMLmovi/Subject_90_F_MoSh/Subject_90_F_10_stageii.npz,4.0,0.0,1.0,625,120.0,5.2,9
view0__BMLmovi__Subject_90_F_MoSh__Subject_90_F_11,view0,/bigdata/users/quansj/datasets/Doppler/wilddoppler/legacy/datasets/AMASS_SMPLX_2022/BMLmovi/Subject_90_F_MoSh/Subject_90_F_11_stageii.npz,4.0,0.0,1.0,433,120.0,3.6,6
view0__BMLmovi__Subject_90_F_MoSh__Subject_90_F_12,view0,/bigdata/users/quansj/datasets/Doppler/wilddoppler/legacy/datasets/AMASS_SMPLX_2022/BMLmovi/Subject_90_F_MoSh/Subject_90_F_12_stageii.npz,4.0,0.0,1.0,321,120.0,2.6666666666666665,4
view0__BMLmovi__Subject_90_F_MoSh__Subject_90_F_13,view0,/bigdata/users/quansj/datasets/Doppler/wilddoppler/legacy/datasets/AMASS_SMPLX_2022/BMLmovi/Subject_90_F_MoSh/Subject_90_F_13_stageii.npz,4.0,0.0,1.0,609,120.0,5.066666666666666,9
view0__BMLmovi__Subject_90_F_MoSh__Subject_90_F_14,view0,/bigdata/users/quansj/datasets/Doppler/wilddoppler/legacy/datasets/AMASS_SMPLX_2022/BMLmovi/Subject_90_F_MoSh/Subject_90_F_14_stageii.npz,4.0,0.0,1.0,1225,120.0,10.2,19
view0__BMLmovi__Subject_90_F_MoSh__Subject_90_F_15,view0,/bigdata/users/quansj/datasets/Doppler/wilddoppler/legacy/datasets/AMASS_SMPLX_2022/BMLmovi/Subject_90_F_MoSh/Subject_90_F_15_stageii.npz,4.0,0.0,1.0,949,120.0,7.9,14
view0__BMLmovi__Subject_90_F_MoSh__Subject_90_F_16,view0,/bigdata/users/quansj/datasets/Doppler/wilddoppler/legacy/datasets/AMASS_SMPLX_2022/BMLmovi/Subject_90_F_MoSh/Subject_90_F_16_stageii.npz,4.0,0.0,1.0,669,120.0,5.566666666666666,10
view0__BMLmovi__Subject_90_F_MoSh__Subject_90_F_17,view0,/bigdata/users/quansj/datasets/Doppler/wilddoppler/legacy/datasets/AMASS_SMPLX_2022/BMLmovi/Subject_90_F_MoSh/Subject_90_F_17_stageii.npz,4.0,0.0,1.0,1009,120.0,8.4,15
view0__BMLmovi__Subject_90_F_MoSh__Subject_90_F_18,view0,/bigdata/users/quansj/datasets/Doppler/wilddoppler/legacy/datasets/AMASS_SMPLX_2022/BMLmovi/Subject_90_F_MoSh/Subject_90_F_18_stageii.npz,4.0,0.0,1.0,401,120.0,3.3333333333333335,5
view0__BMLmovi__Subject_90_F_MoSh__Subject_90_F_19,view0,/bigdata/users/quansj/datasets/Doppler/wilddoppler/legacy/datasets/AMASS_SMPLX_2022/BMLmovi/Subject_90_F_MoSh/Subject_90_F_19_stageii.npz,4.0,0.0,1.0,825,120.0,6.866666666666666,12
view0__BMLmovi__Subject_90_F_MoSh__Subject_90_F_1,view0,/bigdata/users/quansj/datasets/Doppler/wilddoppler/legacy/datasets/AMASS_SMPLX_2022/BMLmovi/Subject_90_F_MoSh/Subject_90_F_1_stageii.npz,4.0,0.0,1.0,1797,120.0,14.966666666666667,28
view0__BMLmovi__Subject_90_F_MoSh__Subject_90_F_20,view0,/bigdata/users/quansj/datasets/Doppler/wilddoppler/legacy/datasets/AMASS_SMPLX_2022/BMLmovi/Subject_90_F_MoSh/Subject_90_F_20_stageii.npz,4.0,0.0,1.0,721,120.0,6.0,11
view0__BMLmovi__Subject_90_F_MoSh__Subject_90_F_21,view0,/bigdata/users/quansj/datasets/Doppler/wilddoppler/legacy/datasets/AMASS_SMPLX_2022/BMLmovi/Subject_90_F_MoSh/Subject_90_F_21_stageii.npz,4.0,0.0,1.0,593,120.0,4.933333333333334,8
view0__BMLmovi__Subject_90_F_MoSh__Subject_90_F_2,view0,/bigdata/users/quansj/datasets/Doppler/wilddoppler/legacy/datasets/AMASS_SMPLX_2022/BMLmovi/Subject_90_F_MoSh/Subject_90_F_2_stageii.npz,4.0,0.0,1.0,413,120.0,3.433333333333333,5
view0__BMLmovi__Subject_90_F_MoSh__Subject_90_F_3,view0,/bigdata/users/quansj/datasets/Doppler/wilddoppler/legacy/datasets/AMASS_SMPLX_2022/BMLmovi/Subject_90_F_MoSh/Subject_90_F_3_stageii.npz,4.0,0.0,1.0,669,120.0,5.566666666666666,10
view0__BMLmovi__Subject_90_F_MoSh__Subject_90_F_4,view0,/bigdata/users/quansj/datasets/Doppler/wilddoppler/legacy/datasets/AMASS_SMPLX_2022/BMLmovi/Subject_90_F_MoSh/Subject_90_F_4_stageii.npz,4.0,0.0,1.0,657,120.0,5.466666666666667,9
view0__BMLmovi__Subject_90_F_MoSh__Subject_90_F_5,view0,/bigdata/users/quansj/datasets/Doppler/wilddoppler/legacy/datasets/AMASS_SMPLX_2022/BMLmovi/Subject_90_F_MoSh/Subject_90_F_5_stageii.npz,4.0,0.0,1.0,537,120.0,4.466666666666667,7
view0__BMLmovi__Subject_90_F_MoSh__Subject_90_F_6,view0,/bigdata/users/quansj/datasets/Doppler/wilddoppler/legacy/datasets/AMASS_SMPLX_2022/BMLmovi/Subject_90_F_MoSh/Subject_90_F_6_stageii.npz,4.0,0.0,1.0,985,120.0,8.2,15
view0__BMLmovi__Subject_90_F_MoSh__Subject_90_F_7,view0,/bigdata/users/quansj/datasets/Doppler/wilddoppler/legacy/datasets/AMASS_SMPLX_2022/BMLmovi/Subject_90_F_MoSh/Subject_90_F_7_stageii.npz,4.0,0.0,1.0,921,120.0,7.666666666666667,14
view0__BMLmovi__Subject_90_F_MoSh__Subject_90_F_8,view0,/bigdata/users/quansj/datasets/Doppler/wilddoppler/legacy/datasets/AMASS_SMPLX_2022/BMLmovi/Subject_90_F_MoSh/Subject_90_F_8_stageii.npz,4.0,0.0,1.0,681,120.0,5.666666666666667,10
view0__BMLmovi__Subject_90_F_MoSh__Subject_90_F_9,view0,/bigdata/users/quansj/datasets/Doppler/wilddoppler/legacy/datasets/AMASS_SMPLX_2022/BMLmovi/Subject_90_F_MoSh/Subject_90_F_9_stageii.npz,4.0,0.0,1.0,609,120.0,5.066666666666666,9
view0__BMLmovi__Subject_9_F_MoSh__Subject_9_F_10,view0,/bigdata/users/quansj/datasets/Doppler/wilddoppler/legacy/datasets/AMASS_SMPLX_2022/BMLmovi/Subject_9_F_MoSh/Subject_9_F_10_stageii.npz,4.0,0.0,1.0,373,120.0,3.1,5
view0__BMLmovi__Subject_9_F_MoSh__Subject_9_F_11,view0,/bigdata/users/quansj/datasets/Doppler/wilddoppler/legacy/datasets/AMASS_SMPLX_2022/BMLmovi/Subject_9_F_MoSh/Subject_9_F_11_stageii.npz,4.0,0.0,1.0,1613,120.0,13.433333333333334,25
view0__BMLmovi__Subject_9_F_MoSh__Subject_9_F_12,view0,/bigdata/users/quansj/datasets/Doppler/wilddoppler/legacy/datasets/AMASS_SMPLX_2022/BMLmovi/Subject_9_F_MoSh/Subject_9_F_12_stageii.npz,4.0,0.0,1.0,521,120.0,4.333333333333333,7
view0__BMLmovi__Subject_9_F_MoSh__Subject_9_F_13,view0,/bigdata/users/quansj/datasets/Doppler/wilddoppler/legacy/datasets/AMASS_SMPLX_2022/BMLmovi/Subject_9_F_MoSh/Subject_9_F_13_stageii.npz,4.0,0.0,1.0,657,120.0,5.466666666666667,9
view0__BMLmovi__Subject_9_F_MoSh__Subject_9_F_14,view0,/bigdata/users/quansj/datasets/Doppler/wilddoppler/legacy/datasets/AMASS_SMPLX_2022/BMLmovi/Subject_9_F_MoSh/Subject_9_F_14_stageii.npz,4.0,0.0,1.0,641,120.0,5.333333333333333,9
view0__BMLmovi__Subject_9_F_MoSh__Subject_9_F_15,view0,/bigdata/users/quansj/datasets/Doppler/wilddoppler/legacy/datasets/AMASS_SMPLX_2022/BMLmovi/Subject_9_F_MoSh/Subject_9_F_15_stageii.npz,4.0,0.0,1.0,309,120.0,2.566666666666667,4
view0__BMLmovi__Subject_9_F_MoSh__Subject_9_F_16,view0,/bigdata/users/quansj/datasets/Doppler/wilddoppler/legacy/datasets/AMASS_SMPLX_2022/BMLmovi/Subject_9_F_MoSh/Subject_9_F_16_stageii.npz,4.0,0.0,1.0,393,120.0,3.2666666666666666,5
view0__BMLmovi__Subject_9_F_MoSh__Subject_9_F_17,view0,/bigdata/users/quansj/datasets/Doppler/wilddoppler/legacy/datasets/AMASS_SMPLX_2022/BMLmovi/Subject_9_F_MoSh/Subject_9_F_17_stageii.npz,4.0,0.0,1.0,397,120.0,3.3,5
view0__BMLmovi__Subject_9_F_MoSh__Subject_9_F_18,view0,/bigdata/users/quansj/datasets/Doppler/wilddoppler/legacy/datasets/AMASS_SMPLX_2022/BMLmovi/Subject_9_F_MoSh/Subject_9_F_18_stageii.npz,4.0,0.0,1.0,341,120.0,2.8333333333333335,4
view0__BMLmovi__Subject_9_F_MoSh__Subject_9_F_19,view0,/bigdata/users/quansj/datasets/Doppler/wilddoppler/legacy/datasets/AMASS_SMPLX_2022/BMLmovi/Subject_9_F_MoSh/Subject_9_F_19_stageii.npz,4.0,0.0,1.0,1941,120.0,16.166666666666668,31
view0__BMLmovi__Subject_9_F_MoSh__Subject_9_F_1,view0,/bigdata/users/quansj/datasets/Doppler/wilddoppler/legacy/datasets/AMASS_SMPLX_2022/BMLmovi/Subject_9_F_MoSh/Subject_9_F_1_stageii.npz,4.0,0.0,1.0,1061,120.0,8.833333333333334,16
view0__BMLmovi__Subject_9_F_MoSh__Subject_9_F_20,view0,/bigdata/users/quansj/datasets/Doppler/wilddoppler/legacy/datasets/AMASS_SMPLX_2022/BMLmovi/Subject_9_F_MoSh/Subject_9_F_20_stageii.npz,4.0,0.0,1.0,1401,120.0,11.666666666666666,22
view0__BMLmovi__Subject_9_F_MoSh__Subject_9_F_21,view0,/bigdata/users/quansj/datasets/Doppler/wilddoppler/legacy/datasets/AMASS_SMPLX_2022/BMLmovi/Subject_9_F_MoSh/Subject_9_F_21_stageii.npz,4.0,0.0,1.0,557,120.0,4.633333333333334,8
view0__BMLmovi__Subject_9_F_MoSh__Subject_9_F_2,view0,/bigdata/users/quansj/datasets/Doppler/wilddoppler/legacy/datasets/AMASS_SMPLX_2022/BMLmovi/Subject_9_F_MoSh/Subject_9_F_2_stageii.npz,4.0,0.0,1.0,361,120.0,3.0,5
view0__BMLmovi__Subject_9_F_MoSh__Subject_9_F_3,view0,/bigdata/users/quansj/datasets/Doppler/wilddoppler/legacy/datasets/AMASS_SMPLX_2022/BMLmovi/Subject_9_F_MoSh/Subject_9_F_3_stageii.npz,4.0,0.0,1.0,549,120.0,4.566666666666666,8
view0__BMLmovi__Subject_9_F_MoSh__Subject_9_F_4,view0,/bigdata/users/quansj/datasets/Doppler/wilddoppler/legacy/datasets/AMASS_SMPLX_2022/BMLmovi/Subject_9_F_MoSh/Subject_9_F_4_stageii.npz,4.0,0.0,1.0,881,120.0,7.333333333333333,13
view0__BMLmovi__Subject_9_F_MoSh__Subject_9_F_5,view0,/bigdata/users/quansj/datasets/Doppler/wilddoppler/legacy/datasets/AMASS_SMPLX_2022/BMLmovi/Subject_9_F_MoSh/Subject_9_F_5_stageii.npz,4.0,0.0,1.0,1609,120.0,13.4,25
view0__BMLmovi__Subject_9_F_MoSh__Subject_9_F_6,view0,/bigdata/users/quansj/datasets/Doppler/wilddoppler/legacy/datasets/AMASS_SMPLX_2022/BMLmovi/Subject_9_F_MoSh/Subject_9_F_6_stageii.npz,4.0,0.0,1.0,349,120.0,2.9,4
view0__BMLmovi__Subject_9_F_MoSh__Subject_9_F_7,view0,/bigdata/users/quansj/datasets/Doppler/wilddoppler/legacy/datasets/AMASS_SMPLX_2022/BMLmovi/Subject_9_F_MoSh/Subject_9_F_7_stageii.npz,4.0,0.0,1.0,409,120.0,3.4,5
view0__BMLmovi__Subject_9_F_MoSh__Subject_9_F_8,view0,/bigdata/users/quansj/datasets/Doppler/wilddoppler/legacy/datasets/AMASS_SMPLX_2022/BMLmovi/Subject_9_F_MoSh/Subject_9_F_8_stageii.npz,4.0,0.0,1.0,209,120.0,1.7333333333333334,2
view0__BMLmovi__Subject_9_F_MoSh__Subject_9_F_9,view0,/bigdata/users/quansj/datasets/Doppler/wilddoppler/legacy/datasets/AMASS_SMPLX_2022/BMLmovi/Subject_9_F_MoSh/Subject_9_F_9_stageii.npz,4.0,0.0,1.0,497,120.0,4.133333333333334,7
view1__BMLmovi__Subject_61_F_MoSh__Subject_61_F_3,view1,/bigdata/users/quansj/datasets/Doppler/wilddoppler/legacy/datasets/AMASS_SMPLX_2022/BMLmovi/Subject_61_F_MoSh/Subject_61_F_3_stageii.npz,6.0,1.0,1.0,2533,120.0,21.1,41
view1__BMLmovi__Subject_89_F_MoSh__Subject_89_F_1,view1,/bigdata/users/quansj/datasets/Doppler/wilddoppler/legacy/datasets/AMASS_SMPLX_2022/BMLmovi/Subject_89_F_MoSh/Subject_89_F_1_stageii.npz,6.0,1.0,1.0,2465,120.0,20.533333333333335,40
view1__BMLmovi__Subject_39_F_MoSh__Subject_39_F_16,view1,/bigdata/users/quansj/datasets/Doppler/wilddoppler/legacy/datasets/AMASS_SMPLX_2022/BMLmovi/Subject_39_F_MoSh/Subject_39_F_16_stageii.npz,6.0,1.0,1.0,2217,120.0,18.466666666666665,35
view1__BMLmovi__Subject_11_F_MoSh__Subject_11_F_21,view1,/bigdata/users/quansj/datasets/Doppler/wilddoppler/legacy/datasets/AMASS_SMPLX_2022/BMLmovi/Subject_11_F_MoSh/Subject_11_F_21_stageii.npz,6.0,1.0,1.0,2117,120.0,17.633333333333333,34
view1__BMLmovi__Subject_75_F_MoSh__Subject_75_F_12,view1,/bigdata/users/quansj/datasets/Doppler/wilddoppler/legacy/datasets/AMASS_SMPLX_2022/BMLmovi/Subject_75_F_MoSh/Subject_75_F_12_stageii.npz,6.0,1.0,1.0,2085,120.0,17.366666666666667,33
view1__BMLmovi__Subject_12_F_MoSh__Subject_12_F_2,view1,/bigdata/users/quansj/datasets/Doppler/wilddoppler/legacy/datasets/AMASS_SMPLX_2022/BMLmovi/Subject_12_F_MoSh/Subject_12_F_2_stageii.npz,6.0,1.0,1.0,2001,120.0,16.666666666666668,32
view1__BMLmovi__Subject_38_F_MoSh__Subject_38_F_21,view1,/bigdata/users/quansj/datasets/Doppler/wilddoppler/legacy/datasets/AMASS_SMPLX_2022/BMLmovi/Subject_38_F_MoSh/Subject_38_F_21_stageii.npz,6.0,1.0,1.0,2017,120.0,16.8,32
view1__BMLmovi__Subject_12_F_MoSh__Subject_12_F_7,view1,/bigdata/users/quansj/datasets/Doppler/wilddoppler/legacy/datasets/AMASS_SMPLX_2022/BMLmovi/Subject_12_F_MoSh/Subject_12_F_7_stageii.npz,6.0,1.0,1.0,1957,120.0,16.3,31
view1__BMLmovi__Subject_44_F_MoSh__Subject_44_F_20,view1,/bigdata/users/quansj/datasets/Doppler/wilddoppler/legacy/datasets/AMASS_SMPLX_2022/BMLmovi/Subject_44_F_MoSh/Subject_44_F_20_stageii.npz,6.0,1.0,1.0,1929,120.0,16.066666666666666,31
view1__BMLmovi__Subject_65_F_MoSh__Subject_65_F_2,view1,/bigdata/users/quansj/datasets/Doppler/wilddoppler/legacy/datasets/AMASS_SMPLX_2022/BMLmovi/Subject_65_F_MoSh/Subject_65_F_2_stageii.npz,6.0,1.0,1.0,1925,120.0,16.033333333333335,31
view1__BMLmovi__Subject_80_F_MoSh__Subject_80_F_2,view1,/bigdata/users/quansj/datasets/Doppler/wilddoppler/legacy/datasets/AMASS_SMPLX_2022/BMLmovi/Subject_80_F_MoSh/Subject_80_F_2_stageii.npz,6.0,1.0,1.0,1949,120.0,16.233333333333334,31
view1__BMLmovi__Subject_9_F_MoSh__Subject_9_F_19,view1,/bigdata/users/quansj/datasets/Doppler/wilddoppler/legacy/datasets/AMASS_SMPLX_2022/BMLmovi/Subject_9_F_MoSh/Subject_9_F_19_stageii.npz,6.0,1.0,1.0,1941,120.0,16.166666666666668,31
view1__BMLmovi__Subject_73_F_MoSh__Subject_73_F_7,view1,/bigdata/users/quansj/datasets/Doppler/wilddoppler/legacy/datasets/AMASS_SMPLX_2022/BMLmovi/Subject_73_F_MoSh/Subject_73_F_7_stageii.npz,6.0,1.0,1.0,1913,120.0,15.933333333333334,30
view1__BMLmovi__Subject_85_F_MoSh__Subject_85_F_17,view1,/bigdata/users/quansj/datasets/Doppler/wilddoppler/legacy/datasets/AMASS_SMPLX_2022/BMLmovi/Subject_85_F_MoSh/Subject_85_F_17_stageii.npz,6.0,1.0,1.0,1865,120.0,15.533333333333333,30
view1__BMLmovi__Subject_39_F_MoSh__Subject_39_F_8,view1,/bigdata/users/quansj/datasets/Doppler/wilddoppler/legacy/datasets/AMASS_SMPLX_2022/BMLmovi/Subject_39_F_MoSh/Subject_39_F_8_stageii.npz,6.0,1.0,1.0,1825,120.0,15.2,29
view1__BMLmovi__Subject_76_F_MoSh__Subject_76_F_2,view1,/bigdata/users/quansj/datasets/Doppler/wilddoppler/legacy/datasets/AMASS_SMPLX_2022/BMLmovi/Subject_76_F_MoSh/Subject_76_F_2_stageii.npz,6.0,1.0,1.0,1841,120.0,15.333333333333334,29
view1__BMLmovi__Subject_11_F_MoSh__Subject_11_F_16,view1,/bigdata/users/quansj/datasets/Doppler/wilddoppler/legacy/datasets/AMASS_SMPLX_2022/BMLmovi/Subject_11_F_MoSh/Subject_11_F_16_stageii.npz,6.0,1.0,1.0,1761,120.0,14.666666666666666,28
view1__BMLmovi__Subject_50_F_MoSh__Subject_50_F_4,view1,/bigdata/users/quansj/datasets/Doppler/wilddoppler/legacy/datasets/AMASS_SMPLX_2022/BMLmovi/Subject_50_F_MoSh/Subject_50_F_4_stageii.npz,6.0,1.0,1.0,1777,120.0,14.8,28
view1__BMLmovi__Subject_66_F_MoSh__Subject_66_F_11,view1,/bigdata/users/quansj/datasets/Doppler/wilddoppler/legacy/datasets/AMASS_SMPLX_2022/BMLmovi/Subject_66_F_MoSh/Subject_66_F_11_stageii.npz,6.0,1.0,1.0,1745,120.0,14.533333333333333,28
view1__BMLmovi__Subject_81_F_MoSh__Subject_81_F_13,view1,/bigdata/users/quansj/datasets/Doppler/wilddoppler/legacy/datasets/AMASS_SMPLX_2022/BMLmovi/Subject_81_F_MoSh/Subject_81_F_13_stageii.npz,6.0,1.0,1.0,1749,120.0,14.566666666666666,28
view1__BMLmovi__Subject_90_F_MoSh__Subject_90_F_1,view1,/bigdata/users/quansj/datasets/Doppler/wilddoppler/legacy/datasets/AMASS_SMPLX_2022/BMLmovi/Subject_90_F_MoSh/Subject_90_F_1_stageii.npz,6.0,1.0,1.0,1797,120.0,14.966666666666667,28
view1__BMLmovi__Subject_11_F_MoSh__Subject_11_F_13,view1,/bigdata/users/quansj/datasets/Doppler/wilddoppler/legacy/datasets/AMASS_SMPLX_2022/BMLmovi/Subject_11_F_MoSh/Subject_11_F_13_stageii.npz,6.0,1.0,1.0,1729,120.0,14.4,27
view1__BMLmovi__Subject_11_F_MoSh__Subject_11_F_19,view1,/bigdata/users/quansj/datasets/Doppler/wilddoppler/legacy/datasets/AMASS_SMPLX_2022/BMLmovi/Subject_11_F_MoSh/Subject_11_F_19_stageii.npz,6.0,1.0,1.0,1681,120.0,14.0,27
view1__BMLmovi__Subject_57_F_MoSh__Subject_57_F_7,view1,/bigdata/users/quansj/datasets/Doppler/wilddoppler/legacy/datasets/AMASS_SMPLX_2022/BMLmovi/Subject_57_F_MoSh/Subject_57_F_7_stageii.npz,6.0,1.0,1.0,1689,120.0,14.066666666666666,27
view1__BMLmovi__Subject_58_F_MoSh__Subject_58_F_5,view1,/bigdata/users/quansj/datasets/Doppler/wilddoppler/legacy/datasets/AMASS_SMPLX_2022/BMLmovi/Subject_58_F_MoSh/Subject_58_F_5_stageii.npz,6.0,1.0,1.0,1701,120.0,14.166666666666666,27
view1__BMLmovi__Subject_69_F_MoSh__Subject_69_F_1,view1,/bigdata/users/quansj/datasets/Doppler/wilddoppler/legacy/datasets/AMASS_SMPLX_2022/BMLmovi/Subject_69_F_MoSh/Subject_69_F_1_stageii.npz,6.0,1.0,1.0,1733,120.0,14.433333333333334,27
view1__BMLmovi__Subject_16_F_MoSh__Subject_16_F_21,view1,/bigdata/users/quansj/datasets/Doppler/wilddoppler/legacy/datasets/AMASS_SMPLX_2022/BMLmovi/Subject_16_F_MoSh/Subject_16_F_21_stageii.npz,6.0,1.0,1.0,1629,120.0,13.566666666666666,26
view1__BMLmovi__Subject_20_F_MoSh__Subject_20_F_6,view1,/bigdata/users/quansj/datasets/Doppler/wilddoppler/legacy/datasets/AMASS_SMPLX_2022/BMLmovi/Subject_20_F_MoSh/Subject_20_F_6_stageii.npz,6.0,1.0,1.0,1625,120.0,13.533333333333333,26
view1__BMLmovi__Subject_26_F_MoSh__Subject_26_F_14,view1,/bigdata/users/quansj/datasets/Doppler/wilddoppler/legacy/datasets/AMASS_SMPLX_2022/BMLmovi/Subject_26_F_MoSh/Subject_26_F_14_stageii.npz,6.0,1.0,1.0,1645,120.0,13.7,26
view1__BMLmovi__Subject_43_F_MoSh__Subject_43_F_15,view1,/bigdata/users/quansj/datasets/Doppler/wilddoppler/legacy/datasets/AMASS_SMPLX_2022/BMLmovi/Subject_43_F_MoSh/Subject_43_F_15_stageii.npz,6.0,1.0,1.0,1637,120.0,13.633333333333333,26
view1__BMLmovi__Subject_59_F_MoSh__Subject_59_F_6,view1,/bigdata/users/quansj/datasets/Doppler/wilddoppler/legacy/datasets/AMASS_SMPLX_2022/BMLmovi/Subject_59_F_MoSh/Subject_59_F_6_stageii.npz,6.0,1.0,1.0,1641,120.0,13.666666666666666,26
view1__BMLmovi__Subject_35_F_MoSh__Subject_35_F_12,view1,/bigdata/users/quansj/datasets/Doppler/wilddoppler/legacy/datasets/AMASS_SMPLX_2022/BMLmovi/Subject_35_F_MoSh/Subject_35_F_12_stageii.npz,6.0,1.0,1.0,1585,120.0,13.2,25
view1__BMLmovi__Subject_41_F_MoSh__Subject_41_F_19,view1,/bigdata/users/quansj/datasets/Doppler/wilddoppler/legacy/datasets/AMASS_SMPLX_2022/BMLmovi/Subject_41_F_MoSh/Subject_41_F_19_stageii.npz,6.0,1.0,1.0,1561,120.0,13.0,25
view1__BMLmovi__Subject_51_F_MoSh__Subject_51_F_7,view1,/bigdata/users/quansj/datasets/Doppler/wilddoppler/legacy/datasets/AMASS_SMPLX_2022/BMLmovi/Subject_51_F_MoSh/Subject_51_F_7_stageii.npz,6.0,1.0,1.0,1597,120.0,13.3,25
view1__BMLmovi__Subject_53_F_MoSh__Subject_53_F_14,view1,/bigdata/users/quansj/datasets/Doppler/wilddoppler/legacy/datasets/AMASS_SMPLX_2022/BMLmovi/Subject_53_F_MoSh/Subject_53_F_14_stageii.npz,6.0,1.0,1.0,1601,120.0,13.333333333333334,25
view1__BMLmovi__Subject_69_F_MoSh__Subject_69_F_20,view1,/bigdata/users/quansj/datasets/Doppler/wilddoppler/legacy/datasets/AMASS_SMPLX_2022/BMLmovi/Subject_69_F_MoSh/Subject_69_F_20_stageii.npz,6.0,1.0,1.0,1609,120.0,13.4,25
view1__BMLmovi__Subject_76_F_MoSh__Subject_76_F_4,view1,/bigdata/users/quansj/datasets/Doppler/wilddoppler/legacy/datasets/AMASS_SMPLX_2022/BMLmovi/Subject_76_F_MoSh/Subject_76_F_4_stageii.npz,6.0,1.0,1.0,1605,120.0,13.366666666666667,25
view1__BMLmovi__Subject_81_F_MoSh__Subject_81_F_11,view1,/bigdata/users/quansj/datasets/Doppler/wilddoppler/legacy/datasets/AMASS_SMPLX_2022/BMLmovi/Subject_81_F_MoSh/Subject_81_F_11_stageii.npz,6.0,1.0,1.0,1565,120.0,13.033333333333333,25
view1__BMLmovi__Subject_9_F_MoSh__Subject_9_F_11,view1,/bigdata/users/quansj/datasets/Doppler/wilddoppler/legacy/datasets/AMASS_SMPLX_2022/BMLmovi/Subject_9_F_MoSh/Subject_9_F_11_stageii.npz,6.0,1.0,1.0,1613,120.0,13.433333333333334,25
view1__BMLmovi__Subject_9_F_MoSh__Subject_9_F_5,view1,/bigdata/users/quansj/datasets/Doppler/wilddoppler/legacy/datasets/AMASS_SMPLX_2022/BMLmovi/Subject_9_F_MoSh/Subject_9_F_5_stageii.npz,6.0,1.0,1.0,1609,120.0,13.4,25
view1__BMLmovi__Subject_13_F_MoSh__Subject_13_F_12,view1,/bigdata/users/quansj/datasets/Doppler/wilddoppler/legacy/datasets/AMASS_SMPLX_2022/BMLmovi/Subject_13_F_MoSh/Subject_13_F_12_stageii.npz,6.0,1.0,1.0,1509,120.0,12.566666666666666,24
view1__BMLmovi__Subject_14_F_MoSh__Subject_14_F_12,view1,/bigdata/users/quansj/datasets/Doppler/wilddoppler/legacy/datasets/AMASS_SMPLX_2022/BMLmovi/Subject_14_F_MoSh/Subject_14_F_12_stageii.npz,6.0,1.0,1.0,1501,120.0,12.5,24
view1__BMLmovi__Subject_30_F_MoSh__Subject_30_F_7,view1,/bigdata/users/quansj/datasets/Doppler/wilddoppler/legacy/datasets/AMASS_SMPLX_2022/BMLmovi/Subject_30_F_MoSh/Subject_30_F_7_stageii.npz,6.0,1.0,1.0,1541,120.0,12.833333333333334,24
view1__BMLmovi__Subject_37_F_MoSh__Subject_37_F_8,view1,/bigdata/users/quansj/datasets/Doppler/wilddoppler/legacy/datasets/AMASS_SMPLX_2022/BMLmovi/Subject_37_F_MoSh/Subject_37_F_8_stageii.npz,6.0,1.0,1.0,1517,120.0,12.633333333333333,24
view1__BMLmovi__Subject_40_F_MoSh__Subject_40_F_3,view1,/bigdata/users/quansj/datasets/Doppler/wilddoppler/legacy/datasets/AMASS_SMPLX_2022/BMLmovi/Subject_40_F_MoSh/Subject_40_F_3_stageii.npz,6.0,1.0,1.0,1521,120.0,12.666666666666666,24
view1__BMLmovi__Subject_67_F_MoSh__Subject_67_F_18,view1,/bigdata/users/quansj/datasets/Doppler/wilddoppler/legacy/datasets/AMASS_SMPLX_2022/BMLmovi/Subject_67_F_MoSh/Subject_67_F_18_stageii.npz,6.0,1.0,1.0,1545,120.0,12.866666666666667,24
view1__BMLmovi__Subject_6_F_MoSh__Subject_6_F_3,view1,/bigdata/users/quansj/datasets/Doppler/wilddoppler/legacy/datasets/AMASS_SMPLX_2022/BMLmovi/Subject_6_F_MoSh/Subject_6_F_3_stageii.npz,6.0,1.0,1.0,1529,120.0,12.733333333333333,24
view1__BMLmovi__Subject_15_F_MoSh__Subject_15_F_8,view1,/bigdata/users/quansj/datasets/Doppler/wilddoppler/legacy/datasets/AMASS_SMPLX_2022/BMLmovi/Subject_15_F_MoSh/Subject_15_F_8_stageii.npz,6.0,1.0,1.0,1465,120.0,12.2,23
view1__BMLmovi__Subject_18_F_MoSh__Subject_18_F_19,view1,/bigdata/users/quansj/datasets/Doppler/wilddoppler/legacy/datasets/AMASS_SMPLX_2022/BMLmovi/Subject_18_F_MoSh/Subject_18_F_19_stageii.npz,6.0,1.0,1.0,1469,120.0,12.233333333333333,23
view1__BMLmovi__Subject_30_F_MoSh__Subject_30_F_18,view1,/bigdata/users/quansj/datasets/Doppler/wilddoppler/legacy/datasets/AMASS_SMPLX_2022/BMLmovi/Subject_30_F_MoSh/Subject_30_F_18_stageii.npz,6.0,1.0,1.0,1445,120.0,12.033333333333333,23
view1__BMLmovi__Subject_32_F_MoSh__Subject_32_F_1,view1,/bigdata/users/quansj/datasets/Doppler/wilddoppler/legacy/datasets/AMASS_SMPLX_2022/BMLmovi/Subject_32_F_MoSh/Subject_32_F_1_stageii.npz,6.0,1.0,1.0,1449,120.0,12.066666666666666,23
view1__BMLmovi__Subject_37_F_MoSh__Subject_37_F_21,view1,/bigdata/users/quansj/datasets/Doppler/wilddoppler/legacy/datasets/AMASS_SMPLX_2022/BMLmovi/Subject_37_F_MoSh/Subject_37_F_21_stageii.npz,6.0,1.0,1.0,1461,120.0,12.166666666666666,23
view1__BMLmovi__Subject_44_F_MoSh__Subject_44_F_3,view1,/bigdata/users/quansj/datasets/Doppler/wilddoppler/legacy/datasets/AMASS_SMPLX_2022/BMLmovi/Subject_44_F_MoSh/Subject_44_F_3_stageii.npz,6.0,1.0,1.0,1457,120.0,12.133333333333333,23
view1__BMLmovi__Subject_47_F_MoSh__Subject_47_F_21,view1,/bigdata/users/quansj/datasets/Doppler/wilddoppler/legacy/datasets/AMASS_SMPLX_2022/BMLmovi/Subject_47_F_MoSh/Subject_47_F_21_stageii.npz,6.0,1.0,1.0,1461,120.0,12.166666666666666,23
view1__BMLmovi__Subject_50_F_MoSh__Subject_50_F_3,view1,/bigdata/users/quansj/datasets/Doppler/wilddoppler/legacy/datasets/AMASS_SMPLX_2022/BMLmovi/Subject_50_F_MoSh/Subject_50_F_3_stageii.npz,6.0,1.0,1.0,1481,120.0,12.333333333333334,23
view1__BMLmovi__Subject_55_F_MoSh__Subject_55_F_16,view1,/bigdata/users/quansj/datasets/Doppler/wilddoppler/legacy/datasets/AMASS_SMPLX_2022/BMLmovi/Subject_55_F_MoSh/Subject_55_F_16_stageii.npz,6.0,1.0,1.0,1457,120.0,12.133333333333333,23
view1__BMLmovi__Subject_59_F_MoSh__Subject_59_F_7,view1,/bigdata/users/quansj/datasets/Doppler/wilddoppler/legacy/datasets/AMASS_SMPLX_2022/BMLmovi/Subject_59_F_MoSh/Subject_59_F_7_stageii.npz,6.0,1.0,1.0,1441,120.0,12.0,23
view1__BMLmovi__Subject_59_F_MoSh__Subject_59_F_8,view1,/bigdata/users/quansj/datasets/Doppler/wilddoppler/legacy/datasets/AMASS_SMPLX_2022/BMLmovi/Subject_59_F_MoSh/Subject_59_F_8_stageii.npz,6.0,1.0,1.0,1485,120.0,12.366666666666667,23
view1__BMLmovi__Subject_60_F_MoSh__Subject_60_F_6,view1,/bigdata/users/quansj/datasets/Doppler/wilddoppler/legacy/datasets/AMASS_SMPLX_2022/BMLmovi/Subject_60_F_MoSh/Subject_60_F_6_stageii.npz,6.0,1.0,1.0,1465,120.0,12.2,23
view1__BMLmovi__Subject_72_F_MoSh__Subject_72_F_21,view1,/bigdata/users/quansj/datasets/Doppler/wilddoppler/legacy/datasets/AMASS_SMPLX_2022/BMLmovi/Subject_72_F_MoSh/Subject_72_F_21_stageii.npz,6.0,1.0,1.0,1461,120.0,12.166666666666666,23
view1__BMLmovi__Subject_78_F_MoSh__Subject_78_F_1,view1,/bigdata/users/quansj/datasets/Doppler/wilddoppler/legacy/datasets/AMASS_SMPLX_2022/BMLmovi/Subject_78_F_MoSh/Subject_78_F_1_stageii.npz,6.0,1.0,1.0,1441,120.0,12.0,23
view1__BMLmovi__Subject_82_F_MoSh__Subject_82_F_4,view1,/bigdata/users/quansj/datasets/Doppler/wilddoppler/legacy/datasets/AMASS_SMPLX_2022/BMLmovi/Subject_82_F_MoSh/Subject_82_F_4_stageii.npz,6.0,1.0,1.0,1473,120.0,12.266666666666667,23
view1__BMLmovi__Subject_89_F_MoSh__Subject_89_F_21,view1,/bigdata/users/quansj/datasets/Doppler/wilddoppler/legacy/datasets/AMASS_SMPLX_2022/BMLmovi/Subject_89_F_MoSh/Subject_89_F_21_stageii.npz,6.0,1.0,1.0,1465,120.0,12.2,23
view1__BMLmovi__Subject_13_F_MoSh__Subject_13_F_2,view1,/bigdata/users/quansj/datasets/Doppler/wilddoppler/legacy/datasets/AMASS_SMPLX_2022/BMLmovi/Subject_13_F_MoSh/Subject_13_F_2_stageii.npz,6.0,1.0,1.0,1397,120.0,11.633333333333333,22
view1__BMLmovi__Subject_30_F_MoSh__Subject_30_F_6,view1,/bigdata/users/quansj/datasets/Doppler/wilddoppler/legacy/datasets/AMASS_SMPLX_2022/BMLmovi/Subject_30_F_MoSh/Subject_30_F_6_stageii.npz,6.0,1.0,1.0,1409,120.0,11.733333333333333,22
view1__BMLmovi__Subject_35_F_MoSh__Subject_35_F_19,view1,/bigdata/users/quansj/datasets/Doppler/wilddoppler/legacy/datasets/AMASS_SMPLX_2022/BMLmovi/Subject_35_F_MoSh/Subject_35_F_19_stageii.npz,6.0,1.0,1.0,1397,120.0,11.633333333333333,22
view1__BMLmovi__Subject_35_F_MoSh__Subject_35_F_20,view1,/bigdata/users/quansj/datasets/Doppler/wilddoppler/legacy/datasets/AMASS_SMPLX_2022/BMLmovi/Subject_35_F_MoSh/Subject_35_F_20_stageii.npz,6.0,1.0,1.0,1421,120.0,11.833333333333334,22
view1__BMLmovi__Subject_52_F_MoSh__Subject_52_F_9,view1,/bigdata/users/quansj/datasets/Doppler/wilddoppler/legacy/datasets/AMASS_SMPLX_2022/BMLmovi/Subject_52_F_MoSh/Subject_52_F_9_stageii.npz,6.0,1.0,1.0,1381,120.0,11.5,22
view1__BMLmovi__Subject_57_F_MoSh__Subject_57_F_14,view1,/bigdata/users/quansj/datasets/Doppler/wilddoppler/legacy/datasets/AMASS_SMPLX_2022/BMLmovi/Subject_57_F_MoSh/Subject_57_F_14_stageii.npz,6.0,1.0,1.0,1385,120.0,11.533333333333333,22
view1__BMLmovi__Subject_57_F_MoSh__Subject_57_F_5,view1,/bigdata/users/quansj/datasets/Doppler/wilddoppler/legacy/datasets/AMASS_SMPLX_2022/BMLmovi/Subject_57_F_MoSh/Subject_57_F_5_stageii.npz,6.0,1.0,1.0,1405,120.0,11.7,22
view1__BMLmovi__Subject_61_F_MoSh__Subject_61_F_11,view1,/bigdata/users/quansj/datasets/Doppler/wilddoppler/legacy/datasets/AMASS_SMPLX_2022/BMLmovi/Subject_61_F_MoSh/Subject_61_F_11_stageii.npz,6.0,1.0,1.0,1421,120.0,11.833333333333334,22
view1__BMLmovi__Subject_77_F_MoSh__Subject_77_F_13,view1,/bigdata/users/quansj/datasets/Doppler/wilddoppler/legacy/datasets/AMASS_SMPLX_2022/BMLmovi/Subject_77_F_MoSh/Subject_77_F_13_stageii.npz,6.0,1.0,1.0,1413,120.0,11.766666666666667,22
view1__BMLmovi__Subject_77_F_MoSh__Subject_77_F_21,view1,/bigdata/users/quansj/datasets/Doppler/wilddoppler/legacy/datasets/AMASS_SMPLX_2022/BMLmovi/Subject_77_F_MoSh/Subject_77_F_21_stageii.npz,6.0,1.0,1.0,1393,120.0,11.6,22
view1__BMLmovi__Subject_80_F_MoSh__Subject_80_F_1,view1,/bigdata/users/quansj/datasets/Doppler/wilddoppler/legacy/datasets/AMASS_SMPLX_2022/BMLmovi/Subject_80_F_MoSh/Subject_80_F_1_stageii.npz,6.0,1.0,1.0,1393,120.0,11.6,22
view1__BMLmovi__Subject_84_F_MoSh__Subject_84_F_18,view1,/bigdata/users/quansj/datasets/Doppler/wilddoppler/legacy/datasets/AMASS_SMPLX_2022/BMLmovi/Subject_84_F_MoSh/Subject_84_F_18_stageii.npz,6.0,1.0,1.0,1425,120.0,11.866666666666667,22
view1__BMLmovi__Subject_8_F_MoSh__Subject_8_F_6,view1,/bigdata/users/quansj/datasets/Doppler/wilddoppler/legacy/datasets/AMASS_SMPLX_2022/BMLmovi/Subject_8_F_MoSh/Subject_8_F_6_stageii.npz,6.0,1.0,1.0,1429,120.0,11.9,22
view1__BMLmovi__Subject_9_F_MoSh__Subject_9_F_20,view1,/bigdata/users/quansj/datasets/Doppler/wilddoppler/legacy/datasets/AMASS_SMPLX_2022/BMLmovi/Subject_9_F_MoSh/Subject_9_F_20_stageii.npz,6.0,1.0,1.0,1401,120.0,11.666666666666666,22
view1__BMLmovi__Subject_12_F_MoSh__Subject_12_F_11,view1,/bigdata/users/quansj/datasets/Doppler/wilddoppler/legacy/datasets/AMASS_SMPLX_2022/BMLmovi/Subject_12_F_MoSh/Subject_12_F_11_stageii.npz,6.0,1.0,1.0,1369,120.0,11.4,21
view1__BMLmovi__Subject_17_F_MoSh__Subject_17_F_5,view1,/bigdata/users/quansj/datasets/Doppler/wilddoppler/legacy/datasets/AMASS_SMPLX_2022/BMLmovi/Subject_17_F_MoSh/Subject_17_F_5_stageii.npz,6.0,1.0,1.0,1333,120.0,11.1,21
view1__BMLmovi__Subject_32_F_MoSh__Subject_32_F_21,view1,/bigdata/users/quansj/datasets/Doppler/wilddoppler/legacy/datasets/AMASS_SMPLX_2022/BMLmovi/Subject_32_F_MoSh/Subject_32_F_21_stageii.npz,6.0,1.0,1.0,1321,120.0,11.0,21
view1__BMLmovi__Subject_40_F_MoSh__Subject_40_F_18,view1,/bigdata/users/quansj/datasets/Doppler/wilddoppler/legacy/datasets/AMASS_SMPLX_2022/BMLmovi/Subject_40_F_MoSh/Subject_40_F_18_stageii.npz,6.0,1.0,1.0,1325,120.0,11.033333333333333,21
view1__BMLmovi__Subject_42_F_MoSh__Subject_42_F_2,view1,/bigdata/users/quansj/datasets/Doppler/wilddoppler/legacy/datasets/AMASS_SMPLX_2022/BMLmovi/Subject_42_F_MoSh/Subject_42_F_2_stageii.npz,6.0,1.0,1.0,1333,120.0,11.1,21
view1__BMLmovi__Subject_49_F_MoSh__Subject_49_F_7,view1,/bigdata/users/quansj/datasets/Doppler/wilddoppler/legacy/datasets/AMASS_SMPLX_2022/BMLmovi/Subject_49_F_MoSh/Subject_49_F_7_stageii.npz,6.0,1.0,1.0,1349,120.0,11.233333333333333,21
view1__BMLmovi__Subject_58_F_MoSh__Subject_58_F_16,view1,/bigdata/users/quansj/datasets/Doppler/wilddoppler/legacy/datasets/AMASS_SMPLX_2022/BMLmovi/Subject_58_F_MoSh/Subject_58_F_16_stageii.npz,6.0,1.0,1.0,1325,120.0,11.033333333333333,21
view1__BMLmovi__Subject_61_F_MoSh__Subject_61_F_10,view1,/bigdata/users/quansj/datasets/Doppler/wilddoppler/legacy/datasets/AMASS_SMPLX_2022/BMLmovi/Subject_61_F_MoSh/Subject_61_F_10_stageii.npz,6.0,1.0,1.0,1361,120.0,11.333333333333334,21
view1__BMLmovi__Subject_62_F_MoSh__Subject_62_F_6,view1,/bigdata/users/quansj/datasets/Doppler/wilddoppler/legacy/datasets/AMASS_SMPLX_2022/BMLmovi/Subject_62_F_MoSh/Subject_62_F_6_stageii.npz,6.0,1.0,1.0,1353,120.0,11.266666666666667,21
view1__BMLmovi__Subject_65_F_MoSh__Subject_65_F_4,view1,/bigdata/users/quansj/datasets/Doppler/wilddoppler/legacy/datasets/AMASS_SMPLX_2022/BMLmovi/Subject_65_F_MoSh/Subject_65_F_4_stageii.npz,6.0,1.0,1.0,1329,120.0,11.066666666666666,21
view1__BMLmovi__Subject_66_F_MoSh__Subject_66_F_16,view1,/bigdata/users/quansj/datasets/Doppler/wilddoppler/legacy/datasets/AMASS_SMPLX_2022/BMLmovi/Subject_66_F_MoSh/Subject_66_F_16_stageii.npz,6.0,1.0,1.0,1357,120.0,11.3,21
view1__BMLmovi__Subject_67_F_MoSh__Subject_67_F_21,view1,/bigdata/users/quansj/datasets/Doppler/wilddoppler/legacy/datasets/AMASS_SMPLX_2022/BMLmovi/Subject_67_F_MoSh/Subject_67_F_21_stageii.npz,6.0,1.0,1.0,1349,120.0,11.233333333333333,21
view1__BMLmovi__Subject_67_F_MoSh__Subject_67_F_3,view1,/bigdata/users/quansj/datasets/Doppler/wilddoppler/legacy/datasets/AMASS_SMPLX_2022/BMLmovi/Subject_67_F_MoSh/Subject_67_F_3_stageii.npz,6.0,1.0,1.0,1329,120.0,11.066666666666666,21
view1__BMLmovi__Subject_70_F_MoSh__Subject_70_F_20,view1,/bigdata/users/quansj/datasets/Doppler/wilddoppler/legacy/datasets/AMASS_SMPLX_2022/BMLmovi/Subject_70_F_MoSh/Subject_70_F_20_stageii.npz,6.0,1.0,1.0,1373,120.0,11.433333333333334,21
view1__BMLmovi__Subject_77_F_MoSh__Subject_77_F_9,view1,/bigdata/users/quansj/datasets/Doppler/wilddoppler/legacy/datasets/AMASS_SMPLX_2022/BMLmovi/Subject_77_F_MoSh/Subject_77_F_9_stageii.npz,6.0,1.0,1.0,1345,120.0,11.2,21
view1__BMLmovi__Subject_78_F_MoSh__Subject_78_F_21,view1,/bigdata/users/quansj/datasets/Doppler/wilddoppler/legacy/datasets/AMASS_SMPLX_2022/BMLmovi/Subject_78_F_MoSh/Subject_78_F_21_stageii.npz,6.0,1.0,1.0,1349,120.0,11.233333333333333,21
view1__BMLmovi__Subject_85_F_MoSh__Subject_85_F_14,view1,/bigdata/users/quansj/datasets/Doppler/wilddoppler/legacy/datasets/AMASS_SMPLX_2022/BMLmovi/Subject_85_F_MoSh/Subject_85_F_14_stageii.npz,6.0,1.0,1.0,1329,120.0,11.066666666666666,21
view1__BMLmovi__Subject_88_F_MoSh__Subject_88_F_3,view1,/bigdata/users/quansj/datasets/Doppler/wilddoppler/legacy/datasets/AMASS_SMPLX_2022/BMLmovi/Subject_88_F_MoSh/Subject_88_F_3_stageii.npz,6.0,1.0,1.0,1349,120.0,11.233333333333333,21
view1__BMLmovi__Subject_12_F_MoSh__Subject_12_F_1,view1,/bigdata/users/quansj/datasets/Doppler/wilddoppler/legacy/datasets/AMASS_SMPLX_2022/BMLmovi/Subject_12_F_MoSh/Subject_12_F_1_stageii.npz,6.0,1.0,1.0,1317,120.0,10.966666666666667,20
view1__BMLmovi__Subject_12_F_MoSh__Subject_12_F_3,view1,/bigdata/users/quansj/datasets/Doppler/wilddoppler/legacy/datasets/AMASS_SMPLX_2022/BMLmovi/Subject_12_F_MoSh/Subject_12_F_3_stageii.npz,6.0,1.0,1.0,1305,120.0,10.866666666666667,20
view1__BMLmovi__Subject_24_F_MoSh__Subject_24_F_21,view1,/bigdata/users/quansj/datasets/Doppler/wilddoppler/legacy/datasets/AMASS_SMPLX_2022/BMLmovi/Subject_24_F_MoSh/Subject_24_F_21_stageii.npz,6.0,1.0,1.0,1317,120.0,10.966666666666667,20
view1__BMLmovi__Subject_26_F_MoSh__Subject_26_F_2,view1,/bigdata/users/quansj/datasets/Doppler/wilddoppler/legacy/datasets/AMASS_SMPLX_2022/BMLmovi/Subject_26_F_MoSh/Subject_26_F_2_stageii.npz,6.0,1.0,1.0,1281,120.0,10.666666666666666,20
view1__BMLmovi__Subject_27_F_MoSh__Subject_27_F_5,view1,/bigdata/users/quansj/datasets/Doppler/wilddoppler/legacy/datasets/AMASS_SMPLX_2022/BMLmovi/Subject_27_F_MoSh/Subject_27_F_5_stageii.npz,6.0,1.0,1.0,1269,120.0,10.566666666666666,20
view1__BMLmovi__Subject_28_F_MoSh__Subject_28_F_13,view1,/bigdata/users/quansj/datasets/Doppler/wilddoppler/legacy/datasets/AMASS_SMPLX_2022/BMLmovi/Subject_28_F_MoSh/Subject_28_F_13_stageii.npz,6.0,1.0,1.0,1301,120.0,10.833333333333334,20
view1__BMLmovi__Subject_30_F_MoSh__Subject_30_F_21,view1,/bigdata/users/quansj/datasets/Doppler/wilddoppler/legacy/datasets/AMASS_SMPLX_2022/BMLmovi/Subject_30_F_MoSh/Subject_30_F_21_stageii.npz,6.0,1.0,1.0,1317,120.0,10.966666666666667,20
view1__BMLmovi__Subject_31_F_MoSh__Subject_31_F_20,view1,/bigdata/users/quansj/datasets/Doppler/wilddoppler/legacy/datasets/AMASS_SMPLX_2022/BMLmovi/Subject_31_F_MoSh/Subject_31_F_20_stageii.npz,6.0,1.0,1.0,1289,120.0,10.733333333333333,20
view1__BMLmovi__Subject_35_F_MoSh__Subject_35_F_9,view1,/bigdata/users/quansj/datasets/Doppler/wilddoppler/legacy/datasets/AMASS_SMPLX_2022/BMLmovi/Subject_35_F_MoSh/Subject_35_F_9_stageii.npz,6.0,1.0,1.0,1317,120.0,10.966666666666667,20
view1__BMLmovi__Subject_38_F_MoSh__Subject_38_F_1,view1,/bigdata/users/quansj/datasets/Doppler/wilddoppler/legacy/datasets/AMASS_SMPLX_2022/BMLmovi/Subject_38_F_MoSh/Subject_38_F_1_stageii.npz,6.0,1.0,1.0,1289,120.0,10.733333333333333,20
view1__BMLmovi__Subject_43_F_MoSh__Subject_43_F_6,view1,/bigdata/users/quansj/datasets/Doppler/wilddoppler/legacy/datasets/AMASS_SMPLX_2022/BMLmovi/Subject_43_F_MoSh/Subject_43_F_6_stageii.npz,6.0,1.0,1.0,1265,120.0,10.533333333333333,20
view1__BMLmovi__Subject_44_F_MoSh__Subject_44_F_13,view1,/bigdata/users/quansj/datasets/Doppler/wilddoppler/legacy/datasets/AMASS_SMPLX_2022/BMLmovi/Subject_44_F_MoSh/Subject_44_F_13_stageii.npz,6.0,1.0,1.0,1273,120.0,10.6,20
view1__BMLmovi__Subject_44_F_MoSh__Subject_44_F_6,view1,/bigdata/users/quansj/datasets/Doppler/wilddoppler/legacy/datasets/AMASS_SMPLX_2022/BMLmovi/Subject_44_F_MoSh/Subject_44_F_6_stageii.npz,6.0,1.0,1.0,1265,120.0,10.533333333333333,20
view1__BMLmovi__Subject_45_F_MoSh__Subject_45_F_20,view1,/bigdata/users/quansj/datasets/Doppler/wilddoppler/legacy/datasets/AMASS_SMPLX_2022/BMLmovi/Subject_45_F_MoSh/Subject_45_F_20_stageii.npz,6.0,1.0,1.0,1289,120.0,10.733333333333333,20
view1__BMLmovi__Subject_48_F_MoSh__Subject_48_F_15,view1,/bigdata/users/quansj/datasets/Doppler/wilddoppler/legacy/datasets/AMASS_SMPLX_2022/BMLmovi/Subject_48_F_MoSh/Subject_48_F_15_stageii.npz,6.0,1.0,1.0,1277,120.0,10.633333333333333,20
view1__BMLmovi__Subject_48_F_MoSh__Subject_48_F_21,view1,/bigdata/users/quansj/datasets/Doppler/wilddoppler/legacy/datasets/AMASS_SMPLX_2022/BMLmovi/Subject_48_F_MoSh/Subject_48_F_21_stageii.npz,6.0,1.0,1.0,1293,120.0,10.766666666666667,20
view1__BMLmovi__Subject_49_F_MoSh__Subject_49_F_20,view1,/bigdata/users/quansj/datasets/Doppler/wilddoppler/legacy/datasets/AMASS_SMPLX_2022/BMLmovi/Subject_49_F_MoSh/Subject_49_F_20_stageii.npz,6.0,1.0,1.0,1281,120.0,10.666666666666666,20
view1__BMLmovi__Subject_50_F_MoSh__Subject_50_F_18,view1,/bigdata/users/quansj/datasets/Doppler/wilddoppler/legacy/datasets/AMASS_SMPLX_2022/BMLmovi/Subject_50_F_MoSh/Subject_50_F_18_stageii.npz,6.0,1.0,1.0,1297,120.0,10.8,20
view1__BMLmovi__Subject_50_F_MoSh__Subject_50_F_7,view1,/bigdata/users/quansj/datasets/Doppler/wilddoppler/legacy/datasets/AMASS_SMPLX_2022/BMLmovi/Subject_50_F_MoSh/Subject_50_F_7_stageii.npz,6.0,1.0,1.0,1305,120.0,10.866666666666667,20
view1__BMLmovi__Subject_52_F_MoSh__Subject_52_F_8,view1,/bigdata/users/quansj/datasets/Doppler/wilddoppler/legacy/datasets/AMASS_SMPLX_2022/BMLmovi/Subject_52_F_MoSh/Subject_52_F_8_stageii.npz,6.0,1.0,1.0,1301,120.0,10.833333333333334,20
view1__BMLmovi__Subject_54_F_MoSh__Subject_54_F_13,view1,/bigdata/users/quansj/datasets/Doppler/wilddoppler/legacy/datasets/AMASS_SMPLX_2022/BMLmovi/Subject_54_F_MoSh/Subject_54_F_13_stageii.npz,6.0,1.0,1.0,1273,120.0,10.6,20
view1__BMLmovi__Subject_60_F_MoSh__Subject_60_F_13,view1,/bigdata/users/quansj/datasets/Doppler/wilddoppler/legacy/datasets/AMASS_SMPLX_2022/BMLmovi/Subject_60_F_MoSh/Subject_60_F_13_stageii.npz,6.0,1.0,1.0,1265,120.0,10.533333333333333,20
view1__BMLmovi__Subject_60_F_MoSh__Subject_60_F_1,view1,/bigdata/users/quansj/datasets/Doppler/wilddoppler/legacy/datasets/AMASS_SMPLX_2022/BMLmovi/Subject_60_F_MoSh/Subject_60_F_1_stageii.npz,6.0,1.0,1.0,1317,120.0,10.966666666666667,20
view1__BMLmovi__Subject_61_F_MoSh__Subject_61_F_19,view1,/bigdata/users/quansj/datasets/Doppler/wilddoppler/legacy/datasets/AMASS_SMPLX_2022/BMLmovi/Subject_61_F_MoSh/Subject_61_F_19_stageii.npz,6.0,1.0,1.0,1261,120.0,10.5,20
view1__BMLmovi__Subject_63_F_MoSh__Subject_63_F_11,view1,/bigdata/users/quansj/datasets/Doppler/wilddoppler/legacy/datasets/AMASS_SMPLX_2022/BMLmovi/Subject_63_F_MoSh/Subject_63_F_11_stageii.npz,6.0,1.0,1.0,1289,120.0,10.733333333333333,20
view1__BMLmovi__Subject_64_F_MoSh__Subject_64_F_10,view1,/bigdata/users/quansj/datasets/Doppler/wilddoppler/legacy/datasets/AMASS_SMPLX_2022/BMLmovi/Subject_64_F_MoSh/Subject_64_F_10_stageii.npz,6.0,1.0,1.0,1305,120.0,10.866666666666667,20
view1__BMLmovi__Subject_64_F_MoSh__Subject_64_F_17,view1,/bigdata/users/quansj/datasets/Doppler/wilddoppler/legacy/datasets/AMASS_SMPLX_2022/BMLmovi/Subject_64_F_MoSh/Subject_64_F_17_stageii.npz,6.0,1.0,1.0,1261,120.0,10.5,20
view1__BMLmovi__Subject_65_F_MoSh__Subject_65_F_21,view1,/bigdata/users/quansj/datasets/Doppler/wilddoppler/legacy/datasets/AMASS_SMPLX_2022/BMLmovi/Subject_65_F_MoSh/Subject_65_F_21_stageii.npz,6.0,1.0,1.0,1289,120.0,10.733333333333333,20
view1__BMLmovi__Subject_80_F_MoSh__Subject_80_F_20,view1,/bigdata/users/quansj/datasets/Doppler/wilddoppler/legacy/datasets/AMASS_SMPLX_2022/BMLmovi/Subject_80_F_MoSh/Subject_80_F_20_stageii.npz,6.0,1.0,1.0,1277,120.0,10.633333333333333,20
view1__BMLmovi__Subject_82_F_MoSh__Subject_82_F_12,view1,/bigdata/users/quansj/datasets/Doppler/wilddoppler/legacy/datasets/AMASS_SMPLX_2022/BMLmovi/Subject_82_F_MoSh/Subject_82_F_12_stageii.npz,6.0,1.0,1.0,1277,120.0,10.633333333333333,20
view1__BMLmovi__Subject_82_F_MoSh__Subject_82_F_18,view1,/bigdata/users/quansj/datasets/Doppler/wilddoppler/legacy/datasets/AMASS_SMPLX_2022/BMLmovi/Subject_82_F_MoSh/Subject_82_F_18_stageii.npz,6.0,1.0,1.0,1293,120.0,10.766666666666667,20
view1__BMLmovi__Subject_83_F_MoSh__Subject_83_F_2,view1,/bigdata/users/quansj/datasets/Doppler/wilddoppler/legacy/datasets/AMASS_SMPLX_2022/BMLmovi/Subject_83_F_MoSh/Subject_83_F_2_stageii.npz,6.0,1.0,1.0,1277,120.0,10.633333333333333,20
view1__BMLmovi__Subject_85_F_MoSh__Subject_85_F_13,view1,/bigdata/users/quansj/datasets/Doppler/wilddoppler/legacy/datasets/AMASS_SMPLX_2022/BMLmovi/Subject_85_F_MoSh/Subject_85_F_13_stageii.npz,6.0,1.0,1.0,1277,120.0,10.633333333333333,20
view1__BMLmovi__Subject_14_F_MoSh__Subject_14_F_21,view1,/bigdata/users/quansj/datasets/Doppler/wilddoppler/legacy/datasets/AMASS_SMPLX_2022/BMLmovi/Subject_14_F_MoSh/Subject_14_F_21_stageii.npz,6.0,1.0,1.0,1201,120.0,10.0,19
view1__BMLmovi__Subject_18_F_MoSh__Subject_18_F_6,view1,/bigdata/users/quansj/datasets/Doppler/wilddoppler/legacy/datasets/AMASS_SMPLX_2022/BMLmovi/Subject_18_F_MoSh/Subject_18_F_6_stageii.npz,6.0,1.0,1.0,1201,120.0,10.0,19
view1__BMLmovi__Subject_19_F_MoSh__Subject_19_F_8,view1,/bigdata/users/quansj/datasets/Doppler/wilddoppler/legacy/datasets/AMASS_SMPLX_2022/BMLmovi/Subject_19_F_MoSh/Subject_19_F_8_stageii.npz,6.0,1.0,1.0,1201,120.0,10.0,19
view1__BMLmovi__Subject_24_F_MoSh__Subject_24_F_11,view1,/bigdata/users/quansj/datasets/Doppler/wilddoppler/legacy/datasets/AMASS_SMPLX_2022/BMLmovi/Subject_24_F_MoSh/Subject_24_F_11_stageii.npz,6.0,1.0,1.0,1229,120.0,10.233333333333333,19
view1__BMLmovi__Subject_24_F_MoSh__Subject_24_F_8,view1,/bigdata/users/quansj/datasets/Doppler/wilddoppler/legacy/datasets/AMASS_SMPLX_2022/BMLmovi/Subject_24_F_MoSh/Subject_24_F_8_stageii.npz,6.0,1.0,1.0,1225,120.0,10.2,19
view1__BMLmovi__Subject_26_F_MoSh__Subject_26_F_19,view1,/bigdata/users/quansj/datasets/Doppler/wilddoppler/legacy/datasets/AMASS_SMPLX_2022/BMLmovi/Subject_26_F_MoSh/Subject_26_F_19_stageii.npz,6.0,1.0,1.0,1253,120.0,10.433333333333334,19
view1__BMLmovi__Subject_28_F_MoSh__Subject_28_F_14,view1,/bigdata/users/quansj/datasets/Doppler/wilddoppler/legacy/datasets/AMASS_SMPLX_2022/BMLmovi/Subject_28_F_MoSh/Subject_28_F_14_stageii.npz,6.0,1.0,1.0,1205,120.0,10.033333333333333,19
view1__BMLmovi__Subject_31_F_MoSh__Subject_31_F_12,view1,/bigdata/users/quansj/datasets/Doppler/wilddoppler/legacy/datasets/AMASS_SMPLX_2022/BMLmovi/Subject_31_F_MoSh/Subject_31_F_12_stageii.npz,6.0,1.0,1.0,1237,120.0,10.3,19
view1__BMLmovi__Subject_31_F_MoSh__Subject_31_F_15,view1,/bigdata/users/quansj/datasets/Doppler/wilddoppler/legacy/datasets/AMASS_SMPLX_2022/BMLmovi/Subject_31_F_MoSh/Subject_31_F_15_stageii.npz,6.0,1.0,1.0,1213,120.0,10.1,19
view1__BMLmovi__Subject_32_F_MoSh__Subject_32_F_5,view1,/bigdata/users/quansj/datasets/Doppler/wilddoppler/legacy/datasets/AMASS_SMPLX_2022/BMLmovi/Subject_32_F_MoSh/Subject_32_F_5_stageii.npz,6.0,1.0,1.0,1225,120.0,10.2,19
view1__BMLmovi__Subject_38_F_MoSh__Subject_38_F_14,view1,/bigdata/users/quansj/datasets/Doppler/wilddoppler/legacy/datasets/AMASS_SMPLX_2022/BMLmovi/Subject_38_F_MoSh/Subject_38_F_14_stageii.npz,6.0,1.0,1.0,1253,120.0,10.433333333333334,19
view1__BMLmovi__Subject_39_F_MoSh__Subject_39_F_21,view1,/bigdata/users/quansj/datasets/Doppler/wilddoppler/legacy/datasets/AMASS_SMPLX_2022/BMLmovi/Subject_39_F_MoSh/Subject_39_F_21_stageii.npz,6.0,1.0,1.0,1209,120.0,10.066666666666666,19
view1__BMLmovi__Subject_41_F_MoSh__Subject_41_F_13,view1,/bigdata/users/quansj/datasets/Doppler/wilddoppler/legacy/datasets/AMASS_SMPLX_2022/BMLmovi/Subject_41_F_MoSh/Subject_41_F_13_stageii.npz,6.0,1.0,1.0,1201,120.0,10.0,19
view1__BMLmovi__Subject_41_F_MoSh__Subject_41_F_20,view1,/bigdata/users/quansj/datasets/Doppler/wilddoppler/legacy/datasets/AMASS_SMPLX_2022/BMLmovi/Subject_41_F_MoSh/Subject_41_F_20_stageii.npz,6.0,1.0,1.0,1205,120.0,10.033333333333333,19
view1__BMLmovi__Subject_42_F_MoSh__Subject_42_F_4,view1,/bigdata/users/quansj/datasets/Doppler/wilddoppler/legacy/datasets/AMASS_SMPLX_2022/BMLmovi/Subject_42_F_MoSh/Subject_42_F_4_stageii.npz,6.0,1.0,1.0,1225,120.0,10.2,19
view1__BMLmovi__Subject_42_F_MoSh__Subject_42_F_9,view1,/bigdata/users/quansj/datasets/Doppler/wilddoppler/legacy/datasets/AMASS_SMPLX_2022/BMLmovi/Subject_42_F_MoSh/Subject_42_F_9_stageii.npz,6.0,1.0,1.0,1209,120.0,10.066666666666666,19
view1__BMLmovi__Subject_43_F_MoSh__Subject_43_F_21,view1,/bigdata/users/quansj/datasets/Doppler/wilddoppler/legacy/datasets/AMASS_SMPLX_2022/BMLmovi/Subject_43_F_MoSh/Subject_43_F_21_stageii.npz,6.0,1.0,1.0,1257,120.0,10.466666666666667,19
view1__BMLmovi__Subject_48_F_MoSh__Subject_48_F_16,view1,/bigdata/users/quansj/datasets/Doppler/wilddoppler/legacy/datasets/AMASS_SMPLX_2022/BMLmovi/Subject_48_F_MoSh/Subject_48_F_16_stageii.npz,6.0,1.0,1.0,1253,120.0,10.433333333333334,19
view1__BMLmovi__Subject_48_F_MoSh__Subject_48_F_18,view1,/bigdata/users/quansj/datasets/Doppler/wilddoppler/legacy/datasets/AMASS_SMPLX_2022/BMLmovi/Subject_48_F_MoSh/Subject_48_F_18_stageii.npz,6.0,1.0,1.0,1237,120.0,10.3,19
view1__BMLmovi__Subject_49_F_MoSh__Subject_49_F_14,view1,/bigdata/users/quansj/datasets/Doppler/wilddoppler/legacy/datasets/AMASS_SMPLX_2022/BMLmovi/Subject_49_F_MoSh/Subject_49_F_14_stageii.npz,6.0,1.0,1.0,1201,120.0,10.0,19
view1__BMLmovi__Subject_51_F_MoSh__Subject_51_F_12,view1,/bigdata/users/quansj/datasets/Doppler/wilddoppler/legacy/datasets/AMASS_SMPLX_2022/BMLmovi/Subject_51_F_MoSh/Subject_51_F_12_stageii.npz,6.0,1.0,1.0,1225,120.0,10.2,19
view1__BMLmovi__Subject_53_F_MoSh__Subject_53_F_13,view1,/bigdata/users/quansj/datasets/Doppler/wilddoppler/legacy/datasets/AMASS_SMPLX_2022/BMLmovi/Subject_53_F_MoSh/Subject_53_F_13_stageii.npz,6.0,1.0,1.0,1241,120.0,10.333333333333334,19
view1__BMLmovi__Subject_54_F_MoSh__Subject_54_F_4,view1,/bigdata/users/quansj/datasets/Doppler/wilddoppler/legacy/datasets/AMASS_SMPLX_2022/BMLmovi/Subject_54_F_MoSh/Subject_54_F_4_stageii.npz,6.0,1.0,1.0,1225,120.0,10.2,19
view1__BMLmovi__Subject_55_F_MoSh__Subject_55_F_7,view1,/bigdata/users/quansj/datasets/Doppler/wilddoppler/legacy/datasets/AMASS_SMPLX_2022/BMLmovi/Subject_55_F_MoSh/Subject_55_F_7_stageii.npz,6.0,1.0,1.0,1233,120.0,10.266666666666667,19
view1__BMLmovi__Subject_57_F_MoSh__Subject_57_F_10,view1,/bigdata/users/quansj/datasets/Doppler/wilddoppler/legacy/datasets/AMASS_SMPLX_2022/BMLmovi/Subject_57_F_MoSh/Subject_57_F_10_stageii.npz,6.0,1.0,1.0,1253,120.0,10.433333333333334,19
view1__BMLmovi__Subject_58_F_MoSh__Subject_58_F_4,view1,/bigdata/users/quansj/datasets/Doppler/wilddoppler/legacy/datasets/AMASS_SMPLX_2022/BMLmovi/Subject_58_F_MoSh/Subject_58_F_4_stageii.npz,6.0,1.0,1.0,1245,120.0,10.366666666666667,19
view1__BMLmovi__Subject_61_F_MoSh__Subject_61_F_7,view1,/bigdata/users/quansj/datasets/Doppler/wilddoppler/legacy/datasets/AMASS_SMPLX_2022/BMLmovi/Subject_61_F_MoSh/Subject_61_F_7_stageii.npz,6.0,1.0,1.0,1245,120.0,10.366666666666667,19
view1__BMLmovi__Subject_66_F_MoSh__Subject_66_F_10,view1,/bigdata/users/quansj/datasets/Doppler/wilddoppler/legacy/datasets/AMASS_SMPLX_2022/BMLmovi/Subject_66_F_MoSh/Subject_66_F_10_stageii.npz,6.0,1.0,1.0,1225,120.0,10.2,19
view1__BMLmovi__Subject_66_F_MoSh__Subject_66_F_14,view1,/bigdata/users/quansj/datasets/Doppler/wilddoppler/legacy/datasets/AMASS_SMPLX_2022/BMLmovi/Subject_66_F_MoSh/Subject_66_F_14_stageii.npz,6.0,1.0,1.0,1217,120.0,10.133333333333333,19
view1__BMLmovi__Subject_68_F_MoSh__Subject_68_F_5,view1,/bigdata/users/quansj/datasets/Doppler/wilddoppler/legacy/datasets/AMASS_SMPLX_2022/BMLmovi/Subject_68_F_MoSh/Subject_68_F_5_stageii.npz,6.0,1.0,1.0,1249,120.0,10.4,19
view1__BMLmovi__Subject_69_F_MoSh__Subject_69_F_6,view1,/bigdata/users/quansj/datasets/Doppler/wilddoppler/legacy/datasets/AMASS_SMPLX_2022/BMLmovi/Subject_69_F_MoSh/Subject_69_F_6_stageii.npz,6.0,1.0,1.0,1253,120.0,10.433333333333334,19
view1__BMLmovi__Subject_73_F_MoSh__Subject_73_F_5,view1,/bigdata/users/quansj/datasets/Doppler/wilddoppler/legacy/datasets/AMASS_SMPLX_2022/BMLmovi/Subject_73_F_MoSh/Subject_73_F_5_stageii.npz,6.0,1.0,1.0,1213,120.0,10.1,19
view1__BMLmovi__Subject_74_F_MoSh__Subject_74_F_13,view1,/bigdata/users/quansj/datasets/Doppler/wilddoppler/legacy/datasets/AMASS_SMPLX_2022/BMLmovi/Subject_74_F_MoSh/Subject_74_F_13_stageii.npz,6.0,1.0,1.0,1225,120.0,10.2,19
view1__BMLmovi__Subject_75_F_MoSh__Subject_75_F_7,view1,/bigdata/users/quansj/datasets/Doppler/wilddoppler/legacy/datasets/AMASS_SMPLX_2022/BMLmovi/Subject_75_F_MoSh/Subject_75_F_7_stageii.npz,6.0,1.0,1.0,1213,120.0,10.1,19
view1__BMLmovi__Subject_79_F_MoSh__Subject_79_F_21,view1,/bigdata/users/quansj/datasets/Doppler/wilddoppler/legacy/datasets/AMASS_SMPLX_2022/BMLmovi/Subject_79_F_MoSh/Subject_79_F_21_stageii.npz,6.0,1.0,1.0,1245,120.0,10.366666666666667,19
view1__BMLmovi__Subject_85_F_MoSh__Subject_85_F_2,view1,/bigdata/users/quansj/datasets/Doppler/wilddoppler/legacy/datasets/AMASS_SMPLX_2022/BMLmovi/Subject_85_F_MoSh/Subject_85_F_2_stageii.npz,6.0,1.0,1.0,1257,120.0,10.466666666666667,19
view1__BMLmovi__Subject_86_F_MoSh__Subject_86_F_3,view1,/bigdata/users/quansj/datasets/Doppler/wilddoppler/legacy/datasets/AMASS_SMPLX_2022/BMLmovi/Subject_86_F_MoSh/Subject_86_F_3_stageii.npz,6.0,1.0,1.0,1241,120.0,10.333333333333334,19
view1__BMLmovi__Subject_89_F_MoSh__Subject_89_F_15,view1,/bigdata/users/quansj/datasets/Doppler/wilddoppler/legacy/datasets/AMASS_SMPLX_2022/BMLmovi/Subject_89_F_MoSh/Subject_89_F_15_stageii.npz,6.0,1.0,1.0,1237,120.0,10.3,19
view1__BMLmovi__Subject_90_F_MoSh__Subject_90_F_14,view1,/bigdata/users/quansj/datasets/Doppler/wilddoppler/legacy/datasets/AMASS_SMPLX_2022/BMLmovi/Subject_90_F_MoSh/Subject_90_F_14_stageii.npz,6.0,1.0,1.0,1225,120.0,10.2,19
view1__BMLmovi__Subject_14_F_MoSh__Subject_14_F_10,view1,/bigdata/users/quansj/datasets/Doppler/wilddoppler/legacy/datasets/AMASS_SMPLX_2022/BMLmovi/Subject_14_F_MoSh/Subject_14_F_10_stageii.npz,6.0,1.0,1.0,1193,120.0,9.933333333333334,18
view1__BMLmovi__Subject_20_F_MoSh__Subject_20_F_19,view1,/bigdata/users/quansj/datasets/Doppler/wilddoppler/legacy/datasets/AMASS_SMPLX_2022/BMLmovi/Subject_20_F_MoSh/Subject_20_F_19_stageii.npz,6.0,1.0,1.0,1173,120.0,9.766666666666667,18
view1__BMLmovi__Subject_21_F_MoSh__Subject_21_F_14,view1,/bigdata/users/quansj/datasets/Doppler/wilddoppler/legacy/datasets/AMASS_SMPLX_2022/BMLmovi/Subject_21_F_MoSh/Subject_21_F_14_stageii.npz,6.0,1.0,1.0,1157,120.0,9.633333333333333,18
view1__BMLmovi__Subject_22_F_MoSh__Subject_22_F_1,view1,/bigdata/users/quansj/datasets/Doppler/wilddoppler/legacy/datasets/AMASS_SMPLX_2022/BMLmovi/Subject_22_F_MoSh/Subject_22_F_1_stageii.npz,6.0,1.0,1.0,1169,120.0,9.733333333333333,18
view1__BMLmovi__Subject_26_F_MoSh__Subject_26_F_1,view1,/bigdata/users/quansj/datasets/Doppler/wilddoppler/legacy/datasets/AMASS_SMPLX_2022/BMLmovi/Subject_26_F_MoSh/Subject_26_F_1_stageii.npz,6.0,1.0,1.0,1189,120.0,9.9,18
view1__BMLmovi__Subject_27_F_MoSh__Subject_27_F_17,view1,/bigdata/users/quansj/datasets/Doppler/wilddoppler/legacy/datasets/AMASS_SMPLX_2022/BMLmovi/Subject_27_F_MoSh/Subject_27_F_17_stageii.npz,6.0,1.0,1.0,1185,120.0,9.866666666666667,18
view1__BMLmovi__Subject_28_F_MoSh__Subject_28_F_21,view1,/bigdata/users/quansj/datasets/Doppler/wilddoppler/legacy/datasets/AMASS_SMPLX_2022/BMLmovi/Subject_28_F_MoSh/Subject_28_F_21_stageii.npz,6.0,1.0,1.0,1141,120.0,9.5,18
view1__BMLmovi__Subject_30_F_MoSh__Subject_30_F_14,view1,/bigdata/users/quansj/datasets/Doppler/wilddoppler/legacy/datasets/AMASS_SMPLX_2022/BMLmovi/Subject_30_F_MoSh/Subject_30_F_14_stageii.npz,6.0,1.0,1.0,1181,120.0,9.833333333333334,18
view1__BMLmovi__Subject_31_F_MoSh__Subject_31_F_9,view1,/bigdata/users/quansj/datasets/Doppler/wilddoppler/legacy/datasets/AMASS_SMPLX_2022/BMLmovi/Subject_31_F_MoSh/Subject_31_F_9_stageii.npz,6.0,1.0,1.0,1181,120.0,9.833333333333334,18
view1__BMLmovi__Subject_34_F_MoSh__Subject_34_F_10,view1,/bigdata/users/quansj/datasets/Doppler/wilddoppler/legacy/datasets/AMASS_SMPLX_2022/BMLmovi/Subject_34_F_MoSh/Subject_34_F_10_stageii.npz,6.0,1.0,1.0,1165,120.0,9.7,18
view1__BMLmovi__Subject_34_F_MoSh__Subject_34_F_12,view1,/bigdata/users/quansj/datasets/Doppler/wilddoppler/legacy/datasets/AMASS_SMPLX_2022/BMLmovi/Subject_34_F_MoSh/Subject_34_F_12_stageii.npz,6.0,1.0,1.0,1189,120.0,9.9,18
view1__BMLmovi__Subject_35_F_MoSh__Subject_35_F_4,view1,/bigdata/users/quansj/datasets/Doppler/wilddoppler/legacy/datasets/AMASS_SMPLX_2022/BMLmovi/Subject_35_F_MoSh/Subject_35_F_4_stageii.npz,6.0,1.0,1.0,1177,120.0,9.8,18
view1__BMLmovi__Subject_36_F_MoSh__Subject_36_F_12,view1,/bigdata/users/quansj/datasets/Doppler/wilddoppler/legacy/datasets/AMASS_SMPLX_2022/BMLmovi/Subject_36_F_MoSh/Subject_36_F_12_stageii.npz,6.0,1.0,1.0,1181,120.0,9.833333333333334,18
view1__BMLmovi__Subject_37_F_MoSh__Subject_37_F_16,view1,/bigdata/users/quansj/datasets/Doppler/wilddoppler/legacy/datasets/AMASS_SMPLX_2022/BMLmovi/Subject_37_F_MoSh/Subject_37_F_16_stageii.npz,6.0,1.0,1.0,1197,120.0,9.966666666666667,18
view1__BMLmovi__Subject_38_F_MoSh__Subject_38_F_12,view1,/bigdata/users/quansj/datasets/Doppler/wilddoppler/legacy/datasets/AMASS_SMPLX_2022/BMLmovi/Subject_38_F_MoSh/Subject_38_F_12_stageii.npz,6.0,1.0,1.0,1169,120.0,9.733333333333333,18
view1__BMLmovi__Subject_40_F_MoSh__Subject_40_F_17,view1,/bigdata/users/quansj/datasets/Doppler/wilddoppler/legacy/datasets/AMASS_SMPLX_2022/BMLmovi/Subject_40_F_MoSh/Subject_40_F_17_stageii.npz,6.0,1.0,1.0,1161,120.0,9.666666666666666,18
view1__BMLmovi__Subject_40_F_MoSh__Subject_40_F_8,view1,/bigdata/users/quansj/datasets/Doppler/wilddoppler/legacy/datasets/AMASS_SMPLX_2022/BMLmovi/Subject_40_F_MoSh/Subject_40_F_8_stageii.npz,6.0,1.0,1.0,1189,120.0,9.9,18
view1__BMLmovi__Subject_41_F_MoSh__Subject_41_F_9,view1,/bigdata/users/quansj/datasets/Doppler/wilddoppler/legacy/datasets/AMASS_SMPLX_2022/BMLmovi/Subject_41_F_MoSh/Subject_41_F_9_stageii.npz,6.0,1.0,1.0,1193,120.0,9.933333333333334,18
view1__BMLmovi__Subject_42_F_MoSh__Subject_42_F_13,view1,/bigdata/users/quansj/datasets/Doppler/wilddoppler/legacy/datasets/AMASS_SMPLX_2022/BMLmovi/Subject_42_F_MoSh/Subject_42_F_13_stageii.npz,6.0,1.0,1.0,1197,120.0,9.966666666666667,18
view1__BMLmovi__Subject_42_F_MoSh__Subject_42_F_1,view1,/bigdata/users/quansj/datasets/Doppler/wilddoppler/legacy/datasets/AMASS_SMPLX_2022/BMLmovi/Subject_42_F_MoSh/Subject_42_F_1_stageii.npz,6.0,1.0,1.0,1173,120.0,9.766666666666667,18
view1__BMLmovi__Subject_43_F_MoSh__Subject_43_F_5,view1,/bigdata/users/quansj/datasets/Doppler/wilddoppler/legacy/datasets/AMASS_SMPLX_2022/BMLmovi/Subject_43_F_MoSh/Subject_43_F_5_stageii.npz,6.0,1.0,1.0,1145,120.0,9.533333333333333,18
view1__BMLmovi__Subject_44_F_MoSh__Subject_44_F_11,view1,/bigdata/users/quansj/datasets/Doppler/wilddoppler/legacy/datasets/AMASS_SMPLX_2022/BMLmovi/Subject_44_F_MoSh/Subject_44_F_11_stageii.npz,6.0,1.0,1.0,1169,120.0,9.733333333333333,18
view1__BMLmovi__Subject_45_F_MoSh__Subject_45_F_3,view1,/bigdata/users/quansj/datasets/Doppler/wilddoppler/legacy/datasets/AMASS_SMPLX_2022/BMLmovi/Subject_45_F_MoSh/Subject_45_F_3_stageii.npz,6.0,1.0,1.0,1141,120.0,9.5,18
view1__BMLmovi__Subject_52_F_MoSh__Subject_52_F_2,view1,/bigdata/users/quansj/datasets/Doppler/wilddoppler/legacy/datasets/AMASS_SMPLX_2022/BMLmovi/Subject_52_F_MoSh/Subject_52_F_2_stageii.npz,6.0,1.0,1.0,1149,120.0,9.566666666666666,18
view1__BMLmovi__Subject_53_F_MoSh__Subject_53_F_17,view1,/bigdata/users/quansj/datasets/Doppler/wilddoppler/legacy/datasets/AMASS_SMPLX_2022/BMLmovi/Subject_53_F_MoSh/Subject_53_F_17_stageii.npz,6.0,1.0,1.0,1185,120.0,9.866666666666667,18
view1__BMLmovi__Subject_53_F_MoSh__Subject_53_F_1,view1,/bigdata/users/quansj/datasets/Doppler/wilddoppler/legacy/datasets/AMASS_SMPLX_2022/BMLmovi/Subject_53_F_MoSh/Subject_53_F_1_stageii.npz,6.0,1.0,1.0,1165,120.0,9.7,18
view1__BMLmovi__Subject_54_F_MoSh__Subject_54_F_3,view1,/bigdata/users/quansj/datasets/Doppler/wilddoppler/legacy/datasets/AMASS_SMPLX_2022/BMLmovi/Subject_54_F_MoSh/Subject_54_F_3_stageii.npz,6.0,1.0,1.0,1189,120.0,9.9,18
view1__BMLmovi__Subject_56_F_MoSh__Subject_56_F_12,view1,/bigdata/users/quansj/datasets/Doppler/wilddoppler/legacy/datasets/AMASS_SMPLX_2022/BMLmovi/Subject_56_F_MoSh/Subject_56_F_12_stageii.npz,6.0,1.0,1.0,1177,120.0,9.8,18
view1__BMLmovi__Subject_56_F_MoSh__Subject_56_F_13,view1,/bigdata/users/quansj/datasets/Doppler/wilddoppler/legacy/datasets/AMASS_SMPLX_2022/BMLmovi/Subject_56_F_MoSh/Subject_56_F_13_stageii.npz,6.0,1.0,1.0,1177,120.0,9.8,18
view1__BMLmovi__Subject_57_F_MoSh__Subject_57_F_4,view1,/bigdata/users/quansj/datasets/Doppler/wilddoppler/legacy/datasets/AMASS_SMPLX_2022/BMLmovi/Subject_57_F_MoSh/Subject_57_F_4_stageii.npz,6.0,1.0,1.0,1189,120.0,9.9,18
view1__BMLmovi__Subject_58_F_MoSh__Subject_58_F_3,view1,/bigdata/users/quansj/datasets/Doppler/wilddoppler/legacy/datasets/AMASS_SMPLX_2022/BMLmovi/Subject_58_F_MoSh/Subject_58_F_3_stageii.npz,6.0,1.0,1.0,1141,120.0,9.5,18
view1__BMLmovi__Subject_59_F_MoSh__Subject_59_F_13,view1,/bigdata/users/quansj/datasets/Doppler/wilddoppler/legacy/datasets/AMASS_SMPLX_2022/BMLmovi/Subject_59_F_MoSh/Subject_59_F_13_stageii.npz,6.0,1.0,1.0,1177,120.0,9.8,18
view1__BMLmovi__Subject_59_F_MoSh__Subject_59_F_3,view1,/bigdata/users/quansj/datasets/Doppler/wilddoppler/legacy/datasets/AMASS_SMPLX_2022/BMLmovi/Subject_59_F_MoSh/Subject_59_F_3_stageii.npz,6.0,1.0,1.0,1157,120.0,9.633333333333333,18
view1__BMLmovi__Subject_60_F_MoSh__Subject_60_F_20,view1,/bigdata/users/quansj/datasets/Doppler/wilddoppler/legacy/datasets/AMASS_SMPLX_2022/BMLmovi/Subject_60_F_MoSh/Subject_60_F_20_stageii.npz,6.0,1.0,1.0,1141,120.0,9.5,18
view1__BMLmovi__Subject_62_F_MoSh__Subject_62_F_20,view1,/bigdata/users/quansj/datasets/Doppler/wilddoppler/legacy/datasets/AMASS_SMPLX_2022/BMLmovi/Subject_62_F_MoSh/Subject_62_F_20_stageii.npz,6.0,1.0,1.0,1189,120.0,9.9,18
view1__BMLmovi__Subject_63_F_MoSh__Subject_63_F_10,view1,/bigdata/users/quansj/datasets/Doppler/wilddoppler/legacy/datasets/AMASS_SMPLX_2022/BMLmovi/Subject_63_F_MoSh/Subject_63_F_10_stageii.npz,6.0,1.0,1.0,1153,120.0,9.6,18
view1__BMLmovi__Subject_63_F_MoSh__Subject_63_F_21,view1,/bigdata/users/quansj/datasets/Doppler/wilddoppler/legacy/datasets/AMASS_SMPLX_2022/BMLmovi/Subject_63_F_MoSh/Subject_63_F_21_stageii.npz,6.0,1.0,1.0,1141,120.0,9.5,18
view1__BMLmovi__Subject_63_F_MoSh__Subject_63_F_5,view1,/bigdata/users/quansj/datasets/Doppler/wilddoppler/legacy/datasets/AMASS_SMPLX_2022/BMLmovi/Subject_63_F_MoSh/Subject_63_F_5_stageii.npz,6.0,1.0,1.0,1185,120.0,9.866666666666667,18
view1__BMLmovi__Subject_64_F_MoSh__Subject_64_F_9,view1,/bigdata/users/quansj/datasets/Doppler/wilddoppler/legacy/datasets/AMASS_SMPLX_2022/BMLmovi/Subject_64_F_MoSh/Subject_64_F_9_stageii.npz,6.0,1.0,1.0,1197,120.0,9.966666666666667,18
view1__BMLmovi__Subject_71_F_MoSh__Subject_71_F_19,view1,/bigdata/users/quansj/datasets/Doppler/wilddoppler/legacy/datasets/AMASS_SMPLX_2022/BMLmovi/Subject_71_F_MoSh/Subject_71_F_19_stageii.npz,6.0,1.0,1.0,1161,120.0,9.666666666666666,18
view1__BMLmovi__Subject_73_F_MoSh__Subject_73_F_18,view1,/bigdata/users/quansj/datasets/Doppler/wilddoppler/legacy/datasets/AMASS_SMPLX_2022/BMLmovi/Subject_73_F_MoSh/Subject_73_F_18_stageii.npz,6.0,1.0,1.0,1141,120.0,9.5,18
view1__BMLmovi__Subject_73_F_MoSh__Subject_73_F_21,view1,/bigdata/users/quansj/datasets/Doppler/wilddoppler/legacy/datasets/AMASS_SMPLX_2022/BMLmovi/Subject_73_F_MoSh/Subject_73_F_21_stageii.npz,6.0,1.0,1.0,1161,120.0,9.666666666666666,18
view1__BMLmovi__Subject_73_F_MoSh__Subject_73_F_3,view1,/bigdata/users/quansj/datasets/Doppler/wilddoppler/legacy/datasets/AMASS_SMPLX_2022/BMLmovi/Subject_73_F_MoSh/Subject_73_F_3_stageii.npz,6.0,1.0,1.0,1197,120.0,9.966666666666667,18
view1__BMLmovi__Subject_74_F_MoSh__Subject_74_F_10,view1,/bigdata/users/quansj/datasets/Doppler/wilddoppler/legacy/datasets/AMASS_SMPLX_2022/BMLmovi/Subject_74_F_MoSh/Subject_74_F_10_stageii.npz,6.0,1.0,1.0,1189,120.0,9.9,18
view1__BMLmovi__Subject_76_F_MoSh__Subject_76_F_14,view1,/bigdata/users/quansj/datasets/Doppler/wilddoppler/legacy/datasets/AMASS_SMPLX_2022/BMLmovi/Subject_76_F_MoSh/Subject_76_F_14_stageii.npz,6.0,1.0,1.0,1197,120.0,9.966666666666667,18
view1__BMLmovi__Subject_86_F_MoSh__Subject_86_F_11,view1,/bigdata/users/quansj/datasets/Doppler/wilddoppler/legacy/datasets/AMASS_SMPLX_2022/BMLmovi/Subject_86_F_MoSh/Subject_86_F_11_stageii.npz,6.0,1.0,1.0,1169,120.0,9.733333333333333,18
view1__BMLmovi__Subject_89_F_MoSh__Subject_89_F_8,view1,/bigdata/users/quansj/datasets/Doppler/wilddoppler/legacy/datasets/AMASS_SMPLX_2022/BMLmovi/Subject_89_F_MoSh/Subject_89_F_8_stageii.npz,6.0,1.0,1.0,1153,120.0,9.6,18
view1__BMLmovi__Subject_13_F_MoSh__Subject_13_F_3,view1,/bigdata/users/quansj/datasets/Doppler/wilddoppler/legacy/datasets/AMASS_SMPLX_2022/BMLmovi/Subject_13_F_MoSh/Subject_13_F_3_stageii.npz,6.0,1.0,1.0,1097,120.0,9.133333333333333,17
view1__BMLmovi__Subject_15_F_MoSh__Subject_15_F_16,view1,/bigdata/users/quansj/datasets/Doppler/wilddoppler/legacy/datasets/AMASS_SMPLX_2022/BMLmovi/Subject_15_F_MoSh/Subject_15_F_16_stageii.npz,6.0,1.0,1.0,1085,120.0,9.033333333333333,17
view1__BMLmovi__Subject_15_F_MoSh__Subject_15_F_2,view1,/bigdata/users/quansj/datasets/Doppler/wilddoppler/legacy/datasets/AMASS_SMPLX_2022/BMLmovi/Subject_15_F_MoSh/Subject_15_F_2_stageii.npz,6.0,1.0,1.0,1137,120.0,9.466666666666667,17
view1__BMLmovi__Subject_16_F_MoSh__Subject_16_F_1,view1,/bigdata/users/quansj/datasets/Doppler/wilddoppler/legacy/datasets/AMASS_SMPLX_2022/BMLmovi/Subject_16_F_MoSh/Subject_16_F_1_stageii.npz,6.0,1.0,1.0,1097,120.0,9.133333333333333,17
view1__BMLmovi__Subject_18_F_MoSh__Subject_18_F_15,view1,/bigdata/users/quansj/datasets/Doppler/wilddoppler/legacy/datasets/AMASS_SMPLX_2022/BMLmovi/Subject_18_F_MoSh/Subject_18_F_15_stageii.npz,6.0,1.0,1.0,1113,120.0,9.266666666666667,17
view1__BMLmovi__Subject_18_F_MoSh__Subject_18_F_7,view1,/bigdata/users/quansj/datasets/Doppler/wilddoppler/legacy/datasets/AMASS_SMPLX_2022/BMLmovi/Subject_18_F_MoSh/Subject_18_F_7_stageii.npz,6.0,1.0,1.0,1133,120.0,9.433333333333334,17
view1__BMLmovi__Subject_19_F_MoSh__Subject_19_F_17,view1,/bigdata/users/quansj/datasets/Doppler/wilddoppler/legacy/datasets/AMASS_SMPLX_2022/BMLmovi/Subject_19_F_MoSh/Subject_19_F_17_stageii.npz,6.0,1.0,1.0,1081,120.0,9.0,17
view1__BMLmovi__Subject_1_F_MoSh__Subject_1_F_17,view1,/bigdata/users/quansj/datasets/Doppler/wilddoppler/legacy/datasets/AMASS_SMPLX_2022/BMLmovi/Subject_1_F_MoSh/Subject_1_F_17_stageii.npz,6.0,1.0,1.0,1109,120.0,9.233333333333333,17
view1__BMLmovi__Subject_20_F_MoSh__Subject_20_F_3,view1,/bigdata/users/quansj/datasets/Doppler/wilddoppler/legacy/datasets/AMASS_SMPLX_2022/BMLmovi/Subject_20_F_MoSh/Subject_20_F_3_stageii.npz,6.0,1.0,1.0,1109,120.0,9.233333333333333,17
view1__BMLmovi__Subject_22_F_MoSh__Subject_22_F_13,view1,/bigdata/users/quansj/datasets/Doppler/wilddoppler/legacy/datasets/AMASS_SMPLX_2022/BMLmovi/Subject_22_F_MoSh/Subject_22_F_13_stageii.npz,6.0,1.0,1.0,1121,120.0,9.333333333333334,17
view1__BMLmovi__Subject_22_F_MoSh__Subject_22_F_15,view1,/bigdata/users/quansj/datasets/Doppler/wilddoppler/legacy/datasets/AMASS_SMPLX_2022/BMLmovi/Subject_22_F_MoSh/Subject_22_F_15_stageii.npz,6.0,1.0,1.0,1105,120.0,9.2,17
view1__BMLmovi__Subject_23_F_MoSh__Subject_23_F_14,view1,/bigdata/users/quansj/datasets/Doppler/wilddoppler/legacy/datasets/AMASS_SMPLX_2022/BMLmovi/Subject_23_F_MoSh/Subject_23_F_14_stageii.npz,6.0,1.0,1.0,1133,120.0,9.433333333333334,17
view1__BMLmovi__Subject_26_F_MoSh__Subject_26_F_18,view1,/bigdata/users/quansj/datasets/Doppler/wilddoppler/legacy/datasets/AMASS_SMPLX_2022/BMLmovi/Subject_26_F_MoSh/Subject_26_F_18_stageii.npz,6.0,1.0,1.0,1101,120.0,9.166666666666666,17
view1__BMLmovi__Subject_29_F_MoSh__Subject_29_F_1,view1,/bigdata/users/quansj/datasets/Doppler/wilddoppler/legacy/datasets/AMASS_SMPLX_2022/BMLmovi/Subject_29_F_MoSh/Subject_29_F_1_stageii.npz,6.0,1.0,1.0,1109,120.0,9.233333333333333,17
view1__BMLmovi__Subject_34_F_MoSh__Subject_34_F_18,view1,/bigdata/users/quansj/datasets/Doppler/wilddoppler/legacy/datasets/AMASS_SMPLX_2022/BMLmovi/Subject_34_F_MoSh/Subject_34_F_18_stageii.npz,6.0,1.0,1.0,1117,120.0,9.3,17
view1__BMLmovi__Subject_35_F_MoSh__Subject_35_F_21,view1,/bigdata/users/quansj/datasets/Doppler/wilddoppler/legacy/datasets/AMASS_SMPLX_2022/BMLmovi/Subject_35_F_MoSh/Subject_35_F_21_stageii.npz,6.0,1.0,1.0,1097,120.0,9.133333333333333,17
view1__BMLmovi__Subject_36_F_MoSh__Subject_36_F_2,view1,/bigdata/users/quansj/datasets/Doppler/wilddoppler/legacy/datasets/AMASS_SMPLX_2022/BMLmovi/Subject_36_F_MoSh/Subject_36_F_2_stageii.npz,6.0,1.0,1.0,1081,120.0,9.0,17
view1__BMLmovi__Subject_38_F_MoSh__Subject_38_F_2,view1,/bigdata/users/quansj/datasets/Doppler/wilddoppler/legacy/datasets/AMASS_SMPLX_2022/BMLmovi/Subject_38_F_MoSh/Subject_38_F_2_stageii.npz,6.0,1.0,1.0,1105,120.0,9.2,17
view1__BMLmovi__Subject_40_F_MoSh__Subject_40_F_5,view1,/bigdata/users/quansj/datasets/Doppler/wilddoppler/legacy/datasets/AMASS_SMPLX_2022/BMLmovi/Subject_40_F_MoSh/Subject_40_F_5_stageii.npz,6.0,1.0,1.0,1137,120.0,9.466666666666667,17
view1__BMLmovi__Subject_41_F_MoSh__Subject_41_F_21,view1,/bigdata/users/quansj/datasets/Doppler/wilddoppler/legacy/datasets/AMASS_SMPLX_2022/BMLmovi/Subject_41_F_MoSh/Subject_41_F_21_stageii.npz,6.0,1.0,1.0,1121,120.0,9.333333333333334,17
view1__BMLmovi__Subject_42_F_MoSh__Subject_42_F_15,view1,/bigdata/users/quansj/datasets/Doppler/wilddoppler/legacy/datasets/AMASS_SMPLX_2022/BMLmovi/Subject_42_F_MoSh/Subject_42_F_15_stageii.npz,6.0,1.0,1.0,1109,120.0,9.233333333333333,17
view1__BMLmovi__Subject_42_F_MoSh__Subject_42_F_21,view1,/bigdata/users/quansj/datasets/Doppler/wilddoppler/legacy/datasets/AMASS_SMPLX_2022/BMLmovi/Subject_42_F_MoSh/Subject_42_F_21_stageii.npz,6.0,1.0,1.0,1081,120.0,9.0,17
view1__BMLmovi__Subject_43_F_MoSh__Subject_43_F_11,view1,/bigdata/users/quansj/datasets/Doppler/wilddoppler/legacy/datasets/AMASS_SMPLX_2022/BMLmovi/Subject_43_F_MoSh/Subject_43_F_11_stageii.npz,6.0,1.0,1.0,1109,120.0,9.233333333333333,17
view1__BMLmovi__Subject_44_F_MoSh__Subject_44_F_18,view1,/bigdata/users/quansj/datasets/Doppler/wilddoppler/legacy/datasets/AMASS_SMPLX_2022/BMLmovi/Subject_44_F_MoSh/Subject_44_F_18_stageii.npz,6.0,1.0,1.0,1101,120.0,9.166666666666666,17
view1__BMLmovi__Subject_46_F_MoSh__Subject_46_F_12,view1,/bigdata/users/quansj/datasets/Doppler/wilddoppler/legacy/datasets/AMASS_SMPLX_2022/BMLmovi/Subject_46_F_MoSh/Subject_46_F_12_stageii.npz,6.0,1.0,1.0,1125,120.0,9.366666666666667,17
view1__BMLmovi__Subject_46_F_MoSh__Subject_46_F_15,view1,/bigdata/users/quansj/datasets/Doppler/wilddoppler/legacy/datasets/AMASS_SMPLX_2022/BMLmovi/Subject_46_F_MoSh/Subject_46_F_15_stageii.npz,6.0,1.0,1.0,1137,120.0,9.466666666666667,17
view1__BMLmovi__Subject_46_F_MoSh__Subject_46_F_21,view1,/bigdata/users/quansj/datasets/Doppler/wilddoppler/legacy/datasets/AMASS_SMPLX_2022/BMLmovi/Subject_46_F_MoSh/Subject_46_F_21_stageii.npz,6.0,1.0,1.0,1137,120.0,9.466666666666667,17
view1__BMLmovi__Subject_47_F_MoSh__Subject_47_F_20,view1,/bigdata/users/quansj/datasets/Doppler/wilddoppler/legacy/datasets/AMASS_SMPLX_2022/BMLmovi/Subject_47_F_MoSh/Subject_47_F_20_stageii.npz,6.0,1.0,1.0,1089,120.0,9.066666666666666,17
view1__BMLmovi__Subject_47_F_MoSh__Subject_47_F_3,view1,/bigdata/users/quansj/datasets/Doppler/wilddoppler/legacy/datasets/AMASS_SMPLX_2022/BMLmovi/Subject_47_F_MoSh/Subject_47_F_3_stageii.npz,6.0,1.0,1.0,1105,120.0,9.2,17
view1__BMLmovi__Subject_47_F_MoSh__Subject_47_F_8,view1,/bigdata/users/quansj/datasets/Doppler/wilddoppler/legacy/datasets/AMASS_SMPLX_2022/BMLmovi/Subject_47_F_MoSh/Subject_47_F_8_stageii.npz,6.0,1.0,1.0,1117,120.0,9.3,17
view1__BMLmovi__Subject_48_F_MoSh__Subject_48_F_19,view1,/bigdata/users/quansj/datasets/Doppler/wilddoppler/legacy/datasets/AMASS_SMPLX_2022/BMLmovi/Subject_48_F_MoSh/Subject_48_F_19_stageii.npz,6.0,1.0,1.0,1097,120.0,9.133333333333333,17
view1__BMLmovi__Subject_50_F_MoSh__Subject_50_F_11,view1,/bigdata/users/quansj/datasets/Doppler/wilddoppler/legacy/datasets/AMASS_SMPLX_2022/BMLmovi/Subject_50_F_MoSh/Subject_50_F_11_stageii.npz,6.0,1.0,1.0,1085,120.0,9.033333333333333,17
view1__BMLmovi__Subject_51_F_MoSh__Subject_51_F_10,view1,/bigdata/users/quansj/datasets/Doppler/wilddoppler/legacy/datasets/AMASS_SMPLX_2022/BMLmovi/Subject_51_F_MoSh/Subject_51_F_10_stageii.npz,6.0,1.0,1.0,1085,120.0,9.033333333333333,17
view1__BMLmovi__Subject_51_F_MoSh__Subject_51_F_4,view1,/bigdata/users/quansj/datasets/Doppler/wilddoppler/legacy/datasets/AMASS_SMPLX_2022/BMLmovi/Subject_51_F_MoSh/Subject_51_F_4_stageii.npz,6.0,1.0,1.0,1089,120.0,9.066666666666666,17
view1__BMLmovi__Subject_54_F_MoSh__Subject_54_F_16,view1,/bigdata/users/quansj/datasets/Doppler/wilddoppler/legacy/datasets/AMASS_SMPLX_2022/BMLmovi/Subject_54_F_MoSh/Subject_54_F_16_stageii.npz,6.0,1.0,1.0,1129,120.0,9.4,17
view1__BMLmovi__Subject_54_F_MoSh__Subject_54_F_19,view1,/bigdata/users/quansj/datasets/Doppler/wilddoppler/legacy/datasets/AMASS_SMPLX_2022/BMLmovi/Subject_54_F_MoSh/Subject_54_F_19_stageii.npz,6.0,1.0,1.0,1133,120.0,9.433333333333334,17
view1__BMLmovi__Subject_56_F_MoSh__Subject_56_F_8,view1,/bigdata/users/quansj/datasets/Doppler/wilddoppler/legacy/datasets/AMASS_SMPLX_2022/BMLmovi/Subject_56_F_MoSh/Subject_56_F_8_stageii.npz,6.0,1.0,1.0,1089,120.0,9.066666666666666,17
view1__BMLmovi__Subject_57_F_MoSh__Subject_57_F_3,view1,/bigdata/users/quansj/datasets/Doppler/wilddoppler/legacy/datasets/AMASS_SMPLX_2022/BMLmovi/Subject_57_F_MoSh/Subject_57_F_3_stageii.npz,6.0,1.0,1.0,1129,120.0,9.4,17
view1__BMLmovi__Subject_58_F_MoSh__Subject_58_F_10,view1,/bigdata/users/quansj/datasets/Doppler/wilddoppler/legacy/datasets/AMASS_SMPLX_2022/BMLmovi/Subject_58_F_MoSh/Subject_58_F_10_stageii.npz,6.0,1.0,1.0,1093,120.0,9.1,17
view1__BMLmovi__Subject_58_F_MoSh__Subject_58_F_13,view1,/bigdata/users/quansj/datasets/Doppler/wilddoppler/legacy/datasets/AMASS_SMPLX_2022/BMLmovi/Subject_58_F_MoSh/Subject_58_F_13_stageii.npz,6.0,1.0,1.0,1129,120.0,9.4,17
view1__BMLmovi__Subject_58_F_MoSh__Subject_58_F_6,view1,/bigdata/users/quansj/datasets/Doppler/wilddoppler/legacy/datasets/AMASS_SMPLX_2022/BMLmovi/Subject_58_F_MoSh/Subject_58_F_6_stageii.npz,6.0,1.0,1.0,1097,120.0,9.133333333333333,17
view1__BMLmovi__Subject_59_F_MoSh__Subject_59_F_1,view1,/bigdata/users/quansj/datasets/Doppler/wilddoppler/legacy/datasets/AMASS_SMPLX_2022/BMLmovi/Subject_59_F_MoSh/Subject_59_F_1_stageii.npz,6.0,1.0,1.0,1121,120.0,9.333333333333334,17
view1__BMLmovi__Subject_5_F_MoSh__Subject_5_F_21,view1,/bigdata/users/quansj/datasets/Doppler/wilddoppler/legacy/datasets/AMASS_SMPLX_2022/BMLmovi/Subject_5_F_MoSh/Subject_5_F_21_stageii.npz,6.0,1.0,1.0,1085,120.0,9.033333333333333,17
view1__BMLmovi__Subject_62_F_MoSh__Subject_62_F_16,view1,/bigdata/users/quansj/datasets/Doppler/wilddoppler/legacy/datasets/AMASS_SMPLX_2022/BMLmovi/Subject_62_F_MoSh/Subject_62_F_16_stageii.npz,6.0,1.0,1.0,1105,120.0,9.2,17
view1__BMLmovi__Subject_64_F_MoSh__Subject_64_F_16,view1,/bigdata/users/quansj/datasets/Doppler/wilddoppler/legacy/datasets/AMASS_SMPLX_2022/BMLmovi/Subject_64_F_MoSh/Subject_64_F_16_stageii.npz,6.0,1.0,1.0,1085,120.0,9.033333333333333,17
view1__BMLmovi__Subject_65_F_MoSh__Subject_65_F_14,view1,/bigdata/users/quansj/datasets/Doppler/wilddoppler/legacy/datasets/AMASS_SMPLX_2022/BMLmovi/Subject_65_F_MoSh/Subject_65_F_14_stageii.npz,6.0,1.0,1.0,1081,120.0,9.0,17
view1__BMLmovi__Subject_65_F_MoSh__Subject_65_F_18,view1,/bigdata/users/quansj/datasets/Doppler/wilddoppler/legacy/datasets/AMASS_SMPLX_2022/BMLmovi/Subject_65_F_MoSh/Subject_65_F_18_stageii.npz,6.0,1.0,1.0,1093,120.0,9.1,17
view1__BMLmovi__Subject_68_F_MoSh__Subject_68_F_3,view1,/bigdata/users/quansj/datasets/Doppler/wilddoppler/legacy/datasets/AMASS_SMPLX_2022/BMLmovi/Subject_68_F_MoSh/Subject_68_F_3_stageii.npz,6.0,1.0,1.0,1129,120.0,9.4,17
view1__BMLmovi__Subject_69_F_MoSh__Subject_69_F_14,view1,/bigdata/users/quansj/datasets/Doppler/wilddoppler/legacy/datasets/AMASS_SMPLX_2022/BMLmovi/Subject_69_F_MoSh/Subject_69_F_14_stageii.npz,6.0,1.0,1.0,1097,120.0,9.133333333333333,17
view1__BMLmovi__Subject_72_F_MoSh__Subject_72_F_1,view1,/bigdata/users/quansj/datasets/Doppler/wilddoppler/legacy/datasets/AMASS_SMPLX_2022/BMLmovi/Subject_72_F_MoSh/Subject_72_F_1_stageii.npz,6.0,1.0,1.0,1129,120.0,9.4,17
view1__BMLmovi__Subject_72_F_MoSh__Subject_72_F_20,view1,/bigdata/users/quansj/datasets/Doppler/wilddoppler/legacy/datasets/AMASS_SMPLX_2022/BMLmovi/Subject_72_F_MoSh/Subject_72_F_20_stageii.npz,6.0,1.0,1.0,1081,120.0,9.0,17
